name,address,lat,lon,note,google_maps_url,feature_id,kg_id,added_by,list_title,list_id,emoji,category,status,source_lists,source_list_ids,tourism_tier,drop_reason
Art & Wine Studios and Apts,"Zinonos Kitieos 120, Street 6022, Cyprus",34.9133174,33.6362606,,https://www.google.com/maps?ftid=0x14e082a3c7e4e873:0x825fef9a50d04fbf,0x14e082a3c7e4e873:0x825fef9a50d04fbf,/g/11g9jhqrn6,Zach J.,Cyprus Places,op1yFHMtopjnsWL6BEbTl-cVqS5sDg,🎨,art,visited,Cyprus Places,op1yFHMtopjnsWL6BEbTl-cVqS5sDg,core,
Art-o-mat,,36.109873,-115.17371809999999,,https://www.google.com/maps?ftid=0x80c8c56446acf641:0xb2f436d9e69601a7,0x80c8c56446acf641:0xb2f436d9e69601a7,,Zach J.,Las Vegas & Beyond,s8jsj3Ck0g54qiNSl6LBxHqr130VlA,🎨,art,visited,Las Vegas & Beyond,s8jsj3Ck0g54qiNSl6LBxHqr130VlA,core,
Bangkok Art and Culture Centre,"939 Rama I Rd, Wang Mai, Pathum Wan, Bangkok 10330",13.746737,100.53021659999999,,https://www.google.com/maps?ftid=0x30e29ecd506f6c7d:0x1ed0028ba796150b,0x30e29ecd506f6c7d:0x1ed0028ba796150b,/m/043rs1m,Zach J.,Thailand Places,8ZLYjtP28NdeHaxAFNWuqLewhbemIw,🎨,art,visited,Thailand Places,8ZLYjtP28NdeHaxAFNWuqLewhbemIw,core,
"Banksy ""Hammer Boy"" Mural","233 W 79th St, New York, NY 10024, United States",40.7837592,-73.979471,,https://www.google.com/maps?ftid=0x89c258888656e423:0x7a697d04e7f14b7d,0x89c258888656e423:0x7a697d04e7f14b7d,/g/11bwfk4dsw,Zach J.,"New York, New York",m7FS_hkzSJJEPgD5o0716tZ4PbE9XQ,🎨,art,visited,"New York, New York",m7FS_hkzSJJEPgD5o0716tZ4PbE9XQ,core,
Juno DJ & Studio,"9 Greenland St, London NW1 0ND, United Kingdom",51.538255,-0.141252,For audio equipment,https://www.google.com/maps?ftid=0x48761ae02a7bda09:0xa4d2a726fe32936b,0x48761ae02a7bda09:0xa4d2a726fe32936b,/g/1hdzx0ds9,Zach J.,London (The British One),Dc1pjbzURxS4lLc15TJmfg,🎨,art,visited,London (The British One),Dc1pjbzURxS4lLc15TJmfg,core,
"Mural ""Now Freedom"" by Paint Hunters","Produkty, Ihorivska St, ул., 16, Kyiv, Ukraine, 01001",50.4611885,30.5247486,,https://www.google.com/maps?ftid=0x40d4cf00085c4fb9:0x6fcfd2a7757e66a7,0x40d4cf00085c4fb9:0x6fcfd2a7757e66a7,/g/11vz8zdt74,Zach J.,Ukraine Places,rtZlzg3DJ3HuV0pqVKIPqr7kz2er6A,🎨,art,visited,Ukraine Places,rtZlzg3DJ3HuV0pqVKIPqr7kz2er6A,core,
"Mural - Ludwik Zamenhof, Esperanto","Ludwika Zamenhofa 26, 15-435 Białystok, Poland",53.1347713,23.161165099999998,Esperanto mural where Ludwig used to live.,https://www.google.com/maps?ftid=0x471ffc1b0e84aa71:0xbb3d76bee3178cca,0x471ffc1b0e84aa71:0xbb3d76bee3178cca,/g/11d_d5mjsc,Zach J.,Poland Places,rJiYI8AwTOeCZ372vYFwILDmTQWZ1w,🎨,art,visited,Poland Places,rJiYI8AwTOeCZ372vYFwILDmTQWZ1w,core,
The Art Institute of Chicago,"111 S Michigan Ave, Chicago, IL 60603, United States",41.8796031,-87.6223504,,https://www.google.com/maps?ftid=0x880e2ca3e2d94695:0x4829f3cc9ca2d0de,0x880e2ca3e2d94695:0x4829f3cc9ca2d0de,/m/027hqc_,Zach J.,Illinois Places,jvmK2Q-VUEhCXxu8GrJbdro33fvGTw,🎨,art,visited,Illinois Places,jvmK2Q-VUEhCXxu8GrJbdro33fvGTw,core,
"The Official Simpsons Mural, Springfield Oregon","500 Main St, Springfield, OR 97477, United States",44.046461099999995,-123.01946009999999,Cue the music.,https://www.google.com/maps?ftid=0x54c0e173241245c9:0xd09a434606a23a46,0x54c0e173241245c9:0xd09a434606a23a46,/g/11h6sy4x2v,Zach J.,O-re-going Places,uPOFXqj2oXs8EjysOzM2PTCFTrpdog,🎨,art,visited,O-re-going Places,uPOFXqj2oXs8EjysOzM2PTCFTrpdog,core,
Beach Mall,"1971 Queen St E, Toronto, ON M4L 1H9",43.6696739,-79.30124769999999,Retro mall,https://www.google.com/maps?ftid=0x89d4cbf803682b51:0xcda7de6c012ba975,0x89d4cbf803682b51:0xcda7de6c012ba975,/g/11c209nttv,Zach J.,Churono,_Goa88wVSLuG5ntawKc2cw,🏖️,beach,visited,Churono,_Goa88wVSLuG5ntawKc2cw,core,
Cove House,"8030 Girard Ave, La Jolla, CA 92037, United States",32.8484164,-117.2745171,Get the burger.,https://www.google.com/maps?ftid=0x80dc032a93802145:0xa7262764d2da672e,0x80dc032a93802145:0xa7262764d2da672e,/g/11h6r4_67f,Zach J.,California Places,aTaCY8tke-6jFT8XQ0SVYBXQZ4k60Q,🏖️,beach,visited,California Places,aTaCY8tke-6jFT8XQ0SVYBXQZ4k60Q,core,
English Bay Beach,"Beach Ave, Vancouver, BC V6C 3C1",49.286311399999995,-123.1434865,,https://www.google.com/maps?ftid=0x5486722f68e4acf3:0x2e8b93c8034168e0,0x5486722f68e4acf3:0x2e8b93c8034168e0,/g/1234cz5tk,Zach J.,BC Places,J-HTPTrrRB2hdSQ_jx2gvA,🏖️,beach,visited,BC Places,J-HTPTrrRB2hdSQ_jx2gvA,core,
Gwangalli Beach,"Gwangalli Beach, Busan",35.1531696,129.118666,,https://www.google.com/maps?ftid=0x3568ed2f27c70ec7:0xff6df0e14d9216fb,0x3568ed2f27c70ec7:0xff6df0e14d9216fb,/m/03hp9yc,Zach J.,South Korea Places,eq-jX2C0L9Am26jRVNLfIlkd0WnWLw,🏖️,beach,visited,South Korea Places,eq-jX2C0L9Am26jRVNLfIlkd0WnWLw,core,
Juno Beach,"Juno Beach, France",49.3357502,-0.4525844,Canadain D-Day landings,https://www.google.com/maps?ftid=0x480a58c8ce54c08d:0xd3f21873403f5a7b,0x480a58c8ce54c08d:0xd3f21873403f5a7b,/m/0gc66,Zach J.,France,1a9PFoaE6QmGPm2JEsIX4DjQqMe7dQ,🏖️,beach,visited,France,1a9PFoaE6QmGPm2JEsIX4DjQqMe7dQ,core,
Juno Beach Centre,"Voie des Français Libres, 14470 Courseulles-sur-Mer, France",49.33647,-0.461667,,https://www.google.com/maps?ftid=0x480a58eed01fe9a7:0x304cfca5d632b1c,0x480a58eed01fe9a7:0x304cfca5d632b1c,/m/07rt4q,Zach J.,France,1a9PFoaE6QmGPm2JEsIX4DjQqMe7dQ,🏖️,beach,visited,France,1a9PFoaE6QmGPm2JEsIX4DjQqMe7dQ,core,
Mackenzie Beach,"Mackenzie Beach, 6028, Cyprus",34.887223,33.6369843,,https://www.google.com/maps?ftid=0x14e082dd196f20af:0x6f185f4e387f2a70,0x14e082dd196f20af:0x6f185f4e387f2a70,/g/1q5blty4y,Zach J.,Cyprus Places,op1yFHMtopjnsWL6BEbTl-cVqS5sDg,🏖️,beach,visited,Cyprus Places,op1yFHMtopjnsWL6BEbTl-cVqS5sDg,core,
Omaha Beach,"Omaha Beach, France",49.3696815,-0.8710842,USA D-Day beach,https://www.google.com/maps?ftid=0x480b08081a97b07b:0x652b44ab64e81d92,0x480b08081a97b07b:0x652b44ab64e81d92,/m/0gc6n,Zach J.,France,1a9PFoaE6QmGPm2JEsIX4DjQqMe7dQ,🏖️,beach,visited,France,1a9PFoaE6QmGPm2JEsIX4DjQqMe7dQ,core,
Pebble Beach,"65 Plymouth St, Brooklyn, NY 11201, United States",40.7043517,-73.99057119999999,,https://www.google.com/maps?ftid=0x89c25b5fa17295ff:0x5077e52991befeff,0x89c25b5fa17295ff:0x5077e52991befeff,/g/11jv279srg,Zach J.,"New York, New York",m7FS_hkzSJJEPgD5o0716tZ4PbE9XQ,🏖️,beach,visited,"New York, New York",m7FS_hkzSJJEPgD5o0716tZ4PbE9XQ,core,
Sea Lion Viewing Area,"Pier 39, San Francisco, CA 94133, United States",37.8107757,-122.411273,,https://www.google.com/maps?ftid=0x808581457d05f3e3:0xf7c49abd1767c373,0x808581457d05f3e3:0xf7c49abd1767c373,/g/11ghnxm9n5,Zach J.,California Places,aTaCY8tke-6jFT8XQ0SVYBXQZ4k60Q,🏖️,beach,visited,California Places,aTaCY8tke-6jFT8XQ0SVYBXQZ4k60Q,core,
Sicamous Public Beach,"110 Finlayson St, Sicamous, BC V0E 2V1",50.8372254,-118.9939521,Best Beach?,https://www.google.com/maps?ftid=0x537ee967d69c792d:0x622bbccf2a80f17c,0x537ee967d69c792d:0x622bbccf2a80f17c,/g/11btyyf4bp,Zach J.,BC Places,J-HTPTrrRB2hdSQ_jx2gvA,🏖️,beach,visited,BC Places,J-HTPTrrRB2hdSQ_jx2gvA,core,
Spanish Banks Beach,"Spanish Banks Beach, Metro Vancouver, BC",49.2764679,-123.21326189999999,,https://www.google.com/maps?ftid=0x5486728d6fbc105d:0x6de6f0c9aa88282d,0x5486728d6fbc105d:0x6de6f0c9aa88282d,/m/0dmr63,Zach J.,BC Places,J-HTPTrrRB2hdSQ_jx2gvA,🏖️,beach,visited,BC Places,J-HTPTrrRB2hdSQ_jx2gvA,core,
Truman Show House,"31 Natchez St, Santa Rosa Beach, FL 32459, United States",30.3214649,-86.14154099999999,The Truman Show house.,https://www.google.com/maps?ftid=0x8893e58a8d83ccd9:0x40bb6880e6952e4,0x8893e58a8d83ccd9:0x40bb6880e6952e4,/g/11q93fvzv5,Zach J.,'Murica Road Trip,D0K89-5vgjBHw6XsSCispo4wxNwsVA,🏖️,beach,visited,'Murica Road Trip,D0K89-5vgjBHw6XsSCispo4wxNwsVA,core,
Woodbine Beach,"1675 Lake Shore Blvd E, Toronto, ON M4L 3W6, Canada",43.6618414,-79.30707799999999,Beach.,https://www.google.com/maps?ftid=0x89d4cbf1b403037f:0x7e1c4a7ac9e90b29,0x89d4cbf1b403037f:0x7e1c4a7ac9e90b29,,Zach J.,Toronto Photography,EBdYtSZKT2SzsVOBUpVjfw,🏖️,beach,visited,Toronto Photography,EBdYtSZKT2SzsVOBUpVjfw,core,
Wreck Beach,"Wreck Beach, SW Marine Dr, Vancouver, BC V6T 1Z4",49.2621955,-123.26151829999999,,https://www.google.com/maps?ftid=0x54860d4a8f993a53:0xedbf79877941394b,0x54860d4a8f993a53:0xedbf79877941394b,/m/01qgqs,Zach J.,BC Places,J-HTPTrrRB2hdSQ_jx2gvA,🏖️,beach,visited,BC Places,J-HTPTrrRB2hdSQ_jx2gvA,core,
Backroom Comedy Club,"814 Bloor St W Basement Unit, Toronto, ON M6G 1L9",43.6627856,-79.4228201,,https://www.google.com/maps?ftid=0x882b353e7b87159b:0xb7c2b4b454e3f394,0x882b353e7b87159b:0xb7c2b4b454e3f394,/g/11pd14_j55,Zach J.,Churono,_Goa88wVSLuG5ntawKc2cw,🎭,culture,visited,Churono,_Goa88wVSLuG5ntawKc2cw,core,
Biltmore Cabaret,"2755 Prince Edward St, Vancouver, BC V5T 0B5",49.2603576,-123.0966414,,https://www.google.com/maps?ftid=0x548673e27d3a1579:0xf4af23569b0939b8,0x548673e27d3a1579:0xf4af23569b0939b8,/m/0k1p351,Zach J.,BC Places,J-HTPTrrRB2hdSQ_jx2gvA,🎭,culture,visited,BC Places,J-HTPTrrRB2hdSQ_jx2gvA,core,
Comedy Mothership,"320 E 6th St, Austin, TX 78701, United States",30.267445499999997,-97.73956919999999,,https://www.google.com/maps?ftid=0x8644b5ce1425e7e1:0x9dc5a5690027cdfe,0x8644b5ce1425e7e1:0x9dc5a5690027cdfe,/g/11jzfbl7rq,Zach J.,Texas,1S_gekS-v4RZuZLaRNwLRkv_EUSNYw,🎭,culture,visited,Texas,1S_gekS-v4RZuZLaRNwLRkv_EUSNYw,core,
Ford's Theatre,"511 10th St NW, Washington, DC 20004, United States",38.8966765,-77.0255908,,https://www.google.com/maps?ftid=0x89b7b790e8750be5:0x22fe30b6ecb8434e,0x89b7b790e8750be5:0x22fe30b6ecb8434e,/m/024qm6,Zach J.,Washington DC Places | 'Murica Road Trip,LcNB3Ku1niTAsy0qH-HKT1v9d_odjw | D0K89-5vgjBHw6XsSCispo4wxNwsVA,🎭,culture,visited,Washington DC Places | 'Murica Road Trip,LcNB3Ku1niTAsy0qH-HKT1v9d_odjw | D0K89-5vgjBHw6XsSCispo4wxNwsVA,core,
Lviv National Opera,"Svobody Ave, 28, Lviv, Lviv Oblast, Ukraine, 79000",49.8440167,24.026212299999997,,https://www.google.com/maps?ftid=0x473add72f9bc6a89:0xf9783fecb4fecf1f,0x473add72f9bc6a89:0xf9783fecb4fecf1f,/m/0gmb79,Zach J.,Ukraine Places,rtZlzg3DJ3HuV0pqVKIPqr7kz2er6A,🎭,culture,visited,Ukraine Places,rtZlzg3DJ3HuV0pqVKIPqr7kz2er6A,core,
The Comedy Store,"8433 Sunset Blvd, West Hollywood, CA 90069, United States",34.0951544,-118.3738965,,https://www.google.com/maps?ftid=0x80c2bebe69cbb083:0x90c46ef49c64251f,0x80c2bebe69cbb083:0x90c46ef49c64251f,/m/023g_w,Zach J.,California Places,aTaCY8tke-6jFT8XQ0SVYBXQZ4k60Q,🎭,culture,visited,California Places,aTaCY8tke-6jFT8XQ0SVYBXQZ4k60Q,core,
Underground Comedy,"2477 18th St NW, Washington, DC 20009, United States",38.9224324,-77.0422586,,https://www.google.com/maps?ftid=0x89b7b7c7a16ca6b7:0x202635a546ca403c,0x89b7b7c7a16ca6b7:0x202635a546ca403c,/g/11bzsfcyzk,Zach J.,Washington DC Places,LcNB3Ku1niTAsy0qH-HKT1v9d_odjw,🎭,culture,visited,Washington DC Places,LcNB3Ku1niTAsy0qH-HKT1v9d_odjw,core,
Acropolis of Ancient Amathous,"Acropolis, A1, Agios Tychon 4532, Cyprus",34.7140719,33.1404881,,https://www.google.com/maps?ftid=0x14e0cbb13691476d:0xefd296f59f66f265,0x14e0cbb13691476d:0xefd296f59f66f265,/g/11xt893ts,Zach J.,Cyprus Places,op1yFHMtopjnsWL6BEbTl-cVqS5sDg,🏰,heritage,visited,Cyprus Places,op1yFHMtopjnsWL6BEbTl-cVqS5sDg,core,
Basilica of the Holy Blood,"Burg 13, 8000 Brugge, Belgium",51.2081343,3.2265447999999997,,https://www.google.com/maps?ftid=0x47c350cf8e1421ed:0x543542d38741d758,0x47c350cf8e1421ed:0x543542d38741d758,/m/04cx235,Zach J.,Belgium Places,XyATa3gcf-ULckrVtuXlIrtbkHutzw,🏰,heritage,visited,Belgium Places,XyATa3gcf-ULckrVtuXlIrtbkHutzw,core,
Belvedere Castle,"New York, NY 10024, United States",40.7794302,-73.9690677,,https://www.google.com/maps?ftid=0x89c258efe1df7c15:0x88efe22fb72978b5,0x89c258efe1df7c15:0x88efe22fb72978b5,/m/06vrb9,Zach J.,"New York, New York",m7FS_hkzSJJEPgD5o0716tZ4PbE9XQ,🏰,heritage,visited,"New York, New York",m7FS_hkzSJJEPgD5o0716tZ4PbE9XQ,core,
Berlin Cathedral,,52.5190608,13.401078,"Architecture, great views from the top.",https://www.google.com/maps?ftid=0x47a851def3c2d14b:0x780e68d5b02f8afc,0x47a851def3c2d14b:0x780e68d5b02f8afc,,Zach J.,Deutschland Places,_xr3THKc69o0Q1Jj4xw49b6So0Yt2Q,🏰,heritage,visited,Deutschland Places,_xr3THKc69o0Q1Jj4xw49b6So0Yt2Q,core,
Bernardine monastery,"Soborna Square, 1, Lviv, Lviv Oblast, Ukraine, 79000",49.839508699999996,24.0344946,,https://www.google.com/maps?ftid=0x473add6c1cf1bd15:0xf98d031cfb204a67,0x473add6c1cf1bd15:0xf98d031cfb204a67,/m/03c60hc,Zach J.,Ukraine Places,rtZlzg3DJ3HuV0pqVKIPqr7kz2er6A,🏰,heritage,visited,Ukraine Places,rtZlzg3DJ3HuV0pqVKIPqr7kz2er6A,core,
Best View Of Limassol,"P46R+P57 to Acropolis, Trail, Agios Tychon 4532, Cyprus",34.7117952,33.1404125,,https://www.google.com/maps?ftid=0x14e0cbb884d743e1:0x5b53b8bc8e82729b,0x14e0cbb884d743e1:0x5b53b8bc8e82729b,/g/11p4cztjf8,Zach J.,Cyprus Places,op1yFHMtopjnsWL6BEbTl-cVqS5sDg,🏰,heritage,visited,Cyprus Places,op1yFHMtopjnsWL6BEbTl-cVqS5sDg,core,
Blarney Castle & Gardens(Gairdíní Chaisleán na Blarnan),"Monacnapa, Blarney, Co. Cork, T23 Y598, Ireland",51.9290922,-8.570884699999999,Kiss the rock.,https://www.google.com/maps?ftid=0x4844903d38df44b7:0xafb7c3638c8b47c8,0x4844903d38df44b7:0xafb7c3638c8b47c8,/m/03yssf,Zach J.,Ireland,PZ1939FGYznLJLfbw23DtttFpkZvgg,🏰,heritage,visited,Ireland,PZ1939FGYznLJLfbw23DtttFpkZvgg,core,
Buc-ee's,"4155 N General Bruce Dr, Temple, TX 76501, United States",31.136175299999998,-97.328867,,https://www.google.com/maps?ftid=0x86456c229777dd6d:0xf24fda15f88bbe46,0x86456c229777dd6d:0xf24fda15f88bbe46,/g/11bvt7js0b,Zach J.,Texas,1S_gekS-v4RZuZLaRNwLRkv_EUSNYw,🏰,heritage,visited,Texas,1S_gekS-v4RZuZLaRNwLRkv_EUSNYw,core,
Buckingham Palace,,51.501363999999995,-0.14189,,https://www.google.com/maps?ftid=0x48760520cd5b5eb5:0xa26abf514d902a7,0x48760520cd5b5eb5:0xa26abf514d902a7,,Zach J.,London (The British One),Dc1pjbzURxS4lLc15TJmfg,🏰,heritage,visited,London (The British One),Dc1pjbzURxS4lLc15TJmfg,core,
Buddhapadipa Temple,"14 Calonne Rd, London SW19 5HJ, United Kingdom",51.4307479,-0.22050109999999998,,https://www.google.com/maps?ftid=0x48760f32d6a84e4f:0xd7af17706959dfab,0x48760f32d6a84e4f:0xd7af17706959dfab,/m/05p8gy,Zach J.,London (The British One),Dc1pjbzURxS4lLc15TJmfg,🏰,heritage,visited,London (The British One),Dc1pjbzURxS4lLc15TJmfg,core,
California State Capitol Park,"1300 L St, Sacramento, CA 95814, United States",38.5759282,-121.4907022,,https://www.google.com/maps?ftid=0x809ad0d8051652b9:0x48c5869114419f0f,0x809ad0d8051652b9:0x48c5869114419f0f,/g/11g6xdxkq2,Zach J.,California Places,aTaCY8tke-6jFT8XQ0SVYBXQZ4k60Q,🏰,heritage,visited,California Places,aTaCY8tke-6jFT8XQ0SVYBXQZ4k60Q,core,
Cathedral of Junk,"4422 Lareina Dr, Austin, TX 78745, United States",30.2186515,-97.77152509999999,Ask for permission,https://www.google.com/maps?ftid=0x8644b4bae201aad3:0xb1eebde07830e720,0x8644b4bae201aad3:0xb1eebde07830e720,/m/055p3fc,Zach J.,Texas,1S_gekS-v4RZuZLaRNwLRkv_EUSNYw,🏰,heritage,visited,Texas,1S_gekS-v4RZuZLaRNwLRkv_EUSNYw,core,
Cathedral of St Bavo,,52.376642,4.6221687,,https://www.google.com/maps?ftid=0x47c5eff37a16037b:0x92e287fde299bf53,0x47c5eff37a16037b:0x92e287fde299bf53,,Zach J.,Netherlands Places,uUJAjJl3UL4Vb2neQptAbAc1dIoemQ,🏰,heritage,visited,Netherlands Places,uUJAjJl3UL4Vb2neQptAbAc1dIoemQ,core,
Chicago Temple Building,"77 W Washington St, Chicago, IL 60602",41.8828441,-87.6306295,,https://www.google.com/maps?ftid=0x880e2cbb0273244d:0x98d0bed63240bed0,0x880e2cbb0273244d:0x98d0bed63240bed0,,Zach J.,Illinois Places,jvmK2Q-VUEhCXxu8GrJbdro33fvGTw,🏰,heritage,visited,Illinois Places,jvmK2Q-VUEhCXxu8GrJbdro33fvGTw,core,
Church of Our Lady Bruges,,51.20469,3.2244474,,https://www.google.com/maps?ftid=0x47c350db31529235:0x1d48281fb46c9deb,0x47c350db31529235:0x1d48281fb46c9deb,,Zach J.,Belgium Places,XyATa3gcf-ULckrVtuXlIrtbkHutzw,🏰,heritage,visited,Belgium Places,XyATa3gcf-ULckrVtuXlIrtbkHutzw,core,
Church of Saint-Germain-des-Prés,"3 Pl. Saint-Germain des Prés, 75006 Paris, France",48.8540006,2.3337261,Yaseem Khan artist should be close by.,https://www.google.com/maps?ftid=0x47e671d84abf861d:0xba5dcb79a774aad5,0x47e671d84abf861d:0xba5dcb79a774aad5,/m/09jy90,Zach J.,France,1a9PFoaE6QmGPm2JEsIX4DjQqMe7dQ,🏰,heritage,visited,France,1a9PFoaE6QmGPm2JEsIX4DjQqMe7dQ,core,
Church of Scientology of Sacramento,"1007 6th St, Sacramento, CA 95814, United States",38.581539299999996,-121.4986309,Lul,https://www.google.com/maps?ftid=0x809ad0d72d3bf159:0x1c10d418c83e84ff,0x809ad0d72d3bf159:0x1c10d418c83e84ff,/g/1tfl9xmw,Zach J.,California Places,aTaCY8tke-6jFT8XQ0SVYBXQZ4k60Q,🏰,heritage,visited,California Places,aTaCY8tke-6jFT8XQ0SVYBXQZ4k60Q,core,
Craigievar Castle,"Craigievar, Alford AB33 8JF, United Kingdom",57.1741707,-2.7180261999999997,,https://www.google.com/maps?ftid=0x488436a7eecac84d:0xa426d6923500e01a,0x488436a7eecac84d:0xa426d6923500e01a,/m/02y4xq,Zach J.,Land of Scots,nrpv0PI_5p-7UBIdU0S_VRRVZzdshQ,🏰,heritage,visited,Land of Scots,nrpv0PI_5p-7UBIdU0S_VRRVZzdshQ,core,
Crathes Castle,"Crathes, Banchory AB31 5QJ, United Kingdom",57.061518899999996,-2.4399539999999997,,https://www.google.com/maps?ftid=0x488423470e332cc1:0x7cf22fdae970c292,0x488423470e332cc1:0x7cf22fdae970c292,/m/02y4wb,Zach J.,Land of Scots,nrpv0PI_5p-7UBIdU0S_VRRVZzdshQ,🏰,heritage,visited,Land of Scots,nrpv0PI_5p-7UBIdU0S_VRRVZzdshQ,core,
Deseret Book,"45 W S Temple St, Salt Lake City, UT 84101, United States",40.769083599999995,-111.8924107,,https://www.google.com/maps?ftid=0x8752f508e8607c0f:0xf27143ab360313e1,0x8752f508e8607c0f:0xf27143ab360313e1,/g/1tfzmtqt,Zach J.,Utah Places,yxf29Fw1SnujpoH_zKcqAA,🏰,heritage,visited,Utah Places,yxf29Fw1SnujpoH_zKcqAA,core,
Dublin Castle,"Dame St, Dublin 2, Ireland",53.342886099999994,-6.2674284,,https://www.google.com/maps?ftid=0x48670e873566ff89:0x50fcdf6c0e15686,0x48670e873566ff89:0x50fcdf6c0e15686,/m/012yc4,Zach J.,Ireland,PZ1939FGYznLJLfbw23DtttFpkZvgg,🏰,heritage,visited,Ireland,PZ1939FGYznLJLfbw23DtttFpkZvgg,core,
Dunnottar Castle,"Stonehaven AB39 2TL, United Kingdom",56.9461156,-2.1970992,,https://www.google.com/maps?ftid=0x48841dccba3e4305:0x57f4ae58b40d9895,0x48841dccba3e4305:0x57f4ae58b40d9895,/m/02w6x8,Zach J.,Land of Scots,nrpv0PI_5p-7UBIdU0S_VRRVZzdshQ,🏰,heritage,visited,Land of Scots,nrpv0PI_5p-7UBIdU0S_VRRVZzdshQ,core,
FamilySearch Library,"35 N W Temple St, Salt Lake City, UT 84150, United States",40.770438,-111.89483299999999,,https://www.google.com/maps?ftid=0x8752f507bbd8f4bd:0xb33c908e25b93d11,0x8752f507bbd8f4bd:0xb33c908e25b93d11,/m/01d19z,Zach J.,Utah Places,yxf29Fw1SnujpoH_zKcqAA,🏰,heritage,visited,Utah Places,yxf29Fw1SnujpoH_zKcqAA,core,
"Fort 17 ""Luneta Grzegórzecka"" - Twierdza Kraków","Skrzatów 2, Kraków, Poland",50.0548369,19.9684079,WWII ruins.,https://www.google.com/maps?ftid=0x47165b3128b103f3:0x9ebb5e5749f236d4,0x47165b3128b103f3:0x9ebb5e5749f236d4,/g/11fzd10z0v,Zach J.,Poland Places,rJiYI8AwTOeCZ372vYFwILDmTQWZ1w,🏰,heritage,visited,Poland Places,rJiYI8AwTOeCZ372vYFwILDmTQWZ1w,core,
Fort de Souville,"Unnamed Road, 55430 Belleville-sur-Meuse, France",49.186470799999995,5.4396965999999995,,https://www.google.com/maps?ftid=0x47eb1f06b5ba832f:0x2c51a001301fd52,0x47eb1f06b5ba832f:0x2c51a001301fd52,/g/122cntdb,Zach J.,France,1a9PFoaE6QmGPm2JEsIX4DjQqMe7dQ,🏰,heritage,visited,France,1a9PFoaE6QmGPm2JEsIX4DjQqMe7dQ,core,
Fort de Vaux,"D913A, 55400 Douaumont-Vaux, France",49.200415799999995,5.4695976,,https://www.google.com/maps?ftid=0x47eb1fa162b632c7:0xf6758fb509127b60,0x47eb1fa162b632c7:0xf6758fb509127b60,/m/08vjx1,Zach J.,France,1a9PFoaE6QmGPm2JEsIX4DjQqMe7dQ,🏰,heritage,visited,France,1a9PFoaE6QmGPm2JEsIX4DjQqMe7dQ,core,
Fort Douaumont,"55100 Douaumont-Vaux, France",49.216967999999994,5.4387118,,https://www.google.com/maps?ftid=0x47eb1e387651e331:0x8ca03ab75c637586,0x47eb1e387651e331:0x8ca03ab75c637586,/m/09v9wcq,Zach J.,France,1a9PFoaE6QmGPm2JEsIX4DjQqMe7dQ,🏰,heritage,visited,France,1a9PFoaE6QmGPm2JEsIX4DjQqMe7dQ,core,
Fort Worth Stockyards,"131 E Exchange Ave, Fort Worth, TX 76164, United States",32.7892754,-97.34702039999999,,https://www.google.com/maps?ftid=0x864e76a42759fe4d:0x475f2ff64a820fcb,0x864e76a42759fe4d:0x475f2ff64a820fcb,/m/05jzm3,Zach J.,Texas,1S_gekS-v4RZuZLaRNwLRkv_EUSNYw,🏰,heritage,visited,Texas,1S_gekS-v4RZuZLaRNwLRkv_EUSNYw,core,
Fraumünster Church,"Münsterhof 2, 8001 Zürich, Switzerland",47.3697849,8.5408331,,https://www.google.com/maps?ftid=0x47900a00864f7ab7:0xadee790c683facbe,0x47900a00864f7ab7:0xadee790c683facbe,/m/08mhlt,Zach J.,Switzerland Places,OvARGjqcJqUpQGyHwNiftD3eqtby6g,🏰,heritage,visited,Switzerland Places,OvARGjqcJqUpQGyHwNiftD3eqtby6g,core,
General Store & Deli,"500 Capitol Mall STE 130, Sacramento, CA 95814, United States",38.577689,-121.50166399999999,,https://www.google.com/maps?ftid=0x809ad12affffffff:0xc3e3db52913fdf2,0x809ad12affffffff:0xc3e3db52913fdf2,/g/1264mlphq,Zach J.,California Places,aTaCY8tke-6jFT8XQ0SVYBXQZ4k60Q,🏰,heritage,visited,California Places,aTaCY8tke-6jFT8XQ0SVYBXQZ4k60Q,core,
Great Mosque,"Genethliou Mitellla, Limassol 3036, Cyprus",34.6730251,33.0427161,,https://www.google.com/maps?ftid=0x14e73302f1140819:0xb9b7e2612b0852c1,0x14e73302f1140819:0xb9b7e2612b0852c1,/g/11bvtd2y1v,Zach J.,Cyprus Places,op1yFHMtopjnsWL6BEbTl-cVqS5sDg,🏰,heritage,visited,Cyprus Places,op1yFHMtopjnsWL6BEbTl-cVqS5sDg,core,
Gyeongbokgung Palace,"161 Sajik-ro, Jongno District, Seoul",37.579617,126.977041,,https://www.google.com/maps?ftid=0x357ca2c74aeddea1:0x8b3046532cc715f6,0x357ca2c74aeddea1:0x8b3046532cc715f6,/m/02v3t6,Zach J.,South Korea Places,eq-jX2C0L9Am26jRVNLfIlkd0WnWLw,🏰,heritage,visited,South Korea Places,eq-jX2C0L9Am26jRVNLfIlkd0WnWLw,core,
Güell Palace,"C/ Nou de la Rambla, 3-5, 08001 Barcelona, Spain",41.3788901,2.1742307999999997,,https://www.google.com/maps?ftid=0x12a4a25820d3f1dd:0x96a03ff19fc2a5a4,0x12a4a25820d3f1dd:0x96a03ff19fc2a5a4,/m/0g6r9,Zach J.,Spain,9OTD759Vy7eRxRIn4AOrt-0eFJ0TtA,🏰,heritage,visited,Spain,9OTD759Vy7eRxRIn4AOrt-0eFJ0TtA,core,
Gōtokuji Temple,,35.6488124,139.647481,Temple with a bunch of small and large cat statues.,https://www.google.com/maps?ftid=0x6018f39f99015555:0x6b0e9ad51be4cac,0x6018f39f99015555:0x6b0e9ad51be4cac,,Zach J.,Japan Places,4MFKvfwkuooLXdFwzLh7bJlLOhg8-A,🏰,heritage,visited,Japan Places,4MFKvfwkuooLXdFwzLh7bJlLOhg8-A,core,
Haedong Yonggungsa Temple,"86 Yonggung-gil, Gijang-gun, Busan",35.1884543,129.2231109,,https://www.google.com/maps?ftid=0x35688c1bbbdea6c1:0xa141406d6f112e5c,0x35688c1bbbdea6c1:0xa141406d6f112e5c,/m/0h63b8y,Zach J.,South Korea Places,eq-jX2C0L9Am26jRVNLfIlkd0WnWLw,🏰,heritage,visited,South Korea Places,eq-jX2C0L9Am26jRVNLfIlkd0WnWLw,core,
Hanazono Shrine,,35.6935311,139.7053279,,https://www.google.com/maps?ftid=0x60188cdbe07cde2b:0x3b4028968ed9a754,0x60188cdbe07cde2b:0x3b4028968ed9a754,,Zach J.,Japan Places,4MFKvfwkuooLXdFwzLh7bJlLOhg8-A,🏰,heritage,visited,Japan Places,4MFKvfwkuooLXdFwzLh7bJlLOhg8-A,core,
Himeji Castle,,34.839449,134.6939047,,https://www.google.com/maps?ftid=0x3554e003a23324b3:0x7a4f8c2f6eba81b1,0x3554e003a23324b3:0x7a4f8c2f6eba81b1,,Zach J.,Japan Places,4MFKvfwkuooLXdFwzLh7bJlLOhg8-A,🏰,heritage,visited,Japan Places,4MFKvfwkuooLXdFwzLh7bJlLOhg8-A,core,
Hiroshima Castle,,34.4026023,132.4590561,Good photo spot.,https://www.google.com/maps?ftid=0x355a98a6eaf7e7c3:0xf57be92cb5339632,0x355a98a6eaf7e7c3:0xf57be92cb5339632,,Zach J.,Japan Places,4MFKvfwkuooLXdFwzLh7bJlLOhg8-A,🏰,heritage,visited,Japan Places,4MFKvfwkuooLXdFwzLh7bJlLOhg8-A,core,
Hohenwerfen Castle,,47.4831763,13.1889497,,https://www.google.com/maps?ftid=0x4776c4b39393290b:0xc963430affbd6793,0x4776c4b39393290b:0xc963430affbd6793,,Zach J.,Austria-ish Places,JW6_PhOiwD9hqDmWcuJh6u67rjwIwA,🏰,heritage,visited,Austria-ish Places,JW6_PhOiwD9hqDmWcuJh6u67rjwIwA,core,
Holy Church of Saint Lazarus,"WJ6M+JW3 Πλατεία, Ayiou Lazarou, Larnaca 6020, Cyprus",34.9115001,33.6347971,,https://www.google.com/maps?ftid=0x14e082a3526ec4a7:0xf5832e2d9a8e048a,0x14e082a3526ec4a7:0xf5832e2d9a8e048a,/m/05m_0gj,Zach J.,Cyprus Places,op1yFHMtopjnsWL6BEbTl-cVqS5sDg,🏰,heritage,visited,Cyprus Places,op1yFHMtopjnsWL6BEbTl-cVqS5sDg,core,
Hungarian Parliament Building,"Budapest, Kossuth Lajos tér 1-3, 1055 Hungary",47.507121,19.045669,,https://www.google.com/maps?ftid=0x4741dc1046d4a33d:0x342122b8ff8f0f6e,0x4741dc1046d4a33d:0x342122b8ff8f0f6e,/m/08lvst,Zach J.,Hungary Places,1a46QBe0HWmKrjJYm4D9EROGYD6JOw,🏰,heritage,visited,Hungary Places,1a46QBe0HWmKrjJYm4D9EROGYD6JOw,core,
Itsukushima Shrine,,34.2959896,132.3198285,,https://www.google.com/maps?ftid=0x601ae3047ec76d8f:0x357228f7d0b5d590,0x601ae3047ec76d8f:0x357228f7d0b5d590,,Zach J.,Japan Places,4MFKvfwkuooLXdFwzLh7bJlLOhg8-A,🏰,heritage,visited,Japan Places,4MFKvfwkuooLXdFwzLh7bJlLOhg8-A,core,
Jerónimos Monastery,"Praça do Império 1400-206 Lisboa, Portugal",38.6978909,-9.206703899999999,,https://www.google.com/maps?ftid=0xd1ecb42c3c29c4b:0x87755d348e96ebed,0xd1ecb42c3c29c4b:0x87755d348e96ebed,/m/0509kv,Zach J.,Portugal Places,PJetNvIfkAY8zDHfGEEQlDLG4G2qyg,🏰,heritage,visited,Portugal Places,PJetNvIfkAY8zDHfGEEQlDLG4G2qyg,core,
Jesuit Church Dungeon,"Teatralna St, 13, Lviv, Lviv Oblast, Ukraine, 79000",49.8414158,24.0289213,,https://www.google.com/maps?ftid=0x473addc6922313eb:0xa39f070bd29d76ef,0x473addc6922313eb:0xa39f070bd29d76ef,/g/11fqzxzdhb,Zach J.,Ukraine Places,rtZlzg3DJ3HuV0pqVKIPqr7kz2er6A,🏰,heritage,visited,Ukraine Places,rtZlzg3DJ3HuV0pqVKIPqr7kz2er6A,core,
Kanda Myoujin Shrine,"2 Chome-16-2 Sotokanda, Chiyoda City, Tokyo 101-0021, Japan",35.702018599999995,139.7678943,For business success,https://www.google.com/maps?ftid=0x60188c1ecc161bed:0xf397e4b6bf417c8b,0x60188c1ecc161bed:0xf397e4b6bf417c8b,/m/0463qs6,Zach J.,Japan Places,4MFKvfwkuooLXdFwzLh7bJlLOhg8-A,🏰,heritage,visited,Japan Places,4MFKvfwkuooLXdFwzLh7bJlLOhg8-A,core,
Kifune Shrine,,35.122090899999996,135.7629101,,https://www.google.com/maps?ftid=0x6001a608f30a9109:0x1d021ae4b564548b,0x6001a608f30a9109:0x1d021ae4b564548b,,Zach J.,Japan Places,4MFKvfwkuooLXdFwzLh7bJlLOhg8-A,🏰,heritage,visited,Japan Places,4MFKvfwkuooLXdFwzLh7bJlLOhg8-A,core,
Larnaka Medieval Fort,"WJ6Q+42Q, Piale Pasa, Larnaca 6026, Cyprus",34.910337999999996,33.6376042,,https://www.google.com/maps?ftid=0x14e082bd2c938593:0x811447d1f5d741ad,0x14e082bd2c938593:0x811447d1f5d741ad,/g/1tfd9t1f,Zach J.,Cyprus Places,op1yFHMtopjnsWL6BEbTl-cVqS5sDg,🏰,heritage,visited,Cyprus Places,op1yFHMtopjnsWL6BEbTl-cVqS5sDg,core,
Mariyinsky Palace,"5A, Mykhaila Hrushevskoho St, Kyiv, Ukraine, 01008",50.448355299999996,30.537609399999997,,https://www.google.com/maps?ftid=0x40d4cfad45d00d9d:0xed19f61774e5a260,0x40d4cfad45d00d9d:0xed19f61774e5a260,/m/04xkd9,Zach J.,Ukraine Places,rtZlzg3DJ3HuV0pqVKIPqr7kz2er6A,🏰,heritage,visited,Ukraine Places,rtZlzg3DJ3HuV0pqVKIPqr7kz2er6A,core,
Nanzen-ji Temple,,35.0114138,135.7944841,,https://www.google.com/maps?ftid=0x600109217397fbfd:0x38b339a4c7e7004d,0x600109217397fbfd:0x38b339a4c7e7004d,,Zach J.,Japan Places,4MFKvfwkuooLXdFwzLh7bJlLOhg8-A,🏰,heritage,visited,Japan Places,4MFKvfwkuooLXdFwzLh7bJlLOhg8-A,core,
Nijō Castle,,35.0140379,135.7484258,,https://www.google.com/maps?ftid=0x600107d40a2b9b0b:0x106b8759906a2f2f,0x600107d40a2b9b0b:0x106b8759906a2f2f,,Zach J.,Japan Places,4MFKvfwkuooLXdFwzLh7bJlLOhg8-A,🏰,heritage,visited,Japan Places,4MFKvfwkuooLXdFwzLh7bJlLOhg8-A,core,
Notre-Dame cathedral,"76000 Rouen, France",49.4401395,1.0950081,,https://www.google.com/maps?ftid=0x47e0ddd5a6117f1d:0x2f6122347c21068a,0x47e0ddd5a6117f1d:0x2f6122347c21068a,/m/07nw09,Zach J.,France,1a9PFoaE6QmGPm2JEsIX4DjQqMe7dQ,🏰,heritage,visited,France,1a9PFoaE6QmGPm2JEsIX4DjQqMe7dQ,core,
Nymphenburg Palace,,48.1582675,11.5033143,"Famous place, castle.",https://www.google.com/maps?ftid=0x479e77cc7fa2682d:0x274c5616a51e6d66,0x479e77cc7fa2682d:0x274c5616a51e6d66,,Zach J.,Deutschland Places,_xr3THKc69o0Q1Jj4xw49b6So0Yt2Q,🏰,heritage,visited,Deutschland Places,_xr3THKc69o0Q1Jj4xw49b6So0Yt2Q,core,
Osaka Castle,,34.6872571,135.5258546,,https://www.google.com/maps?ftid=0x6000e0cd5c283afd:0xf01d07d5ca11e41,0x6000e0cd5c283afd:0xf01d07d5ca11e41,,Zach J.,Japan Places,4MFKvfwkuooLXdFwzLh7bJlLOhg8-A,🏰,heritage,visited,Japan Places,4MFKvfwkuooLXdFwzLh7bJlLOhg8-A,core,
Palace of Culture and Science,"plac Defilad 1, 00-901 Warszawa, Poland",52.231837999999996,21.005995,,https://www.google.com/maps?ftid=0x471ecc8c92692e49:0xc2e97ae5311f2dc2,0x471ecc8c92692e49:0xc2e97ae5311f2dc2,/m/0862m,Zach J.,Poland Places,rJiYI8AwTOeCZ372vYFwILDmTQWZ1w,🏰,heritage,visited,Poland Places,rJiYI8AwTOeCZ372vYFwILDmTQWZ1w,core,
Palace of Fine Arts,"3601 Lyon St, San Francisco, CA 94123, United States",37.8029308,-122.4484231,,https://www.google.com/maps?ftid=0x808586d510144681:0xe960db8a581aacf5,0x808586d510144681:0xe960db8a581aacf5,/m/02jn3q,Zach J.,California Places,aTaCY8tke-6jFT8XQ0SVYBXQZ4k60Q,🏰,heritage,visited,California Places,aTaCY8tke-6jFT8XQ0SVYBXQZ4k60Q,core,
Palace of Versailles,"Place d'Armes, 78000 Versailles, France",48.8048649,2.1203554,,https://www.google.com/maps?ftid=0x47e67d94d7b14c75:0x538fcc15f59ce8f,0x47e67d94d7b14c75:0x538fcc15f59ce8f,/m/0d_61,Zach J.,France,1a9PFoaE6QmGPm2JEsIX4DjQqMe7dQ,🏰,heritage,visited,France,1a9PFoaE6QmGPm2JEsIX4DjQqMe7dQ,core,
Palace on the Isle,"Agrykola 1, 00-460 Warszawa, Poland",52.2150475,21.035814,,https://www.google.com/maps?ftid=0x471ecd1e8cf37e3f:0xbae128cd6ad4bdf3,0x471ecd1e8cf37e3f:0xbae128cd6ad4bdf3,/m/025xqfq,Zach J.,Poland Places,rJiYI8AwTOeCZ372vYFwILDmTQWZ1w,🏰,heritage,visited,Poland Places,rJiYI8AwTOeCZ372vYFwILDmTQWZ1w,core,
Peace Palace,,52.0869417,4.2954650999999995,,https://www.google.com/maps?ftid=0x47c5b0cb569ccd71:0x449438d6c1965856,0x47c5b0cb569ccd71:0x449438d6c1965856,,Zach J.,Netherlands Places,uUJAjJl3UL4Vb2neQptAbAc1dIoemQ,🏰,heritage,visited,Netherlands Places,uUJAjJl3UL4Vb2neQptAbAc1dIoemQ,core,
"Photo spot for the Big Buddha at Paknam Temple (Phra Buddha Dhammakaya Thep 
Mongkol)","838 Thanon Thoet Thai, Talat Phlu, Thon Buri, Bangkok 10600",13.7220249,100.4717175,,https://www.google.com/maps?ftid=0x30e2993e79842383:0xbddbaf2b920ad8ef,0x30e2993e79842383:0xbddbaf2b920ad8ef,/g/11kbl6hqjr,Zach J.,Thailand Places,8ZLYjtP28NdeHaxAFNWuqLewhbemIw,🏰,heritage,visited,Thailand Places,8ZLYjtP28NdeHaxAFNWuqLewhbemIw,core,
Potocki Palace,"Palats Hrafiv Pototsʹkykh, Mykoly Kopernyka St, 15, Lviv, Lviv Oblast, Ukraine, 79000",49.8380106,24.0270463,,https://www.google.com/maps?ftid=0x473add64f46130af:0xb8fa7f852817fcdc,0x473add64f46130af:0xb8fa7f852817fcdc,/m/05p7md5,Zach J.,Ukraine Places,rtZlzg3DJ3HuV0pqVKIPqr7kz2er6A,🏰,heritage,visited,Ukraine Places,rtZlzg3DJ3HuV0pqVKIPqr7kz2er6A,core,
Prague Castle,"Hradčany, 119 08 Prague 1, Czechia",50.0910966,14.4016165,,https://www.google.com/maps?ftid=0x470b951e6c24b7c3:0x2acf3c88af12259f,0x470b951e6c24b7c3:0x2acf3c88af12259f,/m/031mwx,Zach J.,Czech Republic Places,5Sbx3FnNAI1ouog5bO7G95yNPypkiA,🏰,heritage,visited,Czech Republic Places,5Sbx3FnNAI1ouog5bO7G95yNPypkiA,core,
Safestay London Elephant & Castle,,51.4907499,-0.0975702,,https://www.google.com/maps?ftid=0x4876049ee4437541:0x43acb3a76d95814c,0x4876049ee4437541:0x43acb3a76d95814c,,Zach J.,London (The British One),Dc1pjbzURxS4lLc15TJmfg,🏰,heritage,visited,London (The British One),Dc1pjbzURxS4lLc15TJmfg,core,
Saint Bavo's Cathedral,,51.0532335,3.7265059999999997,,https://www.google.com/maps?ftid=0x47c371461b74e71b:0x94b399b9e5214552,0x47c371461b74e71b:0x94b399b9e5214552,,Zach J.,Belgium Places,XyATa3gcf-ULckrVtuXlIrtbkHutzw,🏰,heritage,visited,Belgium Places,XyATa3gcf-ULckrVtuXlIrtbkHutzw,core,
Salt Lake City Tabernacle,"50 N W Temple St, Salt Lake City, UT 84150, United States",40.770401799999995,-111.8930748,,https://www.google.com/maps?ftid=0x8752f507dbed4317:0xd3afb783da4296f5,0x8752f507dbed4317:0xd3afb783da4296f5,/m/042mq0,Zach J.,Utah Places,yxf29Fw1SnujpoH_zKcqAA,🏰,heritage,visited,Utah Places,yxf29Fw1SnujpoH_zKcqAA,core,
SAUGAT BILLIARD PALACE,"R. Palmira 46A, 1170-133 Lisboa, Portugal",38.7240898,-9.1337853,,https://www.google.com/maps?ftid=0xd1933e1d6b59147:0xff69a504e1710d75,0xd1933e1d6b59147:0xff69a504e1710d75,/g/11g24j0bn6,Zach J.,Portugal Places,PJetNvIfkAY8zDHfGEEQlDLG4G2qyg,🏰,heritage,visited,Portugal Places,PJetNvIfkAY8zDHfGEEQlDLG4G2qyg,core,
Shiio Shrine,"Japan, 〒618-0001 Osaka, Mishima District, Shimamoto, Yamazaki, ５−1049",34.894876499999995,135.6737439,,https://www.google.com/maps?ftid=0x6001036303f2a6cf:0xb741224e0b6fed86,0x6001036303f2a6cf:0xb741224e0b6fed86,/g/121tyjss,Zach J.,Japan Places,4MFKvfwkuooLXdFwzLh7bJlLOhg8-A,🏰,heritage,visited,Japan Places,4MFKvfwkuooLXdFwzLh7bJlLOhg8-A,core,
Site of Fushimi-momoyama Castle,,34.9394686,135.7769255,,https://www.google.com/maps?ftid=0x60010fb991f14e25:0x9f5973c4345ebf1b,0x60010fb991f14e25:0x9f5973c4345ebf1b,,Zach J.,Japan Places,4MFKvfwkuooLXdFwzLh7bJlLOhg8-A,🏰,heritage,visited,Japan Places,4MFKvfwkuooLXdFwzLh7bJlLOhg8-A,core,
St Patrick's Cathedral,"St Patrick's Close, Dublin, D08 H6X3, Ireland",53.3393519,-6.2714767,,https://www.google.com/maps?ftid=0x4844a7096c3558a5:0x92c8e69bb625b154,0x4844a7096c3558a5:0x92c8e69bb625b154,/m/01btlw,Zach J.,Ireland,PZ1939FGYznLJLfbw23DtttFpkZvgg,🏰,heritage,visited,Ireland,PZ1939FGYznLJLfbw23DtttFpkZvgg,core,
St Peter's Catholic Church,"Pl. Saint-Pierre, 14000 Caen, France",49.1840696,-0.36069009999999996,,https://www.google.com/maps?ftid=0x480a42bdb9dd7c39:0xcba89b7d26f14530,0x480a42bdb9dd7c39:0xcba89b7d26f14530,/m/0fp4tv,Zach J.,France,1a9PFoaE6QmGPm2JEsIX4DjQqMe7dQ,🏰,heritage,visited,France,1a9PFoaE6QmGPm2JEsIX4DjQqMe7dQ,core,
St. Andrew's Wesley United Church,,49.281182699999995,-123.1267488,"Candle light service, Sunday at 6pm-ish.",https://www.google.com/maps?ftid=0x548673d5315a98ed:0xcff39b51b2ab14f3,0x548673d5315a98ed:0xcff39b51b2ab14f3,,Zach J.,BC Places,J-HTPTrrRB2hdSQ_jx2gvA,🏰,heritage,visited,BC Places,J-HTPTrrRB2hdSQ_jx2gvA,core,
St. Louis Cathedral,"615 Pere Antoine Alley, New Orleans, LA 70116, United States",29.957973499999998,-90.06372809999999,,https://www.google.com/maps?ftid=0x8620a6119801364f:0x363da056dc3d85ae,0x8620a6119801364f:0x363da056dc3d85ae,/m/05nndn,Zach J.,'Murica Road Trip,D0K89-5vgjBHw6XsSCispo4wxNwsVA,🏰,heritage,visited,'Murica Road Trip,D0K89-5vgjBHw6XsSCispo4wxNwsVA,core,
St. Paul's Cathedral,,51.5138453,-0.0983506,,https://www.google.com/maps?ftid=0x487604aca207bc87:0x3a1d3501a9af5fde,0x487604aca207bc87:0x3a1d3501a9af5fde,,Zach J.,London (The British One),Dc1pjbzURxS4lLc15TJmfg,🏰,heritage,visited,London (The British One),Dc1pjbzURxS4lLc15TJmfg,core,
St. Vitus Cathedral,"III. nádvoří 48/2, 119 01 Praha 1-Hradčany, Czechia",50.090891799999994,14.4005114,,https://www.google.com/maps?ftid=0x470b951e38024f5b:0x69ad3850f2d989a2,0x470b951e38024f5b:0x69ad3850f2d989a2,/m/027h3t,Zach J.,Czech Republic Places,5Sbx3FnNAI1ouog5bO7G95yNPypkiA,🏰,heritage,visited,Czech Republic Places,5Sbx3FnNAI1ouog5bO7G95yNPypkiA,core,
St. Volodymyr's Cathedral,"Tarasa Shevchenko Blvd, 20, Kyiv, Ukraine, 02000",50.4449671,30.508589999999998,,https://www.google.com/maps?ftid=0x40d4cef7c7731ddd:0x37cc95586b807512,0x40d4cef7c7731ddd:0x37cc95586b807512,/m/06d2m3,Zach J.,Ukraine Places,rtZlzg3DJ3HuV0pqVKIPqr7kz2er6A,🏰,heritage,visited,Ukraine Places,rtZlzg3DJ3HuV0pqVKIPqr7kz2er6A,core,
Swing Barcelona - El Temple del Swing,"C/ de les Moles, 32, 08002 Barcelona, Spain",41.387532,2.172668,Swing dancing club.,https://www.google.com/maps?ftid=0x12a4a2f0ef88f191:0x70a7f2142e91f681,0x12a4a2f0ef88f191:0x70a7f2142e91f681,/g/1td8nkc3,Zach J.,Spain,9OTD759Vy7eRxRIn4AOrt-0eFJ0TtA,🏰,heritage,visited,Spain,9OTD759Vy7eRxRIn4AOrt-0eFJ0TtA,core,
Temple Billiards,"126 S Jackson St, Seattle, WA 98104, United States",47.599306299999995,-122.3332588,,https://www.google.com/maps?ftid=0x54906aa4dad4fb7b:0x1400265a8848d78c,0x54906aa4dad4fb7b:0x1400265a8848d78c,/g/1tk1mptx,Zach J.,Washington Places,WfdnMC3zRI3sfjHBnm_HrYeScehYSA,🏰,heritage,visited,Washington Places,WfdnMC3zRI3sfjHBnm_HrYeScehYSA,core,
Temple Square,"50 North Temple, Salt Lake City, UT 84150, United States",40.7706273,-111.8910873,,https://www.google.com/maps?ftid=0x8752f508e4890ee9:0x8c57d6417504663d,0x8752f508e4890ee9:0x8c57d6417504663d,/m/034zsf,Zach J.,Utah Places,yxf29Fw1SnujpoH_zKcqAA,🏰,heritage,visited,Utah Places,yxf29Fw1SnujpoH_zKcqAA,core,
The Basilica of Sacré-Cœur de Montmartre,"35 Rue du Chevalier de la Barre, 75018 Paris, France",48.886704599999995,2.3431043,,https://www.google.com/maps?ftid=0x47e66e4334868de3:0xcfc3870abe2b8519,0x47e66e4334868de3:0xcfc3870abe2b8519,/g/1tdm30l7,Zach J.,France,1a9PFoaE6QmGPm2JEsIX4DjQqMe7dQ,🏰,heritage,visited,France,1a9PFoaE6QmGPm2JEsIX4DjQqMe7dQ,core,
The Blue Mosque,"Sultan Ahmet, Atmeydanı Cd. No:7, 34122 Fatih/İstanbul, Turkey",41.0054096,28.9768138,,https://www.google.com/maps?ftid=0x14cab9bd6570f4e1:0xe52df7368a157ca4,0x14cab9bd6570f4e1:0xe52df7368a157ca4,/m/01yfv_,Zach J.,Istanbul,T9mlMxDchiknHm63Z7-uttmXeOMrzg,🏰,heritage,visited,Istanbul,T9mlMxDchiknHm63Z7-uttmXeOMrzg,core,
The Church of the Holy Eucharist,"Muzeina Square, Lviv, Lviv Oblast, Ukraine, 79000",49.8427498,24.0338232,,https://www.google.com/maps?ftid=0x473add059b7b3cf1:0x97bdfa1e04fc9cc,0x473add059b7b3cf1:0x97bdfa1e04fc9cc,/m/03c5jyj,Zach J.,Ukraine Places,rtZlzg3DJ3HuV0pqVKIPqr7kz2er6A,🏰,heritage,visited,Ukraine Places,rtZlzg3DJ3HuV0pqVKIPqr7kz2er6A,core,
The St. Bavo Church in Haarlem,,52.381135099999995,4.636893,,https://www.google.com/maps?ftid=0x47c5ef6bea0a4215:0x2cefd774cf4e0dab,0x47c5ef6bea0a4215:0x2cefd774cf4e0dab,,Zach J.,Netherlands Places,uUJAjJl3UL4Vb2neQptAbAc1dIoemQ,🏰,heritage,visited,Netherlands Places,uUJAjJl3UL4Vb2neQptAbAc1dIoemQ,core,
The White House,"1600 Pennsylvania Avenue NW, Washington, DC 20500, United States",38.8976763,-77.0365298,,https://www.google.com/maps?ftid=0x89b7b7bcdecbb1df:0x715969d86d0b76bf,0x89b7b7bcdecbb1df:0x715969d86d0b76bf,/m/081sq,Zach J.,Washington DC Places | 'Murica Road Trip,LcNB3Ku1niTAsy0qH-HKT1v9d_odjw | D0K89-5vgjBHw6XsSCispo4wxNwsVA,🏰,heritage,visited,Washington DC Places | 'Murica Road Trip,LcNB3Ku1niTAsy0qH-HKT1v9d_odjw | D0K89-5vgjBHw6XsSCispo4wxNwsVA,core,
United States Capitol,"Washington, DC 20004, United States",38.8899389,-77.0090505,,https://www.google.com/maps?ftid=0x89b7b82921a2cf17:0x482a3f7c10cf8c4,0x89b7b82921a2cf17:0x482a3f7c10cf8c4,/m/07vth,Zach J.,Washington DC Places | 'Murica Road Trip,LcNB3Ku1niTAsy0qH-HKT1v9d_odjw | D0K89-5vgjBHw6XsSCispo4wxNwsVA,🏰,heritage,visited,Washington DC Places | 'Murica Road Trip,LcNB3Ku1niTAsy0qH-HKT1v9d_odjw | D0K89-5vgjBHw6XsSCispo4wxNwsVA,core,
Urquhart Castle,"Drumnadrochit, Inverness IV63 6XJ, United Kingdom",57.3241399,-4.442001299999999,Look out for Nessie,https://www.google.com/maps?ftid=0x488f13e20178670b:0x996126cfcd3d2df0,0x488f13e20178670b:0x996126cfcd3d2df0,/m/0417x_,Zach J.,Land of Scots,nrpv0PI_5p-7UBIdU0S_VRRVZzdshQ,🏰,heritage,visited,Land of Scots,nrpv0PI_5p-7UBIdU0S_VRRVZzdshQ,core,
Utah State Capitol,"350 State St, Salt Lake City, UT 84103, United States",40.7778658,-111.88805579999999,,https://www.google.com/maps?ftid=0x8752f511bd28ae05:0xec6d0cba75d8fd4a,0x8752f511bd28ae05:0xec6d0cba75d8fd4a,/m/09b86q,Zach J.,Utah Places,yxf29Fw1SnujpoH_zKcqAA,🏰,heritage,visited,Utah Places,yxf29Fw1SnujpoH_zKcqAA,core,
Washington D.C. Temple,"9900 Stoneybrook Dr, Kensington, MD 20895, United States",39.0142727,-77.065641,,https://www.google.com/maps?ftid=0x89b7ced232fa530f:0xaf60ba5252d6a5a2,0x89b7ced232fa530f:0xaf60ba5252d6a5a2,/m/09vzxl,Zach J.,Washington DC Places,LcNB3Ku1niTAsy0qH-HKT1v9d_odjw,🏰,heritage,visited,Washington DC Places,LcNB3Ku1niTAsy0qH-HKT1v9d_odjw,core,
Wawel Royal Castle,"Wawel 5, 31-001 Kraków, Poland",50.0541115,19.935423,,https://www.google.com/maps?ftid=0x47165b6d053619f5:0xacb9dfc4d67fa598,0x47165b6d053619f5:0xacb9dfc4d67fa598,/m/0cp08lw,Zach J.,Poland Places,rJiYI8AwTOeCZ372vYFwILDmTQWZ1w,🏰,heritage,visited,Poland Places,rJiYI8AwTOeCZ372vYFwILDmTQWZ1w,core,
Westminster Abbey,,51.4993695,-0.1272993,,https://www.google.com/maps?ftid=0x487604c4ba43352f:0xda8effa2059b537a,0x487604c4ba43352f:0xda8effa2059b537a,,Zach J.,London (The British One),Dc1pjbzURxS4lLc15TJmfg,🏰,heritage,visited,London (The British One),Dc1pjbzURxS4lLc15TJmfg,core,
York Masonic Temple,"1100 Millwood Rd, East York, ON M4H 1A3",43.7022708,-79.35354339999999,,https://www.google.com/maps?ftid=0x89d4cce8ed77b189:0xc2a58ed4286d3d71,0x89d4cce8ed77b189:0xc2a58ed4286d3d71,/g/1td5y41f,Zach J.,Churono,_Goa88wVSLuG5ntawKc2cw,🏰,heritage,visited,Churono,_Goa88wVSLuG5ntawKc2cw,core,
Calf Creek Viewpoint,"UT-12, Boulder, UT 84716, United States",37.8307344,-111.4148962,,https://www.google.com/maps?ftid=0x8735f268b2796279:0x649c29a7aefa0f9,0x8735f268b2796279:0x649c29a7aefa0f9,/g/11h0fv6kf,Zach J.,Utah Places,yxf29Fw1SnujpoH_zKcqAA,🥾,hike,visited,Utah Places,yxf29Fw1SnujpoH_zKcqAA,core,
Moraine Lake Rockpile Trail,"Improvement District No. 9, AB",51.3282264,-116.17950409999999,,https://www.google.com/maps?ftid=0x53775b8d5b3292eb:0xcc7e3984b25a9e3,0x53775b8d5b3292eb:0xcc7e3984b25a9e3,/g/11tsh61_2n,Zach J.,Alberta Places,3C2H3oIS4n013AChLgQc_odlaarv0A,🥾,hike,visited,Alberta Places,3C2H3oIS4n013AChLgQc_odlaarv0A,core,
Photo Trail Trailhead,"Birdseye Trailhead Rd, Panguitch, UT 84759, United States",37.7455906,-112.3268282,,https://www.google.com/maps?ftid=0x87355fb2fe2d8799:0xbe5123d36c50f78f,0x87355fb2fe2d8799:0xbe5123d36c50f78f,/g/11h3mvdthn,Zach J.,Utah Places,yxf29Fw1SnujpoH_zKcqAA,🥾,hike,visited,Utah Places,yxf29Fw1SnujpoH_zKcqAA,core,
Valley of the Five Lakes Trail,"Jasper, AB T0E 1E0",52.815596,-118.0077874,,https://www.google.com/maps?ftid=0x5382c85555555555:0x571c321cd5152e8f,0x5382c85555555555:0x571c321cd5152e8f,/g/11b5wmdc4h,Zach J.,Alberta Places,3C2H3oIS4n013AChLgQc_odlaarv0A,🥾,hike,visited,Alberta Places,3C2H3oIS4n013AChLgQc_odlaarv0A,core,
Vancouver Lookout,"555 W Hastings St, Vancouver, BC V6B 4N6",49.2849182,-123.11222839999999,Go for the restaurant to save the price of a ticket.,https://www.google.com/maps?ftid=0x5486717860aced7d:0x50dd6fe331e37ba1,0x5486717860aced7d:0x50dd6fe331e37ba1,/g/1tfv070d,Zach J.,BC Places,J-HTPTrrRB2hdSQ_jx2gvA,🥾,hike,visited,BC Places,J-HTPTrrRB2hdSQ_jx2gvA,core,
Zermatt Matterhorn Viewpoint,"Mürini, 3920 Zermatt, Switzerland",46.0255192,7.7562272,,https://www.google.com/maps?ftid=0x478f37f05c93b8cb:0xe0e035d8d95f8b95,0x478f37f05c93b8cb:0xe0e035d8d95f8b95,/g/11f7r18jgk,Zach J.,Switzerland Places,OvARGjqcJqUpQGyHwNiftD3eqtby6g,🥾,hike,visited,Switzerland Places,OvARGjqcJqUpQGyHwNiftD3eqtby6g,core,
Ao Island,,33.7357118,132.4816635,,https://www.google.com/maps?ftid=0x3545615a1e5be903:0xa6a816cd520f72b0,0x3545615a1e5be903:0xa6a816cd520f72b0,,Zach J.,Japan Places,4MFKvfwkuooLXdFwzLh7bJlLOhg8-A,🏝️,island,visited,Japan Places,4MFKvfwkuooLXdFwzLh7bJlLOhg8-A,core,
Coney Island,"Coney Island, Brooklyn, NY, USA",40.5755438,-73.9707016,Ya know it.,https://www.google.com/maps?ftid=0x89c24448979d75cb:0x54745adc3c8f1179,0x89c24448979d75cb:0x54745adc3c8f1179,/m/013r41,Zach J.,"New York, New York",m7FS_hkzSJJEPgD5o0716tZ4PbE9XQ,🏝️,island,visited,"New York, New York",m7FS_hkzSJJEPgD5o0716tZ4PbE9XQ,core,
Hashima Island,,32.6276331,129.7385256,,https://www.google.com/maps?ftid=0x3515469d4b782379:0xa8d331536ecbeea4,0x3515469d4b782379:0xa8d331536ecbeea4,,Zach J.,Japan Places,4MFKvfwkuooLXdFwzLh7bJlLOhg8-A,🏝️,island,visited,Japan Places,4MFKvfwkuooLXdFwzLh7bJlLOhg8-A,core,
Tashirojima (Cat Island),,38.2941925,141.4164401,,https://www.google.com/maps?ftid=0x5f89c0122580d9c9:0xff9c8e548d4cc212,0x5f89c0122580d9c9:0xff9c8e548d4cc212,,Zach J.,Japan Places,4MFKvfwkuooLXdFwzLh7bJlLOhg8-A,🏝️,island,visited,Japan Places,4MFKvfwkuooLXdFwzLh7bJlLOhg8-A,core,
"""Arbeit Macht Frei"" Sign Gate","32-600 Oświęcim, Poland",50.0274473,19.2033952,Part of Auschwitz complex.,https://www.google.com/maps?ftid=0x47169584536c4141:0xd885c2671853c9f2,0x47169584536c4141:0xd885c2671853c9f2,/g/11j2kh2c82,Zach J.,Poland Places,rJiYI8AwTOeCZ372vYFwILDmTQWZ1w,🌉,landmark,visited,Poland Places,rJiYI8AwTOeCZ372vYFwILDmTQWZ1w,core,
168 Stairs,"Busan, Dong-gu, Yeongcho-gil, 191",35.1172177,129.0354571,,https://www.google.com/maps?ftid=0x3568e97df4e3a78b:0xf2fcf970d280d918,0x3568e97df4e3a78b:0xf2fcf970d280d918,/g/1pp2vgtzw,Zach J.,South Korea Places,eq-jX2C0L9Am26jRVNLfIlkd0WnWLw,🌉,landmark,visited,South Korea Places,eq-jX2C0L9Am26jRVNLfIlkd0WnWLw,core,
30 Rockefeller Plaza,,40.7593755,-73.9799726,30 Rock,https://www.google.com/maps?ftid=0x89c258fed13413e3:0x5c62dc09ad40a02e,0x89c258fed13413e3:0x5c62dc09ad40a02e,,Zach J.,"New York, New York",m7FS_hkzSJJEPgD5o0716tZ4PbE9XQ,🌉,landmark,visited,"New York, New York",m7FS_hkzSJJEPgD5o0716tZ4PbE9XQ,core,
36 Po,"Rynok Square, 36, Lviv, Lviv Oblast, Ukraine, 79008",49.842444,24.0308834,,https://www.google.com/maps?ftid=0x473add6da05c5479:0x38d90d57217cf39,0x473add6da05c5479:0x38d90d57217cf39,/g/11hcsx9z9_,Zach J.,Ukraine Places,rtZlzg3DJ3HuV0pqVKIPqr7kz2er6A,🌉,landmark,visited,Ukraine Places,rtZlzg3DJ3HuV0pqVKIPqr7kz2er6A,core,
Baldwin Steps,,43.6776998,-79.4082392,Good for skyline and portraits.,https://www.google.com/maps?ftid=0x882b349c2fe13c03:0x5e6d5c97b3c0c98e,0x882b349c2fe13c03:0x5e6d5c97b3c0c98e,,Zach J.,Toronto Photography,EBdYtSZKT2SzsVOBUpVjfw,🌉,landmark,visited,Toronto Photography,EBdYtSZKT2SzsVOBUpVjfw,core,
Barney’s Beanery,"1351 3rd Street Promenade, Santa Monica, CA 90401, United States",34.016214,-118.49623749999999,Fun bar,https://www.google.com/maps?ftid=0x80c2a4cfc1253581:0x16926a6e26d5d7c2,0x80c2a4cfc1253581:0x16926a6e26d5d7c2,/g/1v0ll0wl,Zach J.,California Places,aTaCY8tke-6jFT8XQ0SVYBXQZ4k60Q,🌉,landmark,visited,California Places,aTaCY8tke-6jFT8XQ0SVYBXQZ4k60Q,core,
Belém Tower,,38.691583699999995,-9.215977299999999,,https://www.google.com/maps?ftid=0xd1ecb42c3c29c4b:0x3002dcadcf52513f,0xd1ecb42c3c29c4b:0x3002dcadcf52513f,,Zach J.,Portugal Places,PJetNvIfkAY8zDHfGEEQlDLG4G2qyg,🌉,landmark,visited,Portugal Places,PJetNvIfkAY8zDHfGEEQlDLG4G2qyg,core,
Boris Nemtsov Plaza,"2698-2600 Wisconsin Ave NW, Washington, DC 20007, United States",38.9243753,-77.073038,,https://www.google.com/maps?ftid=0x89b7b6246d7da1b7:0x9a57e258e2b9f1c,0x89b7b6246d7da1b7:0x9a57e258e2b9f1c,/g/11hbw3_42m,Zach J.,Washington DC Places,LcNB3Ku1niTAsy0qH-HKT1v9d_odjw,🌉,landmark,visited,Washington DC Places,LcNB3Ku1niTAsy0qH-HKT1v9d_odjw,core,
Brandenburg Gate,,52.516274599999996,13.377704,"Famous place, monument.",https://www.google.com/maps?ftid=0x47a851c655f20989:0x26bbfb4e84674c63,0x47a851c655f20989:0x26bbfb4e84674c63,,Zach J.,Deutschland Places,_xr3THKc69o0Q1Jj4xw49b6So0Yt2Q,🌉,landmark,visited,Deutschland Places,_xr3THKc69o0Q1Jj4xw49b6So0Yt2Q,core,
Cambus o’ May Suspension Bridge,"Cambus o'May, Ballater AB35 5SE, United Kingdom",57.0657577,-2.9569443,,https://www.google.com/maps?ftid=0x4885d1fe19d128af:0xf35960ecd7c7ec0b,0x4885d1fe19d128af:0xf35960ecd7c7ec0b,/g/11gy3dz15d,Zach J.,Land of Scots,nrpv0PI_5p-7UBIdU0S_VRRVZzdshQ,🌉,landmark,visited,Land of Scots,nrpv0PI_5p-7UBIdU0S_VRRVZzdshQ,core,
Charles Bridge,"Karlův most, 110 00 Praha 1, Czechia",50.086477099999996,14.4114366,,https://www.google.com/maps?ftid=0x470b94e5e58eb59f:0x75209738d1d3b126,0x470b94e5e58eb59f:0x75209738d1d3b126,/m/02kjh8,Zach J.,Czech Republic Places,5Sbx3FnNAI1ouog5bO7G95yNPypkiA,🌉,landmark,visited,Czech Republic Places,5Sbx3FnNAI1ouog5bO7G95yNPypkiA,core,
Cloud Gate,"201 E Randolph St, Chicago, IL 60602, United States",41.8826572,-87.6233039,,https://www.google.com/maps?ftid=0x880e2ca687332bf5:0x64d3fefce3a4a51,0x880e2ca687332bf5:0x64d3fefce3a4a51,/m/09_bjd,Zach J.,Illinois Places,jvmK2Q-VUEhCXxu8GrJbdro33fvGTw,🌉,landmark,visited,Illinois Places,jvmK2Q-VUEhCXxu8GrJbdro33fvGTw,core,
Cock Bridge,"Cock Bridge, Strathdon AB36 8YP, UK",57.165621699999996,-3.2306046999999998,,https://www.google.com/maps?ftid=0x4885c141729eeb71:0xa0c681c77def1d0,0x4885c141729eeb71:0xa0c681c77def1d0,/m/0jwvcgc,Zach J.,Land of Scots,nrpv0PI_5p-7UBIdU0S_VRRVZzdshQ,🌉,landmark,visited,Land of Scots,nrpv0PI_5p-7UBIdU0S_VRRVZzdshQ,core,
Coit Tower,"1 Telegraph Hill Blvd, San Francisco, CA 94133, United States",37.802394899999996,-122.40582219999999,,https://www.google.com/maps?ftid=0x8085808c40000001:0xde85b80121f2dd44,0x8085808c40000001:0xde85b80121f2dd44,/m/022q0n,Zach J.,California Places,aTaCY8tke-6jFT8XQ0SVYBXQZ4k60Q,🌉,landmark,visited,California Places,aTaCY8tke-6jFT8XQ0SVYBXQZ4k60Q,core,
Congo Square,"701 N Rampart St, New Orleans, LA 70116, United States",29.9612773,-90.06866989999999,,https://www.google.com/maps?ftid=0x8620a60f6b9db0cf:0xcfa0942951277e39,0x8620a60f6b9db0cf:0xcfa0942951277e39,/m/0cgfzt,Zach J.,'Murica Road Trip,D0K89-5vgjBHw6XsSCispo4wxNwsVA,🌉,landmark,visited,'Murica Road Trip,D0K89-5vgjBHw6XsSCispo4wxNwsVA,core,
Eiffel Tower,"Champ de Mars, 5 Av. Anatole France, 75007 Paris, France",48.858370099999995,2.2944812999999997,Radio antenna.,https://www.google.com/maps?ftid=0x47e66e2964e34e2d:0x8ddca9ee380ef7e0,0x47e66e2964e34e2d:0x8ddca9ee380ef7e0,/m/02j81,Zach J.,France,1a9PFoaE6QmGPm2JEsIX4DjQqMe7dQ,🌉,landmark,visited,France,1a9PFoaE6QmGPm2JEsIX4DjQqMe7dQ,core,
Fountain of the Gods,,36.1190765,-115.17614959999999,,https://www.google.com/maps?ftid=0x80c8c56896e223b9:0x27ef6040016476da,0x80c8c56896e223b9:0x27ef6040016476da,,Zach J.,Las Vegas & Beyond,s8jsj3Ck0g54qiNSl6LBxHqr130VlA,🌉,landmark,visited,Las Vegas & Beyond,s8jsj3Ck0g54qiNSl6LBxHqr130VlA,core,
Fountain on the Maria Magdalena Square,"plac Świętej Marii Magdaleny, 31-001 Kraków, Poland",50.056874699999995,19.9377052,,https://www.google.com/maps?ftid=0x47165b52da64d383:0xbb5841d66f57d52f,0x47165b52da64d383:0xbb5841d66f57d52f,/g/11g24xm6j6,Zach J.,Poland Places,rJiYI8AwTOeCZ372vYFwILDmTQWZ1w,🌉,landmark,visited,Poland Places,rJiYI8AwTOeCZ372vYFwILDmTQWZ1w,core,
G-Tower Augarten,,48.2259025,16.3732687,WWII relic/ruins.,https://www.google.com/maps?ftid=0x476d072d4759808f:0x7351ec4aa21455c5,0x476d072d4759808f:0x7351ec4aa21455c5,,Zach J.,Austria-ish Places,JW6_PhOiwD9hqDmWcuJh6u67rjwIwA,🌉,landmark,visited,Austria-ish Places,JW6_PhOiwD9hqDmWcuJh6u67rjwIwA,core,
Gimbel's Bridge,"101-139 W 32nd St, New York, NY 10001, United States",40.748882099999996,-73.98952729999999,Art Deco bridge connecting two skyscrapers.,https://www.google.com/maps?ftid=0x89c259aed7442b1b:0x65c7f370e97bbc68,0x89c259aed7442b1b:0x65c7f370e97bbc68,/g/11c3vj9v19,Zach J.,"New York, New York",m7FS_hkzSJJEPgD5o0716tZ4PbE9XQ,🌉,landmark,visited,"New York, New York",m7FS_hkzSJJEPgD5o0716tZ4PbE9XQ,core,
Glen Road pedestrian bridge,,43.6730765,-79.3749503,"Nice ravine, landscape.",https://www.google.com/maps?ftid=0x89d4cb541c2421c3:0xb1fc4bb4d9a57de1,0x89d4cb541c2421c3:0xb1fc4bb4d9a57de1,,Zach J.,Toronto Photography,EBdYtSZKT2SzsVOBUpVjfw,🌉,landmark,visited,Toronto Photography,EBdYtSZKT2SzsVOBUpVjfw,core,
Golden Gate,"Volodymyrska St, 40А, Kyiv, Ukraine, 01034",50.448761999999995,30.5133247,,https://www.google.com/maps?ftid=0x40d4cf0075ea368b:0xeea22a4d2fdba6dd,0x40d4cf0075ea368b:0xeea22a4d2fdba6dd,/g/11b6y91wqc,Zach J.,Ukraine Places,rtZlzg3DJ3HuV0pqVKIPqr7kz2er6A,🌉,landmark,visited,Ukraine Places,rtZlzg3DJ3HuV0pqVKIPqr7kz2er6A,core,
Golden Gate View Point,"Old Conzelman Rd, Mill Valley, CA 94941, United States",37.8287328,-122.4860231,,https://www.google.com/maps?ftid=0x80858429f49a5beb:0xa05820cc201717ff,0x80858429f49a5beb:0xa05820cc201717ff,/g/11ckqn2ml5,Zach J.,California Places,aTaCY8tke-6jFT8XQ0SVYBXQZ4k60Q,🌉,landmark,visited,California Places,aTaCY8tke-6jFT8XQ0SVYBXQZ4k60Q,core,
Guinness Storehouse,"St. James's Gate, Dublin 8, D08 VF8H, Ireland",53.3416694,-6.286728399999999,,https://www.google.com/maps?ftid=0x48670e8440c5056b:0xb31933927505e7a2,0x48670e8440c5056b:0xb31933927505e7a2,/m/02p9xg3,Zach J.,Ireland,PZ1939FGYznLJLfbw23DtttFpkZvgg,🌉,landmark,visited,Ireland,PZ1939FGYznLJLfbw23DtttFpkZvgg,core,
Ha'penny Bridge,"Bachelors Walk, North City, Dublin, Ireland",53.3463347,-6.2631029,,https://www.google.com/maps?ftid=0x48670e8361927b15:0x47d5361c712db86f,0x48670e8361927b15:0x47d5361c712db86f,/m/021wxq,Zach J.,Ireland,PZ1939FGYznLJLfbw23DtttFpkZvgg,🌉,landmark,visited,Ireland,PZ1939FGYznLJLfbw23DtttFpkZvgg,core,
Heroes' Square,"Budapest, Hősök tere, 1146 Hungary",47.5149429,19.0778626,,https://www.google.com/maps?ftid=0x4741db87f9f12169:0x34417cbcba48293f,0x4741db87f9f12169:0x34417cbcba48293f,/m/07rs16,Zach J.,Hungary Places,1a46QBe0HWmKrjJYm4D9EROGYD6JOw,🌉,landmark,visited,Hungary Places,1a46QBe0HWmKrjJYm4D9EROGYD6JOw,core,
Hickman Natural Bridge,"Utah, United States",38.2914544,-111.23433709999999,,https://www.google.com/maps?ftid=0x874a1900f0ad14ad:0x19666f936d27bae7,0x874a1900f0ad14ad:0x19666f936d27bae7,/g/1hf_ckfrh,Zach J.,Utah Places,yxf29Fw1SnujpoH_zKcqAA,🌉,landmark,visited,Utah Places,yxf29Fw1SnujpoH_zKcqAA,core,
Kintai Bridge,,34.167595899999995,132.17841049999998,,https://www.google.com/maps?ftid=0x3545343e6b6e661d:0x6654b3733cf09708,0x3545343e6b6e661d:0x6654b3733cf09708,,Zach J.,Japan Places,4MFKvfwkuooLXdFwzLh7bJlLOhg8-A,🌉,landmark,visited,Japan Places,4MFKvfwkuooLXdFwzLh7bJlLOhg8-A,core,
Kumpelʹ Na Rynku,"Rynok Square, 18, Lviv, Lviv Oblast, Ukraine, 79000",49.841190399999995,24.031705,,https://www.google.com/maps?ftid=0x473add2ac7a2b89d:0xd4ee6b9c4153c3e2,0x473add2ac7a2b89d:0xd4ee6b9c4153c3e2,/g/11h7_tjkt8,Zach J.,Ukraine Places,rtZlzg3DJ3HuV0pqVKIPqr7kz2er6A,🌉,landmark,visited,Ukraine Places,rtZlzg3DJ3HuV0pqVKIPqr7kz2er6A,core,
Lady Yum Pioneer Square,"116 S Washington St, Seattle, WA 98104, United States",47.6009842,-122.33345159999999,,https://www.google.com/maps?ftid=0x54906ba655e1c807:0x6e4ad8a4e5d9fe7d,0x54906ba655e1c807:0x6e4ad8a4e5d9fe7d,/g/11h3gchfft,Zach J.,Washington Places,WfdnMC3zRI3sfjHBnm_HrYeScehYSA,🌉,landmark,visited,Washington Places,WfdnMC3zRI3sfjHBnm_HrYeScehYSA,core,
Luís I Bridge,,41.139958899999996,-8.6094485,,https://www.google.com/maps?ftid=0xd2464e75cfd46d3:0xc25b40cf99456aab,0xd2464e75cfd46d3:0xc25b40cf99456aab,,Zach J.,Portugal Places,PJetNvIfkAY8zDHfGEEQlDLG4G2qyg,🌉,landmark,visited,Portugal Places,PJetNvIfkAY8zDHfGEEQlDLG4G2qyg,core,
Lviv Croissants,"Rynok Square, 42, Lviv, Lviv Oblast, Ukraine, 79000",49.842510399999995,24.031703099999998,"Famous city chain, many locations.",https://www.google.com/maps?ftid=0x473add09913bafa9:0xe9d6bb4d2d3bd77,0x473add09913bafa9:0xe9d6bb4d2d3bd77,/g/11h6p_t5zt,Zach J.,Ukraine Places,rtZlzg3DJ3HuV0pqVKIPqr7kz2er6A,🌉,landmark,visited,Ukraine Places,rtZlzg3DJ3HuV0pqVKIPqr7kz2er6A,core,
Nana Plaza,"3, 1 Sukhumvit Rd, เขต คลองตัน, Khlong Toei, Bangkok 10110",13.7413718,100.55330819999999,,https://www.google.com/maps?ftid=0x30e29ee747d4c47b:0xcd4b1377d9138499,0x30e29ee747d4c47b:0xcd4b1377d9138499,/m/043thy,Zach J.,Thailand Places,8ZLYjtP28NdeHaxAFNWuqLewhbemIw,🌉,landmark,visited,Thailand Places,8ZLYjtP28NdeHaxAFNWuqLewhbemIw,core,
Nandaimon Gate of Tōdaiji,,34.6858076,135.83987679999998,,https://www.google.com/maps?ftid=0x60013990f91570e9:0x802a25db25e31110,0x60013990f91570e9:0x802a25db25e31110,,Zach J.,Japan Places,4MFKvfwkuooLXdFwzLh7bJlLOhg8-A,🌉,landmark,visited,Japan Places,4MFKvfwkuooLXdFwzLh7bJlLOhg8-A,core,
Oberbaum Bridge,,52.5017657,13.4456198,"Famous place, architecture.",https://www.google.com/maps?ftid=0x47a84e51b9cfd461:0x45afb3ee487dda83,0x47a84e51b9cfd461:0x45afb3ee487dda83,,Zach J.,Deutschland Places,_xr3THKc69o0Q1Jj4xw49b6So0Yt2Q,🌉,landmark,visited,Deutschland Places,_xr3THKc69o0Q1Jj4xw49b6So0Yt2Q,core,
Old Town Bridge Tower,"Karlův most, 110 00 Praha 1, Czechia",50.0862306,14.4136141,,https://www.google.com/maps?ftid=0x470b94e5e955b231:0x1006723ccf34cd64,0x470b94e5e955b231:0x1006723ccf34cd64,/g/1234n3hk,Zach J.,Czech Republic Places,5Sbx3FnNAI1ouog5bO7G95yNPypkiA,🌉,landmark,visited,Czech Republic Places,5Sbx3FnNAI1ouog5bO7G95yNPypkiA,core,
Old Town Square,"Staroměstské nám., 110 00 Josefov, Czechia",50.0875692,14.421187399999999,,https://www.google.com/maps?ftid=0x470b94e93451fa21:0x97ef2407c21e72c4,0x470b94e93451fa21:0x97ef2407c21e72c4,/m/0bf4ym,Zach J.,Czech Republic Places,5Sbx3FnNAI1ouog5bO7G95yNPypkiA,🌉,landmark,visited,Czech Republic Places,5Sbx3FnNAI1ouog5bO7G95yNPypkiA,core,
Pegasus Bridge,"Pegasus Bridge, Rue du Dom. de Camilly, 14970 Bénouville, France",49.242386499999995,-0.2742652,Key bridge in Operation Overlord.,https://www.google.com/maps?ftid=0x480a666263cb7623:0x2a8f4f89e141602e,0x480a666263cb7623:0x2a8f4f89e141602e,/g/11c2pjnsnf,Zach J.,France,1a9PFoaE6QmGPm2JEsIX4DjQqMe7dQ,🌉,landmark,visited,France,1a9PFoaE6QmGPm2JEsIX4DjQqMe7dQ,core,
Prague Astronomical Clock,"Staroměstské nám. 1, 110 00 Josefov, Czechia",50.0870215,14.4207065,,https://www.google.com/maps?ftid=0x470b94e939c02f49:0xf17b44b25aa20696,0x470b94e939c02f49:0xf17b44b25aa20696,/m/032t0f,Zach J.,Czech Republic Places,5Sbx3FnNAI1ouog5bO7G95yNPypkiA,🌉,landmark,visited,Czech Republic Places,5Sbx3FnNAI1ouog5bO7G95yNPypkiA,core,
Queensboro Plaza Station,"Queens, NY 11101, United States",40.75058,-73.94019999999999,Cool skyline view on the upper deck towards Manhattan.,https://www.google.com/maps?ftid=0x89c258d5b929c0d5:0x33ce5bba0a99dbaf,0x89c258d5b929c0d5:0x33ce5bba0a99dbaf,/g/11bc6bysrd,Zach J.,"New York, New York",m7FS_hkzSJJEPgD5o0716tZ4PbE9XQ,🌉,landmark,visited,"New York, New York",m7FS_hkzSJJEPgD5o0716tZ4PbE9XQ,core,
Sungnyemun Gate (Namdaemun),"40 Sejong-daero, Jung District, Seoul",37.559984,126.9753071,,https://www.google.com/maps?ftid=0x357ca3cf536802a3:0xbd94666bbf6162e3,0x357ca3cf536802a3:0xbd94666bbf6162e3,/m/02pzlw,Zach J.,South Korea Places,eq-jX2C0L9Am26jRVNLfIlkd0WnWLw,🌉,landmark,visited,South Korea Places,eq-jX2C0L9Am26jRVNLfIlkd0WnWLw,core,
The Alamo,"300 Alamo Plaza, San Antonio, TX 78205, United States",29.425967099999998,-98.48614189999999,,https://www.google.com/maps?ftid=0x865c5f554d36895f:0x17f98f0f84e7c422,0x865c5f554d36895f:0x17f98f0f84e7c422,/m/0121j3,Zach J.,Texas,1S_gekS-v4RZuZLaRNwLRkv_EUSNYw,🌉,landmark,visited,Texas,1S_gekS-v4RZuZLaRNwLRkv_EUSNYw,core,
The Brazen Head,"20 Lower Bridge St, Usher's Quay, Dublin, D08 WC64, Ireland",53.3449326,-6.2763323,Very old pub.,https://www.google.com/maps?ftid=0x48670c2f59990ae7:0x316ccdee24ae96ab,0x48670c2f59990ae7:0x316ccdee24ae96ab,/m/0swl57s,Zach J.,Ireland,PZ1939FGYznLJLfbw23DtttFpkZvgg,🌉,landmark,visited,Ireland,PZ1939FGYznLJLfbw23DtttFpkZvgg,core,
The Exorcist Steps,"Washington, DC 20007, United States",38.905481099999996,-77.07018,,https://www.google.com/maps?ftid=0x89b7b70d36c649b5:0xd0903e57cc46bce3,0x89b7b70d36c649b5:0xd0903e57cc46bce3,/g/11sfdlc87v,Zach J.,Washington DC Places,LcNB3Ku1niTAsy0qH-HKT1v9d_odjw,🌉,landmark,visited,Washington DC Places,LcNB3Ku1niTAsy0qH-HKT1v9d_odjw,core,
Times Square,"Manhattan, NY 10036, United States",40.7579747,-73.9855426,,https://www.google.com/maps?ftid=0x89c25855c6480299:0x55194ec5a1ae072e,0x89c25855c6480299:0x55194ec5a1ae072e,/m/07qdr,Zach J.,"New York, New York",m7FS_hkzSJJEPgD5o0716tZ4PbE9XQ,🌉,landmark,visited,"New York, New York",m7FS_hkzSJJEPgD5o0716tZ4PbE9XQ,core,
Tokyo Tower,,35.6585805,139.7454329,,https://www.google.com/maps?ftid=0x60188bbd9009ec09:0x481a93f0d2a409dd,0x60188bbd9009ec09:0x481a93f0d2a409dd,,Zach J.,Japan Places,4MFKvfwkuooLXdFwzLh7bJlLOhg8-A,🌉,landmark,visited,Japan Places,4MFKvfwkuooLXdFwzLh7bJlLOhg8-A,core,
Tower of London,,51.508112399999995,-0.0759493,,https://www.google.com/maps?ftid=0x48760349331f38dd:0xa8bf49dde1d56467,0x48760349331f38dd:0xa8bf49dde1d56467,,Zach J.,London (The British One),Dc1pjbzURxS4lLc15TJmfg,🌉,landmark,visited,London (The British One),Dc1pjbzURxS4lLc15TJmfg,core,
Trafalgar Square,,51.508039,-0.128069,,https://www.google.com/maps?ftid=0x487604ce3941eb1f:0x1a5342fdf089c627,0x487604ce3941eb1f:0x1a5342fdf089c627,,Zach J.,London (The British One),Dc1pjbzURxS4lLc15TJmfg,🌉,landmark,visited,London (The British One),Dc1pjbzURxS4lLc15TJmfg,core,
Trump Tower,"725 5th Ave, New York, NY 10022, United States",40.7624284,-73.973794,,https://www.google.com/maps?ftid=0x89c258faf553cfad:0x8e9cfc7444d8f876,0x89c258faf553cfad:0x8e9cfc7444d8f876,/m/04qqj8,Zach J.,"New York, New York",m7FS_hkzSJJEPgD5o0716tZ4PbE9XQ,🌉,landmark,visited,"New York, New York",m7FS_hkzSJJEPgD5o0716tZ4PbE9XQ,core,
Vernissage,"Vicheva Square, Lviv, Lviv Oblast, Ukraine, 79000",49.8436041,24.028221,"Public market with some local goods, bring cash.",https://www.google.com/maps?ftid=0x473add728e8ace25:0xd6ff94454d301f2f,0x473add728e8ace25:0xd6ff94454d301f2f,/g/1pp2tzf_d,Zach J.,Ukraine Places,rtZlzg3DJ3HuV0pqVKIPqr7kz2er6A,🌉,landmark,visited,Ukraine Places,rtZlzg3DJ3HuV0pqVKIPqr7kz2er6A,core,
Willis Tower,,41.878876399999996,-87.6359149,,https://www.google.com/maps?ftid=0x880e2cbee269fbbb:0x10f6dce5eb88c7d,0x880e2cbee269fbbb:0x10f6dce5eb88c7d,,Zach J.,Illinois Places,jvmK2Q-VUEhCXxu8GrJbdro33fvGTw,🌉,landmark,visited,Illinois Places,jvmK2Q-VUEhCXxu8GrJbdro33fvGTw,core,
Yonge-Dundas Square,"1 Dundas St E, Toronto, ON M5B 2R8, Canada",43.656061199999996,-79.380301,Street photography.,https://www.google.com/maps?ftid=0x882b34cad13905ff:0xfba1e6ac7018788a,0x882b34cad13905ff:0xfba1e6ac7018788a,,Zach J.,Toronto Photography,EBdYtSZKT2SzsVOBUpVjfw,🌉,landmark,visited,Toronto Photography,EBdYtSZKT2SzsVOBUpVjfw,core,
Zero Milestone,"Zero Milestone, Ellipse Rd NW, Washington, DC 20004, USA",38.8951037,-77.0365526,,https://www.google.com/maps?ftid=0x89b7b7a326cb2537:0xfc6f99acc49aa01f,0x89b7b7a326cb2537:0xfc6f99acc49aa01f,/m/05q60m,Zach J.,Washington DC Places | 'Murica Road Trip,LcNB3Ku1niTAsy0qH-HKT1v9d_odjw | D0K89-5vgjBHw6XsSCispo4wxNwsVA,🌉,landmark,visited,Washington DC Places | 'Murica Road Trip,LcNB3Ku1niTAsy0qH-HKT1v9d_odjw | D0K89-5vgjBHw6XsSCispo4wxNwsVA,core,
Zouhouri Square,"WJ6P+PG9, Nikolaou Rossou, Larnaca 6021, Cyprus",34.911797,33.6363675,,https://www.google.com/maps?ftid=0x14e083aa5eedc387:0x7a8d924f64df6102,0x14e083aa5eedc387:0x7a8d924f64df6102,/g/11scnxfg2y,Zach J.,Cyprus Places,op1yFHMtopjnsWL6BEbTl-cVqS5sDg,🌉,landmark,visited,Cyprus Places,op1yFHMtopjnsWL6BEbTl-cVqS5sDg,core,
9/11 Memorial,,40.7115776,-74.0133362,September 11th memorial site.,https://www.google.com/maps?ftid=0x89c25a1a3be8cb45:0xf430ccc5401d1eed,0x89c25a1a3be8cb45:0xf430ccc5401d1eed,,Zach J.,"New York, New York",m7FS_hkzSJJEPgD5o0716tZ4PbE9XQ,🗿,monument,visited,"New York, New York",m7FS_hkzSJJEPgD5o0716tZ4PbE9XQ,core,
"Adam Mickiewicz Monument, Kraków","Rynek Główny, 30-962 Kraków, Poland",50.061465999999996,19.9379968,,https://www.google.com/maps?ftid=0x47165b0dffde0d5d:0xd82e87c1a4de28a,0x47165b0dffde0d5d:0xd82e87c1a4de28a,/m/02771c7,Zach J.,Poland Places,rJiYI8AwTOeCZ372vYFwILDmTQWZ1w,🗿,monument,visited,Poland Places,rJiYI8AwTOeCZ372vYFwILDmTQWZ1w,core,
Balto Statue,"East Dr, New York, NY 10022, United States",40.7699742,-73.9710197,,https://www.google.com/maps?ftid=0x89c258ed89074353:0x35c71b135cfce478,0x89c258ed89074353:0x35c71b135cfce478,/g/1tcxw4dt,Zach J.,"New York, New York",m7FS_hkzSJJEPgD5o0716tZ4PbE9XQ,🗿,monument,visited,"New York, New York",m7FS_hkzSJJEPgD5o0716tZ4PbE9XQ,core,
Berlin Wall Memorial,,52.535052099999994,13.3901898,"Famous place, architecture.",https://www.google.com/maps?ftid=0x47a851f217b14267:0xea53fe8afbc1b1ac,0x47a851f217b14267:0xea53fe8afbc1b1ac,,Zach J.,Deutschland Places,_xr3THKc69o0Q1Jj4xw49b6So0Yt2Q,🗿,monument,visited,Deutschland Places,_xr3THKc69o0Q1Jj4xw49b6So0Yt2Q,core,
Brigham Young Monument,"15 E S Temple St, Salt Lake City, UT 84101, United States",40.769563399999996,-111.891099,,https://www.google.com/maps?ftid=0x8752f5088a46ba35:0x28e3be35af6bacac,0x8752f5088a46ba35:0x28e3be35af6bacac,/m/07s7t35,Zach J.,Utah Places,yxf29Fw1SnujpoH_zKcqAA,🗿,monument,visited,Utah Places,yxf29Fw1SnujpoH_zKcqAA,core,
Centralhof Monument,"8001 Zürich, Switzerland",47.3692785,8.5401103,,https://www.google.com/maps?ftid=0x47900a00899263fd:0xa34b042de79fd9ce,0x47900a00899263fd:0xa34b042de79fd9ce,/g/11hcsktr_s,Zach J.,Switzerland Places,OvARGjqcJqUpQGyHwNiftD3eqtby6g,🗿,monument,visited,Switzerland Places,OvARGjqcJqUpQGyHwNiftD3eqtby6g,core,
Dachau Concentration Camp Memorial Site,,48.267930299999996,11.4687875,"Famous place, concentration camp.",https://www.google.com/maps?ftid=0x479e7a8ac83900a9:0x16794e4417b9a406,0x479e7a8ac83900a9:0x16794e4417b9a406,,Zach J.,Deutschland Places,_xr3THKc69o0Q1Jj4xw49b6So0Yt2Q,🗿,monument,visited,Deutschland Places,_xr3THKc69o0Q1Jj4xw49b6So0Yt2Q,core,
Four Corners Monument,"597 NM-597, Teec Nos Pos, AZ 86514, United States",36.9989767,-109.04517159999999,,https://www.google.com/maps?ftid=0x873a25d2c9c70acd:0xc9945bd27b66993a,0x873a25d2c9c70acd:0xc9945bd27b66993a,/m/0cqd1,Zach J.,Utah Places,yxf29Fw1SnujpoH_zKcqAA,🗿,monument,visited,Utah Places,yxf29Fw1SnujpoH_zKcqAA,core,
Independence Monument,"Maidan Nezalezhnosti, Kyiv, Ukraine, 02000",50.449557399999996,30.525371399999997,,https://www.google.com/maps?ftid=0x40d4ce517313ffff:0x8ecfad616671ad39,0x40d4ce517313ffff:0x8ecfad616671ad39,/m/0134vwnl,Zach J.,Ukraine Places,rtZlzg3DJ3HuV0pqVKIPqr7kz2er6A,🗿,monument,visited,Ukraine Places,rtZlzg3DJ3HuV0pqVKIPqr7kz2er6A,core,
John F. Kennedy Memorial Plaza,"646 Main St, Dallas, TX 75202, United States",32.7787249,-96.8064507,,https://www.google.com/maps?ftid=0x864e9916595df213:0x9def717756fe8dd2,0x864e9916595df213:0x9def717756fe8dd2,/m/06cdsq,Zach J.,Texas,1S_gekS-v4RZuZLaRNwLRkv_EUSNYw,🗿,monument,visited,Texas,1S_gekS-v4RZuZLaRNwLRkv_EUSNYw,core,
Kaiser Wilhelm Memorial Church,,52.504818,13.335082,"Famous place, church demolished in allied air raids.",https://www.google.com/maps?ftid=0x47a850ff09fc6b77:0x1070dac9e29eb09c,0x47a850ff09fc6b77:0x1070dac9e29eb09c,,Zach J.,Deutschland Places,_xr3THKc69o0Q1Jj4xw49b6So0Yt2Q,🗿,monument,visited,Deutschland Places,_xr3THKc69o0Q1Jj4xw49b6So0Yt2Q,core,
Last Camp Site Monument,"6329 Emigration Canyon Rd, Salt Lake City, UT 84108, United States",40.7787754,-111.7292669,Mormon thing.,https://www.google.com/maps?ftid=0x87525dcfe1539697:0x1b5f9571e1d0b654,0x87525dcfe1539697:0x1b5f9571e1d0b654,/g/11t7cdjd3b,Zach J.,Utah Places,yxf29Fw1SnujpoH_zKcqAA,🗿,monument,visited,Utah Places,yxf29Fw1SnujpoH_zKcqAA,core,
Lincoln Memorial,"2 Lincoln Memorial Cir NW, Washington, DC 20002, United States",38.8892686,-77.050176,,https://www.google.com/maps?ftid=0x89b7b771e0906287:0x1049d1c9c95c2eb6,0x89b7b771e0906287:0x1049d1c9c95c2eb6,/m/0drzq,Zach J.,Washington DC Places | 'Murica Road Trip,LcNB3Ku1niTAsy0qH-HKT1v9d_odjw | D0K89-5vgjBHw6XsSCispo4wxNwsVA,🗿,monument,visited,Washington DC Places | 'Murica Road Trip,LcNB3Ku1niTAsy0qH-HKT1v9d_odjw | D0K89-5vgjBHw6XsSCispo4wxNwsVA,core,
Memorial to the Murdered Jews of Europe,,52.5139474,13.3787126,"Famous place, holocaust memorial.",https://www.google.com/maps?ftid=0x47a851c607196a5b:0x1434a79012ee5bc8,0x47a851c607196a5b:0x1434a79012ee5bc8,,Zach J.,Deutschland Places,_xr3THKc69o0Q1Jj4xw49b6So0Yt2Q,🗿,monument,visited,Deutschland Places,_xr3THKc69o0Q1Jj4xw49b6So0Yt2Q,core,
Monument to the Discoveries,"Av. Brasília, 1400-038 Lisboa, Portugal",38.6935973,-9.2057115,,https://www.google.com/maps?ftid=0xd1ecb440d5eca49:0x7f48f00e8bf9e619,0xd1ecb440d5eca49:0x7f48f00e8bf9e619,/m/07cbm7,Zach J.,Portugal Places,PJetNvIfkAY8zDHfGEEQlDLG4G2qyg,🗿,monument,visited,Portugal Places,PJetNvIfkAY8zDHfGEEQlDLG4G2qyg,core,
Monument Valley,"Arizona, United States",36.938510699999995,-110.0916343,,https://www.google.com/maps?ftid=0x87373183ffa168fd:0xcd9f911704a64b6e,0x87373183ffa168fd:0xcd9f911704a64b6e,/m/02k_sn,Zach J.,Utah Places,yxf29Fw1SnujpoH_zKcqAA,🗿,monument,visited,Utah Places,yxf29Fw1SnujpoH_zKcqAA,core,
Mount Rushmore National Memorial,"Keystone, SD 57751, United States",43.880335699999996,-103.45377459999999,,https://www.google.com/maps?ftid=0x877d35d8b53ed6df:0xdaf53dbe055cc641,0x877d35d8b53ed6df:0xdaf53dbe055cc641,/m/019dvv,Zach J.,South Dakota Places,57X3K7m35rFl11lXp4rw-o52_p_I3A,🗿,monument,visited,South Dakota Places,57X3K7m35rFl11lXp4rw-o52_p_I3A,core,
President John F. Kennedy Gravesite,"1 Sheridan Dr, Fort Myer, VA 22211, United States",38.8815156,-77.07146999999999,,https://www.google.com/maps?ftid=0x89b7b6f1af77b705:0xc06169a552d5398b,0x89b7b6f1af77b705:0xc06169a552d5398b,/m/03z909,Zach J.,Washington DC Places | 'Murica Road Trip,LcNB3Ku1niTAsy0qH-HKT1v9d_odjw | D0K89-5vgjBHw6XsSCispo4wxNwsVA,🗿,monument,visited,Washington DC Places | 'Murica Road Trip,LcNB3Ku1niTAsy0qH-HKT1v9d_odjw | D0K89-5vgjBHw6XsSCispo4wxNwsVA,core,
Soviet War Memorial Treptow,,52.4861394,13.471957699999999,Memorial,https://www.google.com/maps?ftid=0x47a84f1eb536508b:0x2dcc89628722c40,0x47a84f1eb536508b:0x2dcc89628722c40,,Zach J.,Deutschland Places,_xr3THKc69o0Q1Jj4xw49b6So0Yt2Q,🗿,monument,visited,Deutschland Places,_xr3THKc69o0Q1Jj4xw49b6So0Yt2Q,core,
Statue of Franz Kafka,"Dušní, 110 00 Staré Město, Czechia",50.0901225,14.420734399999999,,https://www.google.com/maps?ftid=0x470b94e9b5365a33:0x5be787a8d3dcac33,0x470b94e9b5365a33:0x5be787a8d3dcac33,/g/11bzyxwdhm,Zach J.,Czech Republic Places,5Sbx3FnNAI1ouog5bO7G95yNPypkiA,🗿,monument,visited,Czech Republic Places,5Sbx3FnNAI1ouog5bO7G95yNPypkiA,core,
Statue of Liberty Paris,"All. des Cygnes, 75015 Paris, France",48.850024499999996,2.2796829,,https://www.google.com/maps?ftid=0x47e6700655f59a43:0x196a515d7ff0d96b,0x47e6700655f59a43:0x196a515d7ff0d96b,/g/125n0yycl,Zach J.,France,1a9PFoaE6QmGPm2JEsIX4DjQqMe7dQ,🗿,monument,visited,France,1a9PFoaE6QmGPm2JEsIX4DjQqMe7dQ,core,
Takahama Kyoshi's Haiku Monument,"Japan, 〒286-0023 Chiba, Narita, 1 成田山新勝寺",35.7856168,140.3211938,"咲く花も 枯れ果てるか 時の流れ
""Flowers in bloom— Wither completely, The flow of time.""

一つの音 静けさや 木の葉の落ちる 一つの音
""A single sound— Silence, The falling leaf, A single sound.""",https://www.google.com/maps?ftid=0x60228b17e5aaaab1:0xda16836f3c0268d8,0x60228b17e5aaaab1:0xda16836f3c0268d8,/g/11gd679lbm,Zach J.,Japan Places,4MFKvfwkuooLXdFwzLh7bJlLOhg8-A,🗿,monument,visited,Japan Places,4MFKvfwkuooLXdFwzLh7bJlLOhg8-A,core,
The Oscar Wilde Memorial,"Oscar Wilde Monument, Dublin, Ireland",53.3408162,-6.2505294,,https://www.google.com/maps?ftid=0x48670e90d25b3fff:0x75de2a37654945b0,0x48670e90d25b3fff:0x75de2a37654945b0,/g/11c1nzpcwx,Zach J.,Ireland,PZ1939FGYznLJLfbw23DtttFpkZvgg,🗿,monument,visited,Ireland,PZ1939FGYznLJLfbw23DtttFpkZvgg,core,
The Tomb of the Unknown Soldier,"1 Wilson Ave, Fort Myer, VA 22211, United States",38.8763796,-77.0721741,,https://www.google.com/maps?ftid=0x89b7b6ec929d5935:0xd62223248a61f41c,0x89b7b6ec929d5935:0xd62223248a61f41c,/m/0htld,Zach J.,Washington DC Places | 'Murica Road Trip,LcNB3Ku1niTAsy0qH-HKT1v9d_odjw | D0K89-5vgjBHw6XsSCispo4wxNwsVA,🗿,monument,visited,Washington DC Places | 'Murica Road Trip,LcNB3Ku1niTAsy0qH-HKT1v9d_odjw | D0K89-5vgjBHw6XsSCispo4wxNwsVA,core,
This Is The Place Monument,"2601 E Sunnyside Ave, Salt Lake City, UT 84108, United States",40.7520676,-111.8162241,,https://www.google.com/maps?ftid=0x87525fd696869429:0x258af33f2fdf68d9,0x87525fd696869429:0x258af33f2fdf68d9,/m/0dh2xc,Zach J.,Utah Places,yxf29Fw1SnujpoH_zKcqAA,🗿,monument,visited,Utah Places,yxf29Fw1SnujpoH_zKcqAA,core,
Thomas Jefferson Memorial,"16 E Basin Dr SW, Washington, DC 20242, United States",38.8814158,-77.0364657,,https://www.google.com/maps?ftid=0x89b7b70b9e9c68bb:0x44137d74ec09872,0x89b7b70b9e9c68bb:0x44137d74ec09872,/m/06_09g5,Zach J.,Washington DC Places,LcNB3Ku1niTAsy0qH-HKT1v9d_odjw,🗿,monument,visited,Washington DC Places,LcNB3Ku1niTAsy0qH-HKT1v9d_odjw,core,
Titanic Memorial,"Washington, DC 20005, United States",38.8719269,-77.0193161,,https://www.google.com/maps?ftid=0x89b7b7651c19fdc7:0x4b89c512fa8fc5dc,0x89b7b7651c19fdc7:0x4b89c512fa8fc5dc,/m/0fxr2j,Zach J.,Washington DC Places,LcNB3Ku1niTAsy0qH-HKT1v9d_odjw,🗿,monument,visited,Washington DC Places,LcNB3Ku1niTAsy0qH-HKT1v9d_odjw,core,
Ukrainian Motherland Monument,"Lavrska St, 27, Kyiv, Ukraine, 02000",50.4265249,30.5630521,,https://www.google.com/maps?ftid=0x40d4cf76e65d4dad:0x247b398f405dff8f,0x40d4cf76e65d4dad:0x247b398f405dff8f,/m/04jpnty,Zach J.,Ukraine Places,rtZlzg3DJ3HuV0pqVKIPqr7kz2er6A,🗿,monument,visited,Ukraine Places,rtZlzg3DJ3HuV0pqVKIPqr7kz2er6A,core,
Washington Monument,"2 15th St NW, Washington, DC 20024, United States",38.8894838,-77.0352791,,https://www.google.com/maps?ftid=0x89b7b7a1be0c2e7f:0xe97346828ed0bfb8,0x89b7b7a1be0c2e7f:0xe97346828ed0bfb8,/m/016dff,Zach J.,Washington DC Places | 'Murica Road Trip,LcNB3Ku1niTAsy0qH-HKT1v9d_odjw | D0K89-5vgjBHw6XsSCispo4wxNwsVA,🗿,monument,visited,Washington DC Places | 'Murica Road Trip,LcNB3Ku1niTAsy0qH-HKT1v9d_odjw | D0K89-5vgjBHw6XsSCispo4wxNwsVA,core,
World War II Memorial,"1750 Independence Ave SW, Washington, DC 20024, United States",38.8894063,-77.04054649999999,,https://www.google.com/maps?ftid=0x89b7b7a6dd314ea1:0x459afc10e0ec7876,0x89b7b7a6dd314ea1:0x459afc10e0ec7876,/m/06fgx0,Zach J.,Washington DC Places | 'Murica Road Trip,LcNB3Ku1niTAsy0qH-HKT1v9d_odjw | D0K89-5vgjBHw6XsSCispo4wxNwsVA,🗿,monument,visited,Washington DC Places | 'Murica Road Trip,LcNB3Ku1niTAsy0qH-HKT1v9d_odjw | D0K89-5vgjBHw6XsSCispo4wxNwsVA,core,
Arashiyama Monkey Park Iwatayama Summit Observatory,,35.0089779,135.6747896,Monkey park.,https://www.google.com/maps?ftid=0x600100ab6f107f4b:0x9e6b0a63c5401bc3,0x600100ab6f107f4b:0x9e6b0a63c5401bc3,,Zach J.,Japan Places,4MFKvfwkuooLXdFwzLh7bJlLOhg8-A,🏔️,mountain,visited,Japan Places,4MFKvfwkuooLXdFwzLh7bJlLOhg8-A,core,
Athabasca Pass Lookout,"AB-93, Jasper, AB T0E 1E0",52.7172203,-117.8747557,,https://www.google.com/maps?ftid=0x5382d2e78fb8f97b:0xaf01deb5de655dad,0x5382d2e78fb8f97b:0xaf01deb5de655dad,/g/1ptvr8l01,Zach J.,Alberta Places,3C2H3oIS4n013AChLgQc_odlaarv0A,🏔️,mountain,visited,Alberta Places,3C2H3oIS4n013AChLgQc_odlaarv0A,core,
Banff Gondola,"100 Mountain Ave, Banff, AB T1L 1B2",51.1479321,-115.555465,,https://www.google.com/maps?ftid=0x5370c963099d72a1:0xe9917d30f3e6f489,0x5370c963099d72a1:0xe9917d30f3e6f489,/g/11hzn6jzwh,Zach J.,Alberta Places,3C2H3oIS4n013AChLgQc_odlaarv0A,🏔️,mountain,visited,Alberta Places,3C2H3oIS4n013AChLgQc_odlaarv0A,core,
Banff Upper Hot Springs,"1 Mountain Ave, Banff, AB T1L 1K2",51.1508237,-115.5608575,,https://www.google.com/maps?ftid=0x5370ca1fff7ffd63:0xfbbe22e3b370c766,0x5370ca1fff7ffd63:0xfbbe22e3b370c766,/m/0f9h6d,Zach J.,Alberta Places,3C2H3oIS4n013AChLgQc_odlaarv0A,🏔️,mountain,visited,Alberta Places,3C2H3oIS4n013AChLgQc_odlaarv0A,core,
Howth Head Peak,"Howth, Dublin, Ireland",53.3841943,-6.0467623,,https://www.google.com/maps?ftid=0x486703615cbdeb7d:0xaf29c4562c5482a9,0x486703615cbdeb7d:0xaf29c4562c5482a9,/g/11c20bnsc7,Zach J.,Ireland,PZ1939FGYznLJLfbw23DtttFpkZvgg,🏔️,mountain,visited,Ireland,PZ1939FGYznLJLfbw23DtttFpkZvgg,core,
Mount Carmel Center,"1781 Double Ee Ranch Rd, Waco, TX 76705, United States",31.595779,-96.98793289999999,,https://www.google.com/maps?ftid=0x864f7a3e32fe5123:0xd1e803b520c751f3,0x864f7a3e32fe5123:0xd1e803b520c751f3,/g/11gfdzxx4b,Zach J.,Texas,1S_gekS-v4RZuZLaRNwLRkv_EUSNYw,🏔️,mountain,visited,Texas,1S_gekS-v4RZuZLaRNwLRkv_EUSNYw,core,
Mount Fuji,,35.3606255,138.7273634,Climb it... I dare you.,https://www.google.com/maps?ftid=0x6019629a42fdc899:0xa6a1fcc916f3a4df,0x6019629a42fdc899:0xa6a1fcc916f3a4df,,Zach J.,Japan Places,4MFKvfwkuooLXdFwzLh7bJlLOhg8-A,🏔️,mountain,visited,Japan Places,4MFKvfwkuooLXdFwzLh7bJlLOhg8-A,core,
Stone Mountain Park,"1000 Robert E Lee Blvd, Stone Mountain, GA 30083, United States",33.8052096,-84.1451453,A really problematic carving in a sacred mountain.,https://www.google.com/maps?ftid=0x88f5af93226febdf:0x6f81f2995d35185c,0x88f5af93226febdf:0x6f81f2995d35185c,/g/1trc5tbk,Zach J.,'Murica Road Trip,D0K89-5vgjBHw6XsSCispo4wxNwsVA,🏔️,mountain,visited,'Murica Road Trip,D0K89-5vgjBHw6XsSCispo4wxNwsVA,core,
Tunnel Mountain,"Tunnel Mountain, Improvement District No. 9, AB T0L 2C0",51.1766666,-115.55416659999999,,https://www.google.com/maps?ftid=0x5370ca4b11bdbe4d:0x180856a1f1d32d02,0x5370ca4b11bdbe4d:0x180856a1f1d32d02,/m/02rj1pt,Zach J.,Alberta Places,3C2H3oIS4n013AChLgQc_odlaarv0A,🏔️,mountain,visited,Alberta Places,3C2H3oIS4n013AChLgQc_odlaarv0A,core,
American Museum of Natural History,"200 Central Park West, New York, NY 10024, United States",40.7813241,-73.9739882,,https://www.google.com/maps?ftid=0x89c258f4b00f7a09:0xa27d8172624c5db1,0x89c258f4b00f7a09:0xa27d8172624c5db1,/m/023r9j,Zach J.,"New York, New York",m7FS_hkzSJJEPgD5o0716tZ4PbE9XQ,🏛️,museum,visited,"New York, New York",m7FS_hkzSJJEPgD5o0716tZ4PbE9XQ,core,
Amsterdam Museum,,52.370447999999996,4.8910269,,https://www.google.com/maps?ftid=0x47c609c11bb7d84f:0x7741a77a95c86bf2,0x47c609c11bb7d84f:0x7741a77a95c86bf2,,Zach J.,Netherlands Places,uUJAjJl3UL4Vb2neQptAbAc1dIoemQ,🏛️,museum,visited,Netherlands Places,uUJAjJl3UL4Vb2neQptAbAc1dIoemQ,core,
Asahi Beer Museum,"1-45 Nishinoshocho, Suita, Osaka 564-0071, Japan",34.7624916,135.52161959999998,,https://www.google.com/maps?ftid=0x6000e47c2c660b37:0x12a5d14ff28f5452,0x6000e47c2c660b37:0x12a5d14ff28f5452,/g/1wz52lsy,Zach J.,Japan Places,4MFKvfwkuooLXdFwzLh7bJlLOhg8-A,🏛️,museum,visited,Japan Places,4MFKvfwkuooLXdFwzLh7bJlLOhg8-A,core,
Bang Lamphu Museum,"Phra Sumen Rd, Chana Songkhram, Phra Nakhon, Bangkok 10200",13.763570699999999,100.4963243,,https://www.google.com/maps?ftid=0x30e2996c99b1a5c5:0x3ccb9bbcc5f4227d,0x30e2996c99b1a5c5:0x3ccb9bbcc5f4227d,/g/11fx8w641m,Zach J.,Thailand Places,8ZLYjtP28NdeHaxAFNWuqLewhbemIw,🏛️,museum,visited,Thailand Places,8ZLYjtP28NdeHaxAFNWuqLewhbemIw,core,
Black Gallery Pub,"Mikołajska 24, 31-027 Kraków, Poland",50.0615746,19.9424474,,https://www.google.com/maps?ftid=0x47165b117704a661:0x48b15cf3ffeb3851,0x47165b117704a661:0x48b15cf3ffeb3851,/g/1th7lmym,Zach J.,Poland Places,rJiYI8AwTOeCZ372vYFwILDmTQWZ1w,🏛️,museum,visited,Poland Places,rJiYI8AwTOeCZ372vYFwILDmTQWZ1w,core,
Brouwerij Cantillon en Brussels Museum van de Geuze,,50.8414982,4.335621,,https://www.google.com/maps?ftid=0x47c3c4730ee4fa29:0x3d8a996ac7ab58d9,0x47c3c4730ee4fa29:0x3d8a996ac7ab58d9,,Zach J.,Belgium Places,XyATa3gcf-ULckrVtuXlIrtbkHutzw,🏛️,museum,visited,Belgium Places,XyATa3gcf-ULckrVtuXlIrtbkHutzw,core,
Brunel Museum,,51.501591,-0.052865999999999996,,https://www.google.com/maps?ftid=0x4876032684692d5f:0x86dc6d6c984dbe69,0x4876032684692d5f:0x86dc6d6c984dbe69,,Zach J.,London (The British One),Dc1pjbzURxS4lLc15TJmfg,🏛️,museum,visited,London (The British One),Dc1pjbzURxS4lLc15TJmfg,core,
Byzantine Museum,"59F8+8XQ, Πλ. Αρχιεπισκόπου Κυπριανού, Nicosia 1016, Cyprus",35.1733421,33.3674694,,https://www.google.com/maps?ftid=0x14de175dca22f11b:0xb9aa0e009edc6819,0x14de175dca22f11b:0xb9aa0e009edc6819,/g/1vp5_7jk,Zach J.,Cyprus Places,op1yFHMtopjnsWL6BEbTl-cVqS5sDg,🏛️,museum,visited,Cyprus Places,op1yFHMtopjnsWL6BEbTl-cVqS5sDg,core,
California Automobile Museum,"2200 Front St, Sacramento, CA 95818, United States",38.5702875,-121.51178139999999,,https://www.google.com/maps?ftid=0x809ad13786e8b77f:0x3a208f36ea7e0dd3,0x809ad13786e8b77f:0x3a208f36ea7e0dd3,/m/065yn2d,Zach J.,California Places,aTaCY8tke-6jFT8XQ0SVYBXQZ4k60Q,🏛️,museum,visited,California Places,aTaCY8tke-6jFT8XQ0SVYBXQZ4k60Q,core,
California Museum,"1020 O St, Sacramento, CA 95814, United States",38.574563,-121.4956668,,https://www.google.com/maps?ftid=0x809ad1263be0bc5f:0x9f5f1de22206089e,0x809ad1263be0bc5f:0x9f5f1de22206089e,/m/02w06pj,Zach J.,California Places,aTaCY8tke-6jFT8XQ0SVYBXQZ4k60Q,🏛️,museum,visited,California Places,aTaCY8tke-6jFT8XQ0SVYBXQZ4k60Q,core,
California State Capitol Museum,"1315 10th St, Sacramento, CA 95814, United States",38.576588199999996,-121.49323679999999,,https://www.google.com/maps?ftid=0x809ad604aa6cdb95:0x5420911f181a4d5,0x809ad604aa6cdb95:0x5420911f181a4d5,/m/069r88,Zach J.,California Places,aTaCY8tke-6jFT8XQ0SVYBXQZ4k60Q,🏛️,museum,visited,California Places,aTaCY8tke-6jFT8XQ0SVYBXQZ4k60Q,core,
California State Railroad Museum,"125 I St, Sacramento, CA 95814, United States",38.5849368,-121.5044161,,https://www.google.com/maps?ftid=0x809ad6cd9fac1063:0xb54fe35d26669ee8,0x809ad6cd9fac1063:0xb54fe35d26669ee8,/m/03v4nl,Zach J.,California Places,aTaCY8tke-6jFT8XQ0SVYBXQZ4k60Q,🏛️,museum,visited,California Places,aTaCY8tke-6jFT8XQ0SVYBXQZ4k60Q,core,
Church History Museum,"45 N W Temple St, Salt Lake City, UT 84150, United States",40.770860299999995,-111.8944889,,https://www.google.com/maps?ftid=0x8752f507c72c8039:0x595705827f6a06f6,0x8752f507c72c8039:0x595705827f6a06f6,/m/02z2sd8,Zach J.,Utah Places,yxf29Fw1SnujpoH_zKcqAA,🏛️,museum,visited,Utah Places,yxf29Fw1SnujpoH_zKcqAA,core,
Coin Museum,"Chakrabongse Rd, Chana Songkhram, Phra Nakhon, Bangkok 10200",13.758888299999999,100.4947918,,https://www.google.com/maps?ftid=0x30e2990d4b4b6341:0xcbc2b2c2c3aa49ba,0x30e2990d4b4b6341:0xcbc2b2c2c3aa49ba,/g/1q5ccbgyt,Zach J.,Thailand Places,8ZLYjtP28NdeHaxAFNWuqLewhbemIw,🏛️,museum,visited,Thailand Places,8ZLYjtP28NdeHaxAFNWuqLewhbemIw,core,
Comics Art Museum,,50.8510588,4.3601623,,https://www.google.com/maps?ftid=0x47c3c37f65020dc1:0xa0ccffd5f8860c02,0x47c3c37f65020dc1:0xa0ccffd5f8860c02,,Zach J.,Belgium Places,XyATa3gcf-ULckrVtuXlIrtbkHutzw,🏛️,museum,visited,Belgium Places,XyATa3gcf-ULckrVtuXlIrtbkHutzw,core,
Crocker Art Museum,"216 O St, Sacramento, CA 95814, United States",38.5769817,-121.5068534,,https://www.google.com/maps?ftid=0x809ad133c804e7ed:0xd933aed9d1b6b939,0x809ad133c804e7ed:0xd933aed9d1b6b939,/m/0b7727,Zach J.,California Places,aTaCY8tke-6jFT8XQ0SVYBXQZ4k60Q,🏛️,museum,visited,California Places,aTaCY8tke-6jFT8XQ0SVYBXQZ4k60Q,core,
Cup Noodles Museum Osaka Ikeda,"8-25 Masumicho, Ikeda, Osaka 563-0041, Japan",34.8178846,135.4266442,,https://www.google.com/maps?ftid=0x6000f0c60f096aa7:0xe581ef01f49dbaa,0x6000f0c60f096aa7:0xe581ef01f49dbaa,/m/078m39,Zach J.,Japan Places,4MFKvfwkuooLXdFwzLh7bJlLOhg8-A,🏛️,museum,visited,Japan Places,4MFKvfwkuooLXdFwzLh7bJlLOhg8-A,core,
Cyprus Motor Museum,"Epimitheos, Limassol 3056, Cyprus",34.6656927,32.9931309,,https://www.google.com/maps?ftid=0x14e7321f1110bcdd:0x7614229c1beb1904,0x14e7321f1110bcdd:0x7614229c1beb1904,/g/11cjhlcd8m,Zach J.,Cyprus Places,op1yFHMtopjnsWL6BEbTl-cVqS5sDg,🏛️,museum,visited,Cyprus Places,op1yFHMtopjnsWL6BEbTl-cVqS5sDg,core,
D-DAY WINGS MUSEUM,"485 Rue Jules Védrines, 14760 Bretteville-sur-Odon, France",49.1754597,-0.4412291,,https://www.google.com/maps?ftid=0x480a45dd9107877f:0xfa889925cf610ada,0x480a45dd9107877f:0xfa889925cf610ada,/g/11lh4yl_ch,Zach J.,France,1a9PFoaE6QmGPm2JEsIX4DjQqMe7dQ,🏛️,museum,visited,France,1a9PFoaE6QmGPm2JEsIX4DjQqMe7dQ,core,
Deutsches Museum Verkehrszentrum,,48.132601799999996,11.5420722,Museum,https://www.google.com/maps?ftid=0x479dd8ab58319b2d:0xf83f16efd8232014,0x479dd8ab58319b2d:0xf83f16efd8232014,,Zach J.,Deutschland Places,_xr3THKc69o0Q1Jj4xw49b6So0Yt2Q,🏛️,museum,visited,Deutschland Places,_xr3THKc69o0Q1Jj4xw49b6So0Yt2Q,core,
Dr Pepper Museum,"300 S 5th St, Waco, TX 76701, United States",31.555060599999997,-97.1297123,,https://www.google.com/maps?ftid=0x864f824e1e2ea939:0xa5e80cea97cc5157,0x864f824e1e2ea939:0xa5e80cea97cc5157,/g/1tj73__y,Zach J.,Texas,1S_gekS-v4RZuZLaRNwLRkv_EUSNYw,🏛️,museum,visited,Texas,1S_gekS-v4RZuZLaRNwLRkv_EUSNYw,core,
Dresden Transport Museum,"Augustusstraße 1, 01067 Dresden, Germany",51.0518539,13.7395566,,https://www.google.com/maps?ftid=0x4709cf680a8c1673:0x5f0d99e130d3572,0x4709cf680a8c1673:0x5f0d99e130d3572,/m/04gj20g,Zach J.,Deutschland Places,_xr3THKc69o0Q1Jj4xw49b6So0Yt2Q,🏛️,museum,visited,Deutschland Places,_xr3THKc69o0Q1Jj4xw49b6So0Yt2Q,core,
East Side Gallery,,52.505022399999994,13.439695299999999,"Famous place, art and architecture.",https://www.google.com/maps?ftid=0x47a847a6f5edaf4b:0xde9be97b4a912818,0x47a847a6f5edaf4b:0xde9be97b4a912818,,Zach J.,Deutschland Places,_xr3THKc69o0Q1Jj4xw49b6So0Yt2Q,🏛️,museum,visited,Deutschland Places,_xr3THKc69o0Q1Jj4xw49b6So0Yt2Q,core,
Esperanto Museum of the Austrian National Library,,48.2094616,16.3658006,"Esperanto museum, it's very small.",https://www.google.com/maps?ftid=0x476d07983b2fbe7b:0xf9025436d4b9f33,0x476d07983b2fbe7b:0xf9025436d4b9f33,,Zach J.,Austria-ish Places,JW6_PhOiwD9hqDmWcuJh6u67rjwIwA,🏛️,museum,visited,Austria-ish Places,JW6_PhOiwD9hqDmWcuJh6u67rjwIwA,core,
Fukuyama Castle Museum,,34.491135799999995,133.3610764,Nice castle and stopping point if you take the wrong train.,https://www.google.com/maps?ftid=0x355110e456002a69:0x28298d57b2d4f3a7,0x355110e456002a69:0x28298d57b2d4f3a7,,Zach J.,Japan Places,4MFKvfwkuooLXdFwzLh7bJlLOhg8-A,🏛️,museum,visited,Japan Places,4MFKvfwkuooLXdFwzLh7bJlLOhg8-A,core,
Gasoline Alley Museum,"1900 Heritage Dr SW, Calgary, AB T2V 2X3",50.9827849,-114.1016396,,https://www.google.com/maps?ftid=0x5371710d425b11b9:0x99674e23da61cfcd,0x5371710d425b11b9:0x99674e23da61cfcd,/g/1tfchfkj,Zach J.,Alberta Places,3C2H3oIS4n013AChLgQc_odlaarv0A,🏛️,museum,visited,Alberta Places,3C2H3oIS4n013AChLgQc_odlaarv0A,core,
GoEun Museum of Photography,"16 Haeun-daero 452beon-gil, Haeundae-gu, Busan",35.1631644,129.1410513,,https://www.google.com/maps?ftid=0x356892ba54701851:0xdb77fed78457987,0x356892ba54701851:0xdb77fed78457987,/g/1vlqn2nr,Zach J.,South Korea Places,eq-jX2C0L9Am26jRVNLfIlkd0WnWLw,🏛️,museum,visited,South Korea Places,eq-jX2C0L9Am26jRVNLfIlkd0WnWLw,core,
Holodomor Genocide Museum,"Lavrska St, 3, Kyiv, Ukraine, 01015",50.4382412,30.554001699999997,,https://www.google.com/maps?ftid=0x40d4cfa14d864295:0x65795d704fb58089,0x40d4cfa14d864295:0x65795d704fb58089,/m/0wkr7tx,Zach J.,Ukraine Places,rtZlzg3DJ3HuV0pqVKIPqr7kz2er6A,🏛️,museum,visited,Ukraine Places,rtZlzg3DJ3HuV0pqVKIPqr7kz2er6A,core,
Im Kwon Taek Film Museum,"Busan, Haeundae-gu, 센텀중앙로 55 경남정보대학교 및 동서대학교 센텀산학캠퍼스",35.1731268,129.1279762,,https://www.google.com/maps?ftid=0x356892c229777627:0x95e57b0cd004817f,0x356892c229777627:0x95e57b0cd004817f,/g/11bwyqq0g7,Zach J.,South Korea Places,eq-jX2C0L9Am26jRVNLfIlkd0WnWLw,🏛️,museum,visited,South Korea Places,eq-jX2C0L9Am26jRVNLfIlkd0WnWLw,core,
"Interactive Museum of Pinball ""Pinball Station""","Kolejowa 8A, 01-210 Warszawa, Poland",52.224589099999996,20.9782156,Fun pinball museum.,https://www.google.com/maps?ftid=0x471ecc9922d368e1:0x116c30f578abd2a6,0x471ecc9922d368e1:0x116c30f578abd2a6,/g/11dxf054_k,Zach J.,Poland Places,rJiYI8AwTOeCZ372vYFwILDmTQWZ1w,🏛️,museum,visited,Poland Places,rJiYI8AwTOeCZ372vYFwILDmTQWZ1w,core,
Irish Whiskey Museum,"119 Grafton Street, Dublin, D02 E620, Ireland",53.344198,-6.259525,,https://www.google.com/maps?ftid=0x48670e9b5fc9d3e9:0x18e34b6f67700983,0x48670e9b5fc9d3e9:0x18e34b6f67700983,/g/11b6_f8ct3,Zach J.,Ireland,PZ1939FGYznLJLfbw23DtttFpkZvgg,🏛️,museum,visited,Ireland,PZ1939FGYznLJLfbw23DtttFpkZvgg,core,
Kafka Museum,"Cihelná 635, 118 00 Malá Strana, Czechia",50.0883196,14.410143199999998,,https://www.google.com/maps?ftid=0x470b94e6a2de3243:0x3f7c407c4821f5e1,0x470b94e6a2de3243:0x3f7c407c4821f5e1,/g/1233ly6q,Zach J.,Czech Republic Places,5Sbx3FnNAI1ouog5bO7G95yNPypkiA,🏛️,museum,visited,Czech Republic Places,5Sbx3FnNAI1ouog5bO7G95yNPypkiA,core,
Kraków Pinball Museum,"Stradomska 15, 31-068 Kraków, Poland",50.0528167,19.9400761,,https://www.google.com/maps?ftid=0x47165b6c78c501a9:0xa6b3aa037fc1cfdd,0x47165b6c78c501a9:0xa6b3aa037fc1cfdd,/g/11clvyss6p,Zach J.,Poland Places,rJiYI8AwTOeCZ372vYFwILDmTQWZ1w,🏛️,museum,visited,Poland Places,rJiYI8AwTOeCZ372vYFwILDmTQWZ1w,core,
Kyriazis Medical Museum,"Karaoli & Demetriou 35, Street 6021, Cyprus",34.9130908,33.6345048,,https://www.google.com/maps?ftid=0x14e082a362202669:0x18af35fbda53dade,0x14e082a362202669:0x18af35fbda53dade,/m/0n4bcjz,Zach J.,Cyprus Places,op1yFHMtopjnsWL6BEbTl-cVqS5sDg,🏛️,museum,visited,Cyprus Places,op1yFHMtopjnsWL6BEbTl-cVqS5sDg,core,
Library of Congress,"101 Independence Ave SE, Washington, DC 20540, United States",38.888684,-77.004719,,https://www.google.com/maps?ftid=0x390feef68ef83a4d:0x46cbb296f4de3eec,0x390feef68ef83a4d:0x46cbb296f4de3eec,/m/04jp2,Zach J.,Washington DC Places,LcNB3Ku1niTAsy0qH-HKT1v9d_odjw,🏛️,museum,visited,Washington DC Places,LcNB3Ku1niTAsy0qH-HKT1v9d_odjw,core,
Limassol Castle - Cyprus Medieval Museum,"Ankara 73, Limassol 3042, Cyprus",34.6724058,33.041987,,https://www.google.com/maps?ftid=0x14e73302700d8819:0xc28f40b9e6700c66,0x14e73302700d8819:0xc28f40b9e6700c66,/m/0lqhgdn,Zach J.,Cyprus Places,op1yFHMtopjnsWL6BEbTl-cVqS5sDg,🏛️,museum,visited,Cyprus Places,op1yFHMtopjnsWL6BEbTl-cVqS5sDg,core,
London Transport Museum,"London WC2E 7BB, United Kingdom",51.5119031,-0.12158519999999999,"Okay, not great.",https://www.google.com/maps?ftid=0x487605afd476b1e1:0x31039524163a770d,0x487605afd476b1e1:0x31039524163a770d,/m/04dxtp,Zach J.,London (The British One),Dc1pjbzURxS4lLc15TJmfg,🏛️,museum,visited,London (The British One),Dc1pjbzURxS4lLc15TJmfg,core,
London Transport Museum Depot,"118-120 Museum Way, Gunnersbury Ln, London W3 9BQ, United Kingdom",51.5046007,-0.2811468,,https://www.google.com/maps?ftid=0x48760f769aff6f93:0x1aef103f940ed469,0x48760f769aff6f93:0x1aef103f940ed469,/g/11smvfcwyb,Zach J.,London (The British One),Dc1pjbzURxS4lLc15TJmfg,🏛️,museum,visited,London (The British One),Dc1pjbzURxS4lLc15TJmfg,core,
Lonsky Prison National Memorial Museum,"Stepana Bandery St, 1, Lviv, Lviv Oblast, Ukraine, 79000",49.8343889,24.0185958,,https://www.google.com/maps?ftid=0x473add7ae19ba8dd:0xabdae463abefaaf4,0x473add7ae19ba8dd:0xabdae463abefaaf4,/g/122df13w,Zach J.,Ukraine Places,rtZlzg3DJ3HuV0pqVKIPqr7kz2er6A,🏛️,museum,visited,Ukraine Places,rtZlzg3DJ3HuV0pqVKIPqr7kz2er6A,core,
Louvre Museum,"Rue de Rivoli, 75001 Paris, France",48.8606111,2.337644,,https://www.google.com/maps?ftid=0x47e671d877937b0f:0xb975fcfa192f84d4,0x47e671d877937b0f:0xb975fcfa192f84d4,/m/04gdr,Zach J.,France,1a9PFoaE6QmGPm2JEsIX4DjQqMe7dQ,🏛️,museum,visited,France,1a9PFoaE6QmGPm2JEsIX4DjQqMe7dQ,core,
"MAAT - Museum of Art, Architecture and Technology","Av. Brasília, 1300-598 Lisboa, Portugal",38.6958561,-9.193311999999999,,https://www.google.com/maps?ftid=0xd1ecb4dd3e5f491:0xcb13504c19595bc4,0xd1ecb4dd3e5f491:0xcb13504c19595bc4,/g/11cs3vkn8z,Zach J.,Portugal Places,PJetNvIfkAY8zDHfGEEQlDLG4G2qyg,🏛️,museum,visited,Portugal Places,PJetNvIfkAY8zDHfGEEQlDLG4G2qyg,core,
Mail Rail at The Postal Museum,"15-20 Phoenix Pl, London WC1X 0DL, United Kingdom",51.5246231,-0.11316269999999999,,https://www.google.com/maps?ftid=0x48761b4896aba2fb:0x935b84499f1387dd,0x48761b4896aba2fb:0x935b84499f1387dd,/g/11hcfqk9kr,Zach J.,London (The British One),Dc1pjbzURxS4lLc15TJmfg,🏛️,museum,visited,London (The British One),Dc1pjbzURxS4lLc15TJmfg,core,
Marconi Automotive Museum,"1302 Industrial Dr, Tustin, CA 92780, United States",33.7210171,-117.8311416,,https://www.google.com/maps?ftid=0x80dcd9558bc93e7f:0x4040b36cf4726420,0x80dcd9558bc93e7f:0x4040b36cf4726420,/g/1tp2_pdp,Zach J.,California Places,aTaCY8tke-6jFT8XQ0SVYBXQZ4k60Q,🏛️,museum,visited,California Places,aTaCY8tke-6jFT8XQ0SVYBXQZ4k60Q,core,
Maria Skłodowska-Curie Museum,"Freta 16, 00-227 Warszawa, Poland",52.251534,21.0085499,,https://www.google.com/maps?ftid=0x471ecd554c94c157:0x79b1af114bcc80a7,0x471ecd554c94c157:0x79b1af114bcc80a7,/m/0cm93g8,Zach J.,Poland Places,rJiYI8AwTOeCZ372vYFwILDmTQWZ1w,🏛️,museum,visited,Poland Places,rJiYI8AwTOeCZ372vYFwILDmTQWZ1w,core,
Memorial and Museum Auschwitz II-Birkenau,"Ofiar Faszyzmu 12, 32-600 Brzezinka, Poland",50.0378407,19.173841,,https://www.google.com/maps?ftid=0x47169585b5872e05:0xf380c2159aa1d6a7,0x47169585b5872e05:0xf380c2159aa1d6a7,/g/121jcf5m,Zach J.,Poland Places,rJiYI8AwTOeCZ372vYFwILDmTQWZ1w,🏛️,museum,visited,Poland Places,rJiYI8AwTOeCZ372vYFwILDmTQWZ1w,core,
Memorial and Museum Auschwitz-Birkenau,"Więźniów Oświęcimia 20, 32-603 Oświęcim, Poland",50.029390899999996,19.205494899999998,"WWII death camp. It will take you all day, be prepared.",https://www.google.com/maps?ftid=0x4716be32014dffa1:0xe8e173d6821a53c5,0x4716be32014dffa1:0xe8e173d6821a53c5,/m/05mtdhz,Zach J.,Poland Places,rJiYI8AwTOeCZ372vYFwILDmTQWZ1w,🏛️,museum,visited,Poland Places,rJiYI8AwTOeCZ372vYFwILDmTQWZ1w,core,
Memorial and Museum Sachsenhausen,,52.765903599999994,13.2642223,Sachsenhausen concentration camp.,https://www.google.com/maps?ftid=0x47a84e171929e405:0xceeb9dedb3523122,0x47a84e171929e405:0xceeb9dedb3523122,,Zach J.,Deutschland Places,_xr3THKc69o0Q1Jj4xw49b6So0Yt2Q,🏛️,museum,visited,Deutschland Places,_xr3THKc69o0Q1Jj4xw49b6So0Yt2Q,core,
MONOVA: Museum of North Vancouver,"115 Esplanade W, North Vancouver, BC V7M 0G6",49.3112894,-123.08047619999999,,https://www.google.com/maps?ftid=0x5486715750b80a05:0x8b0a1f2850803ee2,0x5486715750b80a05:0x8b0a1f2850803ee2,/g/11hzpk6ghz,Zach J.,BC Places,J-HTPTrrRB2hdSQ_jx2gvA,🏛️,museum,visited,BC Places,J-HTPTrrRB2hdSQ_jx2gvA,core,
Museum - Sigmund Freud Museum,,48.2186272,16.3630759,,https://www.google.com/maps?ftid=0x476d07bbd806e0e5:0x5fa5f935f7f0ca57,0x476d07bbd806e0e5:0x5fa5f935f7f0ca57,,Zach J.,Austria-ish Places,JW6_PhOiwD9hqDmWcuJh6u67rjwIwA,🏛️,museum,visited,Austria-ish Places,JW6_PhOiwD9hqDmWcuJh6u67rjwIwA,core,
Museum der Illusionen,,48.2096637,16.367079699999998,,https://www.google.com/maps?ftid=0x476d079841a8a7ff:0x65aed2df6ea814d4,0x476d079841a8a7ff:0x65aed2df6ea814d4,,Zach J.,Austria-ish Places,JW6_PhOiwD9hqDmWcuJh6u67rjwIwA,🏛️,museum,visited,Austria-ish Places,JW6_PhOiwD9hqDmWcuJh6u67rjwIwA,core,
Museum Judenplatz,,48.211935499999996,16.3692909,,https://www.google.com/maps?ftid=0x476d07a28cc52ab3:0xc24e99961baea38f,0x476d07a28cc52ab3:0xc24e99961baea38f,,Zach J.,Austria-ish Places,JW6_PhOiwD9hqDmWcuJh6u67rjwIwA,🏛️,museum,visited,Austria-ish Places,JW6_PhOiwD9hqDmWcuJh6u67rjwIwA,core,
Museum Ludwig,"Heinrich-Böll-Platz, 50667 Köln, Germany",50.940853999999995,6.960230999999999,,https://www.google.com/maps?ftid=0x47bf25ba7999aef3:0xfaf4b54772e2b8ef,0x47bf25ba7999aef3:0xfaf4b54772e2b8ef,/m/05q6c5,Zach J.,Deutschland Places,_xr3THKc69o0Q1Jj4xw49b6So0Yt2Q,🏛️,museum,visited,Deutschland Places,_xr3THKc69o0Q1Jj4xw49b6So0Yt2Q,core,
Museum of Anthropology at UBC,"6393 NW Marine Dr, Vancouver, BC V6T 1Z2",49.2695015,-123.2594409,,https://www.google.com/maps?ftid=0x548672b3db30ffad:0xf6711cf4e0ad84e3,0x548672b3db30ffad:0xf6711cf4e0ad84e3,/m/01d5fk,Zach J.,BC Places,J-HTPTrrRB2hdSQ_jx2gvA,🏛️,museum,visited,BC Places,J-HTPTrrRB2hdSQ_jx2gvA,core,
Museum of Armored Weapons,"ul, 3 Pułku Lotniczego 4, 60-421 Poznań, Poland",52.426963699999995,16.847963099999998,,https://www.google.com/maps?ftid=0x470444a21ce69947:0x16fa76d2ec954ef7,0x470444a21ce69947:0x16fa76d2ec954ef7,/m/0jt27d8,Zach J.,Poland Places,rJiYI8AwTOeCZ372vYFwILDmTQWZ1w,🏛️,museum,visited,Poland Places,rJiYI8AwTOeCZ372vYFwILDmTQWZ1w,core,
Museum of Communism,"V Celnici 1031/4, 118 00 Nové Město, Czechia",50.0879687,14.4299825,,https://www.google.com/maps?ftid=0x470b94ecf56168af:0xd1f35324d36d489a,0x470b94ecf56168af:0xd1f35324d36d489a,/m/03mh_z4,Zach J.,Czech Republic Places,5Sbx3FnNAI1ouog5bO7G95yNPypkiA,🏛️,museum,visited,Czech Republic Places,5Sbx3FnNAI1ouog5bO7G95yNPypkiA,core,
Museum of Military History,,48.1842718,16.388935699999998,Cool museum with the car the arch duke was killed in (starting WWI).,https://www.google.com/maps?ftid=0x476da9defa142a25:0xb8fb06d7fed97425,0x476da9defa142a25:0xb8fb06d7fed97425,,Zach J.,Austria-ish Places,JW6_PhOiwD9hqDmWcuJh6u67rjwIwA,🏛️,museum,visited,Austria-ish Places,JW6_PhOiwD9hqDmWcuJh6u67rjwIwA,core,
Museum of Military History,"Olbrichtpl. 2, 01099 Dresden, Germany",51.078526499999995,13.7599555,"Really, really good war museum.",https://www.google.com/maps?ftid=0x4709cf26b5846c63:0x7794eaec0ec61b6c,0x4709cf26b5846c63:0x7794eaec0ec61b6c,/m/0283w4d,Zach J.,Deutschland Places,_xr3THKc69o0Q1Jj4xw49b6So0Yt2Q,🏛️,museum,visited,Deutschland Places,_xr3THKc69o0Q1Jj4xw49b6So0Yt2Q,core,
Museum of Sex,"233 5th Ave, New York, NY 10016, United States",40.7440291,-73.9872529,,https://www.google.com/maps?ftid=0x89c259a642ba4d47:0xa3204d864887bb80,0x89c259a642ba4d47:0xa3204d864887bb80,/m/09sjx5,Zach J.,"New York, New York",m7FS_hkzSJJEPgD5o0716tZ4PbE9XQ,🏛️,museum,visited,"New York, New York",m7FS_hkzSJJEPgD5o0716tZ4PbE9XQ,core,
Museum of the National Struggle,"59F9+F65, Πλ. Αρχιεπισκόπου Κυπριανού, Nicosia 1016, Cyprus",35.173646399999996,33.3681112,,https://www.google.com/maps?ftid=0x14de1743ad528e07:0xd88b73e26c1cc79,0x14de1743ad528e07:0xd88b73e26c1cc79,/g/11g6nby5qn,Zach J.,Cyprus Places,op1yFHMtopjnsWL6BEbTl-cVqS5sDg,🏛️,museum,visited,Cyprus Places,op1yFHMtopjnsWL6BEbTl-cVqS5sDg,core,
Museum of Vancouver,"1100 Chestnut St, Vancouver, BC V6J 3J9",49.2762785,-123.1443726,"Small museum, good for a rainy afternoon",https://www.google.com/maps?ftid=0x5486723337b3941d:0x96132a57ebac6bce,0x5486723337b3941d:0x96132a57ebac6bce,/m/025vtkl,Zach J.,BC Places,J-HTPTrrRB2hdSQ_jx2gvA,🏛️,museum,visited,BC Places,J-HTPTrrRB2hdSQ_jx2gvA,core,
Musée d'Orsay,"1 Rue de la Légion d'Honneur, 75007 Paris, France",48.859961399999996,2.3265614,,https://www.google.com/maps?ftid=0x47e66e2bb630941b:0xd071bd8cb14423d8,0x47e66e2bb630941b:0xd071bd8cb14423d8,/m/0f3b9,Zach J.,France,1a9PFoaE6QmGPm2JEsIX4DjQqMe7dQ,🏛️,museum,visited,France,1a9PFoaE6QmGPm2JEsIX4DjQqMe7dQ,core,
Musée des Arts et Métiers,"60 Rue Réaumur, 75003 Paris, France",48.8660399,2.3556152,Cool museum.,https://www.google.com/maps?ftid=0x47e66e1aa6c84435:0x772045ec563b1de2,0x47e66e1aa6c84435:0x772045ec563b1de2,/m/0281qh,Zach J.,France,1a9PFoaE6QmGPm2JEsIX4DjQqMe7dQ,🏛️,museum,visited,France,1a9PFoaE6QmGPm2JEsIX4DjQqMe7dQ,core,
Musée Mécanique,"Pier 45, San Francisco, CA 94133, United States",37.8093037,-122.4159684,,https://www.google.com/maps?ftid=0x808580e254330009:0xed9aa8b90062eab8,0x808580e254330009:0xed9aa8b90062eab8,/m/09ybm9,Zach J.,California Places,aTaCY8tke-6jFT8XQ0SVYBXQZ4k60Q,🏛️,museum,visited,California Places,aTaCY8tke-6jFT8XQ0SVYBXQZ4k60Q,core,
National Archives Research Center,"700 Pennsylvania Avenue NW, Washington, DC 20408, United States",38.892860999999996,-77.0230716,,https://www.google.com/maps?ftid=0x89b7b79ac3758be7:0xa0cde25ae2b3416a,0x89b7b79ac3758be7:0xa0cde25ae2b3416a,/m/03w726n,Zach J.,Washington DC Places | 'Murica Road Trip,LcNB3Ku1niTAsy0qH-HKT1v9d_odjw | D0K89-5vgjBHw6XsSCispo4wxNwsVA,🏛️,museum,visited,Washington DC Places | 'Murica Road Trip,LcNB3Ku1niTAsy0qH-HKT1v9d_odjw | D0K89-5vgjBHw6XsSCispo4wxNwsVA,core,
National Gallery of Art,"Constitution Ave. NW, Washington, DC 20565, United States",38.891298,-77.019965,,https://www.google.com/maps?ftid=0x89b7b79b3b528c49:0xa8ecd80f2bb2879b,0x89b7b79b3b528c49:0xa8ecd80f2bb2879b,/m/01z_jj,Zach J.,Washington DC Places | 'Murica Road Trip,LcNB3Ku1niTAsy0qH-HKT1v9d_odjw | D0K89-5vgjBHw6XsSCispo4wxNwsVA,🏛️,museum,visited,Washington DC Places | 'Murica Road Trip,LcNB3Ku1niTAsy0qH-HKT1v9d_odjw | D0K89-5vgjBHw6XsSCispo4wxNwsVA,core,
National Print Museum,"Haddington Rd, Dublin, D04 E0C9, Ireland",53.3352766,-6.2353692999999994,,https://www.google.com/maps?ftid=0x48670ebd1ac4a56b:0x9b6e8a470cd9afc5,0x48670ebd1ac4a56b:0x9b6e8a470cd9afc5,/m/0pbps,Zach J.,Ireland,PZ1939FGYznLJLfbw23DtttFpkZvgg,🏛️,museum,visited,Ireland,PZ1939FGYznLJLfbw23DtttFpkZvgg,core,
Natural History Museum,"Cromwell Rd, South Kensington, London SW7 5BD, United Kingdom",51.496714999999995,-0.1763672,,https://www.google.com/maps?ftid=0x48760542e6182f3f:0x7bb7e385c39764c4,0x48760542e6182f3f:0x7bb7e385c39764c4,/m/01t372,Zach J.,London (The British One),Dc1pjbzURxS4lLc15TJmfg,🏛️,museum,visited,London (The British One),Dc1pjbzURxS4lLc15TJmfg,core,
Overlord Museum,"Lotissement Omaha Center, 14710 Colleville-sur-Mer, France",49.347801,-0.8562679999999999,,https://www.google.com/maps?ftid=0x480ba81613e7ea63:0xe1ac4a459c7635e,0x480ba81613e7ea63:0xe1ac4a459c7635e,/g/1pp2vdmg4,Zach J.,France,1a9PFoaE6QmGPm2JEsIX4DjQqMe7dQ,🏛️,museum,visited,France,1a9PFoaE6QmGPm2JEsIX4DjQqMe7dQ,core,
Pacific Pinball Museum,"1510 Webster St, Alameda, CA 94501, United States",37.773801399999996,-122.27663559999999,,https://www.google.com/maps?ftid=0x808f81261d897e11:0x1cd50133849122e,0x808f81261d897e11:0x1cd50133849122e,/m/0j_761t,Zach J.,California Places,aTaCY8tke-6jFT8XQ0SVYBXQZ4k60Q,🏛️,museum,visited,California Places,aTaCY8tke-6jFT8XQ0SVYBXQZ4k60Q,core,
Picasso Museum,"C/ de Montcada, 15-23, 08003 Barcelona, Spain",41.3852706,2.1809472,,https://www.google.com/maps?ftid=0x12a4a2fe99bce26b:0x27011e710700cc63,0x12a4a2fe99bce26b:0x27011e710700cc63,/m/0bdrf9,Zach J.,Spain,9OTD759Vy7eRxRIn4AOrt-0eFJ0TtA,🏛️,museum,visited,Spain,9OTD759Vy7eRxRIn4AOrt-0eFJ0TtA,core,
Polish Army Museum,"al. Jerozolimskie 3, 00-495 Warszawa, Poland",52.263949,21.000537599999998,,https://www.google.com/maps?ftid=0x471eccf77204a52b:0x8caad0fb428f3718,0x471eccf77204a52b:0x8caad0fb428f3718,/m/0g1_zq,Zach J.,Poland Places,rJiYI8AwTOeCZ372vYFwILDmTQWZ1w,🏛️,museum,visited,Poland Places,rJiYI8AwTOeCZ372vYFwILDmTQWZ1w,core,
Popular Art Museum,"Av. Brasília 202, 1400-038 Lisboa, Portugal",38.6937559,-9.2082071,,https://www.google.com/maps?ftid=0xd1ecb69c630539d:0xb3c240306f3e105f,0xd1ecb69c630539d:0xb3c240306f3e105f,/m/0n8_fnv,Zach J.,Portugal Places,PJetNvIfkAY8zDHfGEEQlDLG4G2qyg,🏛️,museum,visited,Portugal Places,PJetNvIfkAY8zDHfGEEQlDLG4G2qyg,core,
Richard Nixon Presidential Library & Museum,"18001 Yorba Linda Blvd, Yorba Linda, CA 92886, United States",33.889508899999996,-117.8193503,,https://www.google.com/maps?ftid=0x80dcd3fcc8c143d1:0xb1ca5e4e2790df26,0x80dcd3fcc8c143d1:0xb1ca5e4e2790df26,/m/0j2rbzb,Zach J.,California Places,aTaCY8tke-6jFT8XQ0SVYBXQZ4k60Q,🏛️,museum,visited,California Places,aTaCY8tke-6jFT8XQ0SVYBXQZ4k60Q,core,
Route 66 Mother Road Museum,"681 N 1st Ave, Barstow, CA 92311, United States",34.9050215,-117.02507639999999,,https://www.google.com/maps?ftid=0x80c47bd6de816b1d:0x24bd9dad08a72b88,0x80c47bd6de816b1d:0x24bd9dad08a72b88,/m/04fcgvl,Zach J.,California Places,aTaCY8tke-6jFT8XQ0SVYBXQZ4k60Q,🏛️,museum,visited,California Places,aTaCY8tke-6jFT8XQ0SVYBXQZ4k60Q,core,
San Francisco Cable Car Museum,"1201 Mason St, San Francisco, CA 94108, United States",37.794625599999996,-122.4115331,,https://www.google.com/maps?ftid=0x808580f2960c5a5f:0xdfcd6cebc1ae9a35,0x808580f2960c5a5f:0xdfcd6cebc1ae9a35,/m/04px9b,Zach J.,California Places,aTaCY8tke-6jFT8XQ0SVYBXQZ4k60Q,🏛️,museum,visited,California Places,aTaCY8tke-6jFT8XQ0SVYBXQZ4k60Q,core,
San Francisco Museum of Modern Art,"151 3rd St, San Francisco, CA 94103, United States",37.7856634,-122.4011185,,https://www.google.com/maps?ftid=0x8085807d623572e7:0xc87ca0dcbc7559fd,0x8085807d623572e7:0xc87ca0dcbc7559fd,/m/012_1t,Zach J.,California Places,aTaCY8tke-6jFT8XQ0SVYBXQZ4k60Q,🏛️,museum,visited,California Places,aTaCY8tke-6jFT8XQ0SVYBXQZ4k60Q,core,
Seattle Art Museum,"1300 1st Ave, Seattle, WA 98101, United States",47.6075253,-122.3379599,,https://www.google.com/maps?ftid=0x54906ab22579184b:0x7b64e8eea04a8dc4,0x54906ab22579184b:0x7b64e8eea04a8dc4,/m/0332j6,Zach J.,Washington Places,WfdnMC3zRI3sfjHBnm_HrYeScehYSA,🏛️,museum,visited,Washington Places,WfdnMC3zRI3sfjHBnm_HrYeScehYSA,core,
Seattle Pinball Museum,"508 Maynard Ave S, Seattle, WA 98104, United States",47.598065,-122.3247852,,https://www.google.com/maps?ftid=0x54906abc593b1fe1:0x6b1488158843421b,0x54906abc593b1fe1:0x6b1488158843421b,/g/1tg2kctd,Zach J.,Washington Places,WfdnMC3zRI3sfjHBnm_HrYeScehYSA,🏛️,museum,visited,Washington Places,WfdnMC3zRI3sfjHBnm_HrYeScehYSA,core,
Shacolas Tower Museum and Observatory,"59C6+MM3, Nicosia 1011, Cyprus",35.1716304,33.3616769,Observation Tower,https://www.google.com/maps?ftid=0x14de175ac6f76473:0xd14d299b5638755b,0x14de175ac6f76473:0xd14d299b5638755b,/g/11cn9598gx,Zach J.,Cyprus Places,op1yFHMtopjnsWL6BEbTl-cVqS5sDg,🏛️,museum,visited,Cyprus Places,op1yFHMtopjnsWL6BEbTl-cVqS5sDg,core,
Sint-Janshospitaal (Museum),,51.2039051,3.2237571,,https://www.google.com/maps?ftid=0x47c350db3bd33d61:0xd0feb95d4036c6e7,0x47c350db3bd33d61:0xd0feb95d4036c6e7,,Zach J.,Belgium Places,XyATa3gcf-ULckrVtuXlIrtbkHutzw,🏛️,museum,visited,Belgium Places,XyATa3gcf-ULckrVtuXlIrtbkHutzw,core,
Smithsonian National Air and Space Museum,"600 Independence Ave SW, Washington, DC 20560, United States",38.8882063,-77.0198164,,https://www.google.com/maps?ftid=0x89b7b7837b262421:0xf8e7c937dd8ce81b,0x89b7b7837b262421:0xf8e7c937dd8ce81b,/m/01gbmc,Zach J.,Washington DC Places,LcNB3Ku1niTAsy0qH-HKT1v9d_odjw,🏛️,museum,visited,Washington DC Places,LcNB3Ku1niTAsy0qH-HKT1v9d_odjw,core,
Smithsonian National Museum of American History,"1300 Constitution Ave. NW, Washington, DC 20560, United States",38.8912793,-77.03005089999999,,https://www.google.com/maps?ftid=0x89b7b798ecb5b2c7:0x32b2170679e71dea,0x89b7b798ecb5b2c7:0x32b2170679e71dea,/m/033xkz,Zach J.,Washington DC Places,LcNB3Ku1niTAsy0qH-HKT1v9d_odjw,🏛️,museum,visited,Washington DC Places,LcNB3Ku1niTAsy0qH-HKT1v9d_odjw,core,
Smithsonian's National Air and Space Museum,"Steven F. Udvar-Hazy Center, 14390 Air and Space Museum Pkwy, Chantilly, VA 20151, United States",38.9109189,-77.44420749999999,,https://www.google.com/maps?ftid=0x89b646eb32642073:0xb15e71e7680ccaa8,0x89b646eb32642073:0xb15e71e7680ccaa8,/m/03g3t0,Zach J.,Washington DC Places,LcNB3Ku1niTAsy0qH-HKT1v9d_odjw,🏛️,museum,visited,Washington DC Places,LcNB3Ku1niTAsy0qH-HKT1v9d_odjw,core,
Solomon R. Guggenheim Museum,"1071 5th Ave, New York, NY 10128, United States",40.7829796,-73.9589706,"Okay art, nice building.",https://www.google.com/maps?ftid=0x89c258a29a5e9e99:0x4a01c8df6fb3cb8,0x89c258a29a5e9e99:0x4a01c8df6fb3cb8,/m/0q9h2,Zach J.,"New York, New York",m7FS_hkzSJJEPgD5o0716tZ4PbE9XQ,🏛️,museum,visited,"New York, New York",m7FS_hkzSJJEPgD5o0716tZ4PbE9XQ,core,
The British Museum,,51.5194133,-0.1269566,,https://www.google.com/maps?ftid=0x48761b323093d307:0x2fb199016d5642a7,0x48761b323093d307:0x2fb199016d5642a7,,Zach J.,London (The British One),Dc1pjbzURxS4lLc15TJmfg,🏛️,museum,visited,London (The British One),Dc1pjbzURxS4lLc15TJmfg,core,
The Cyprus Museum,"Mouseiou 1, Nicosia 1097, Cyprus",35.1717252,33.355716199999996,,https://www.google.com/maps?ftid=0x14de1751bc94bcd9:0x6e455e53737055d9,0x14de1751bc94bcd9:0x6e455e53737055d9,/m/02q6f3d,Zach J.,Cyprus Places,op1yFHMtopjnsWL6BEbTl-cVqS5sDg,🏛️,museum,visited,Cyprus Places,op1yFHMtopjnsWL6BEbTl-cVqS5sDg,core,
The Erawan Museum,"JHHQ+CH, Tambon Bang Muang Mai, Mueang Samut Prakan District, Samut Prakan 10270",13.6294498,100.58936229999999,,https://www.google.com/maps?ftid=0x30e2a132bb51ed2f:0xe04dde8a6e59ef77,0x30e2a132bb51ed2f:0xe04dde8a6e59ef77,/m/02w4f_t,Zach J.,Thailand Places,8ZLYjtP28NdeHaxAFNWuqLewhbemIw,🏛️,museum,visited,Thailand Places,8ZLYjtP28NdeHaxAFNWuqLewhbemIw,core,
The Freakybuttrue Peculiarium and Museum,"2234 NW Thurman St, Portland, OR 97210, United States",45.535409099999995,-122.6975932,"Weird little museum, cute date.",https://www.google.com/maps?ftid=0x549509e4474efa2f:0xcce8ab3bef0a877c,0x549509e4474efa2f:0xcce8ab3bef0a877c,/g/1tf9y3q_,Zach J.,O-re-going Places,uPOFXqj2oXs8EjysOzM2PTCFTrpdog,🏛️,museum,visited,O-re-going Places,uPOFXqj2oXs8EjysOzM2PTCFTrpdog,core,
The Metropolitan Museum of Art,"1000 5th Ave, New York, NY 10028, United States",40.7794366,-73.963244,Okay for some contemporary art and Egypt stuff.,https://www.google.com/maps?ftid=0x89c25896f660c26f:0x3b2fa4f4b6c6a1fa,0x89c25896f660c26f:0x3b2fa4f4b6c6a1fa,/m/09c7b,Zach J.,"New York, New York",m7FS_hkzSJJEPgD5o0716tZ4PbE9XQ,🏛️,museum,visited,"New York, New York",m7FS_hkzSJJEPgD5o0716tZ4PbE9XQ,core,
The Museum of Flight,"Seattle, WA 98108, United States",47.5185379,-122.2968545,THEY HAVE A CONCORDE YOU CAN GO INSIDE!,https://www.google.com/maps?ftid=0x5490423922701547:0x1a492897619baaa,0x5490423922701547:0x1a492897619baaa,/m/02kl80,Zach J.,Washington Places,WfdnMC3zRI3sfjHBnm_HrYeScehYSA,🏛️,museum,visited,Washington Places,WfdnMC3zRI3sfjHBnm_HrYeScehYSA,core,
The Museum of Modern Art,"11 W 53rd St, New York, NY 10019, United States",40.7614327,-73.97762159999999,,https://www.google.com/maps?ftid=0x89c258f97bdb102b:0xea9f8fc0b3ffff55,0x89c258f97bdb102b:0xea9f8fc0b3ffff55,/m/0hhjk,Zach J.,"New York, New York",m7FS_hkzSJJEPgD5o0716tZ4PbE9XQ,🏛️,museum,visited,"New York, New York",m7FS_hkzSJJEPgD5o0716tZ4PbE9XQ,core,
The National Museum in Warsaw,"al. Jerozolimskie 3, 00-495 Warszawa, Poland",52.232117099999996,21.0242024,,https://www.google.com/maps?ftid=0x471eccf77204a52b:0x7226c86268321d2,0x471eccf77204a52b:0x7226c86268321d2,/m/0dn1r7,Zach J.,Poland Places,rJiYI8AwTOeCZ372vYFwILDmTQWZ1w,🏛️,museum,visited,Poland Places,rJiYI8AwTOeCZ372vYFwILDmTQWZ1w,core,
The National WWII Museum,"945 Magazine St, New Orleans, LA 70130, United States",29.943071099999997,-90.07053169999999,,https://www.google.com/maps?ftid=0x8620a676da80ce1d:0x855a6fd37bed266a,0x8620a676da80ce1d:0x855a6fd37bed266a,/m/076w4_,Zach J.,'Murica Road Trip,D0K89-5vgjBHw6XsSCispo4wxNwsVA,🏛️,museum,visited,'Murica Road Trip,D0K89-5vgjBHw6XsSCispo4wxNwsVA,core,
The Neon Museum,,36.1769882,-115.1353374,,https://www.google.com/maps?ftid=0x80c8c30c04199771:0xd95c2a661291ef97,0x80c8c30c04199771:0xd95c2a661291ef97,,Zach J.,Las Vegas & Beyond,s8jsj3Ck0g54qiNSl6LBxHqr130VlA,🏛️,museum,visited,Las Vegas & Beyond,s8jsj3Ck0g54qiNSl6LBxHqr130VlA,core,
The Postal Museum,"15-20 Phoenix Pl, London WC1X 0DA, United Kingdom",51.524762599999995,-0.1138931,Ride a mail train,https://www.google.com/maps?ftid=0x48761b48c0e9d009:0x2c035afa3c3306f0,0x48761b48c0e9d009:0x2c035afa3c3306f0,/m/02qt4cf,Zach J.,London (The British One),Dc1pjbzURxS4lLc15TJmfg,🏛️,museum,visited,London (The British One),Dc1pjbzURxS4lLc15TJmfg,core,
The Sixth Floor Museum at Dealey Plaza,"411 Elm St, Dallas, TX 75202, United States",32.7798188,-96.8084842,,https://www.google.com/maps?ftid=0x864e9915dfc904c1:0xecb4cb43c82b8a8e,0x864e9915dfc904c1:0xecb4cb43c82b8a8e,/m/06cdr9,Zach J.,Texas,1S_gekS-v4RZuZLaRNwLRkv_EUSNYw,🏛️,museum,visited,Texas,1S_gekS-v4RZuZLaRNwLRkv_EUSNYw,core,
"The Viktor Wynd Museum of Curiosities, Fine Art & UnNatural History",,51.534645999999995,-0.057601099999999995,,https://www.google.com/maps?ftid=0x48761cdd474cf4ab:0x112ac614c37c815f,0x48761cdd474cf4ab:0x112ac614c37c815f,,Zach J.,London (The British One),Dc1pjbzURxS4lLc15TJmfg,🏛️,museum,visited,London (The British One),Dc1pjbzURxS4lLc15TJmfg,core,
The Walt Disney Family Museum,"104 Montgomery St, San Francisco, CA 94129, United States",37.801378299999996,-122.45864309999999,,https://www.google.com/maps?ftid=0x808586d82ad9fee5:0x551f9b2e159866f5,0x808586d82ad9fee5:0x551f9b2e159866f5,/m/026pd0n,Zach J.,California Places,aTaCY8tke-6jFT8XQ0SVYBXQZ4k60Q,🏛️,museum,visited,California Places,aTaCY8tke-6jFT8XQ0SVYBXQZ4k60Q,core,
Ukrainian National Chernobyl Museum,"Provulok Khoryva, 1, Kyiv, Ukraine, 02000",50.4663494,30.517449799999998,,https://www.google.com/maps?ftid=0x40d4ce6aad7ae271:0x27ce7e3429075a,0x40d4ce6aad7ae271:0x27ce7e3429075a,/m/04gtyr7,Zach J.,Ukraine Places,rtZlzg3DJ3HuV0pqVKIPqr7kz2er6A,🏛️,museum,visited,Ukraine Places,rtZlzg3DJ3HuV0pqVKIPqr7kz2er6A,core,
Vagina Museum,,51.5303925,-0.056852,,https://www.google.com/maps?ftid=0x48761bf35c59d111:0xda63c1a58b10bb00,0x48761bf35c59d111:0xda63c1a58b10bb00,,Zach J.,London (The British One),Dc1pjbzURxS4lLc15TJmfg,🏛️,museum,visited,London (The British One),Dc1pjbzURxS4lLc15TJmfg,core,
Warsaw Uprising Museum,"Grzybowska 79, 00-844 Warszawa, Poland",52.232393599999995,20.981018499999998,,https://www.google.com/maps?ftid=0x471ecc8339f5a289:0xa98636b63a62c625,0x471ecc8339f5a289:0xa98636b63a62c625,/m/0760nm,Zach J.,Poland Places,rJiYI8AwTOeCZ372vYFwILDmTQWZ1w,🏛️,museum,visited,Poland Places,rJiYI8AwTOeCZ372vYFwILDmTQWZ1w,core,
Akiu Great Falls,,38.2752025,140.6034944,,https://www.google.com/maps?ftid=0x5f8a2d523819b679:0x2df41e841e005a4,0x5f8a2d523819b679:0x2df41e841e005a4,,Zach J.,Japan Places,4MFKvfwkuooLXdFwzLh7bJlLOhg8-A,🌋,nature,visited,Japan Places,4MFKvfwkuooLXdFwzLh7bJlLOhg8-A,core,
Brandywine Falls Provincial Park,,50.0370905,-123.121985,,https://www.google.com/maps?ftid=0x54871990e56b2c59:0xaa506f3d210f1a3b,0x54871990e56b2c59:0xaa506f3d210f1a3b,,Zach J.,BC Places,J-HTPTrrRB2hdSQ_jx2gvA,🌋,nature,visited,BC Places,J-HTPTrrRB2hdSQ_jx2gvA,core,
Canyon Overlook Trailhead Parking Lot,"Hurricane, UT 84737, United States",37.2148138,-112.9395821,,https://www.google.com/maps?ftid=0x80cac3173c5b1319:0xde4110fd49772f5c,0x80cac3173c5b1319:0xde4110fd49772f5c,/g/11txnbxm0s,Zach J.,Utah Places,yxf29Fw1SnujpoH_zKcqAA,🌋,nature,visited,Utah Places,yxf29Fw1SnujpoH_zKcqAA,core,
Donner Hill,"Emigration Canyon Rd, Salt Lake City, UT 84108, United States",40.7516089,-111.8009299,,https://www.google.com/maps?ftid=0x87525e29d7f4a98f:0xcdad3922a7554bb3,0x87525e29d7f4a98f:0xcdad3922a7554bb3,/g/11c7sq423c,Zach J.,Utah Places,yxf29Fw1SnujpoH_zKcqAA,🌋,nature,visited,Utah Places,yxf29Fw1SnujpoH_zKcqAA,core,
Fairyland Point,"Rim Trail, Bryce Canyon City, UT 84764, United States",37.6491417,-112.1473778,,https://www.google.com/maps?ftid=0x873568cbc000baed:0xa2bed1847cdd2009,0x873568cbc000baed:0xa2bed1847cdd2009,/g/1yg4fj5w6,Zach J.,Utah Places,yxf29Fw1SnujpoH_zKcqAA,🌋,nature,visited,Utah Places,yxf29Fw1SnujpoH_zKcqAA,core,
Howth Cliff Walk (Green Route),"Howth, Dublin, Ireland",53.374969699999994,-6.0491765,,https://www.google.com/maps?ftid=0x4867036c43e051b7:0x85a5ce62bfba3c9a,0x4867036c43e051b7:0x85a5ce62bfba3c9a,/g/11j0rrmrty,Zach J.,Ireland,PZ1939FGYznLJLfbw23DtttFpkZvgg,🌋,nature,visited,Ireland,PZ1939FGYznLJLfbw23DtttFpkZvgg,core,
Karuizawa Shiraito Falls,,36.410314,138.59262569999999,,https://www.google.com/maps?ftid=0x601dd8a5693d8b15:0xbddaade888287ab2,0x601dd8a5693d8b15:0xbddaade888287ab2,,Zach J.,Japan Places,4MFKvfwkuooLXdFwzLh7bJlLOhg8-A,🌋,nature,visited,Japan Places,4MFKvfwkuooLXdFwzLh7bJlLOhg8-A,core,
Kegon Falls,,36.7380893,139.501941,,https://www.google.com/maps?ftid=0x601fa8c8c0b0bec1:0x279c9f58ca43568d,0x601fa8c8c0b0bec1:0x279c9f58ca43568d,,Zach J.,Japan Places,4MFKvfwkuooLXdFwzLh7bJlLOhg8-A,🌋,nature,visited,Japan Places,4MFKvfwkuooLXdFwzLh7bJlLOhg8-A,core,
Mossy Cave Trailhead,"UT-12, Tropic, UT 84776, United States",37.6657186,-112.11035,,https://www.google.com/maps?ftid=0x87356f6e805069dd:0xe9f4b66a941df967,0x87356f6e805069dd:0xe9f4b66a941df967,/g/11bbrj6ykq,Zach J.,Utah Places,yxf29Fw1SnujpoH_zKcqAA,🌋,nature,visited,Utah Places,yxf29Fw1SnujpoH_zKcqAA,core,
Pai Canyon,"8F43+F22, Mae Hi, Pai District, Mae Hong Son 58130",19.3061375,98.4525156,,https://www.google.com/maps?ftid=0x30da80e8f3eba0f9:0x83dbe124b195aec2,0x30da80e8f3eba0f9:0x83dbe124b195aec2,/g/11btxhd4bg,Zach J.,Thailand Places,8ZLYjtP28NdeHaxAFNWuqLewhbemIw,🌋,nature,visited,Thailand Places,8ZLYjtP28NdeHaxAFNWuqLewhbemIw,core,
Pine Creek Canyon,,36.1288749,-115.4732279,,https://www.google.com/maps?ftid=0x80c8a2cd2b46dd89:0x526dbac39e115335,0x80c8a2cd2b46dd89:0x526dbac39e115335,,Zach J.,Las Vegas & Beyond,s8jsj3Ck0g54qiNSl6LBxHqr130VlA,🌋,nature,visited,Las Vegas & Beyond,s8jsj3Ck0g54qiNSl6LBxHqr130VlA,core,
Red Canyon Arch,"UT-12, Panguitch, UT 84759, United States",37.740431,-112.29780699999999,,https://www.google.com/maps?ftid=0x87355e8df91f5cb7:0x94ef3fdc5884c008,0x87355e8df91f5cb7:0x94ef3fdc5884c008,/g/11fzz5mzdv,Zach J.,Utah Places,yxf29Fw1SnujpoH_zKcqAA,🌋,nature,visited,Utah Places,yxf29Fw1SnujpoH_zKcqAA,core,
Red Canyon Visitor Center,"5375 UT-12, Panguitch, UT 84759, United States",37.7460472,-112.31936329999999,,https://www.google.com/maps?ftid=0x8735591c376eda39:0xc70c0d9fe12117a2,0x8735591c376eda39:0xc70c0d9fe12117a2,/g/1wrtd9_6,Zach J.,Utah Places,yxf29Fw1SnujpoH_zKcqAA,🌋,nature,visited,Utah Places,yxf29Fw1SnujpoH_zKcqAA,core,
Red Rock Canyon National Conservation Area,,36.1944273,-115.4382967,,https://www.google.com/maps?ftid=0x80c8bd0795a08535:0x74ced81d2afcb24c,0x80c8bd0795a08535:0x74ced81d2afcb24c,,Zach J.,Las Vegas & Beyond,s8jsj3Ck0g54qiNSl6LBxHqr130VlA,🌋,nature,visited,Las Vegas & Beyond,s8jsj3Ck0g54qiNSl6LBxHqr130VlA,core,
Red Rock Canyon Overlook,,36.1171083,-115.4447558,,https://www.google.com/maps?ftid=0x80c8bce6ba4d154d:0x67db12e22fd980ab,0x80c8bce6ba4d154d:0x67db12e22fd980ab,,Zach J.,Las Vegas & Beyond,s8jsj3Ck0g54qiNSl6LBxHqr130VlA,🌋,nature,visited,Las Vegas & Beyond,s8jsj3Ck0g54qiNSl6LBxHqr130VlA,core,
Reichenbach Falls,"Reichenbach, 3860 Meiringen, Switzerland",46.714475,8.1828206,,https://www.google.com/maps?ftid=0x478f8e4cf5a7e65b:0x3f9d400d03417b4e,0x478f8e4cf5a7e65b:0x3f9d400d03417b4e,/m/01_sx7,Zach J.,Switzerland Places,OvARGjqcJqUpQGyHwNiftD3eqtby6g,🌋,nature,visited,Switzerland Places,OvARGjqcJqUpQGyHwNiftD3eqtby6g,core,
Shannon Falls Viewpoint,,49.671081699999995,-123.15821319999999,,https://www.google.com/maps?ftid=0x54865807d72c5407:0x2c676af3226c9ee,0x54865807d72c5407:0x2c676af3226c9ee,,Zach J.,BC Places,J-HTPTrrRB2hdSQ_jx2gvA,🌋,nature,visited,BC Places,J-HTPTrrRB2hdSQ_jx2gvA,core,
Shiraito Falls,,35.312867499999996,138.58744099999998,,https://www.google.com/maps?ftid=0x601bdaee0081ae4d:0x92a3a8ec3ba65a3,0x601bdaee0081ae4d:0x92a3a8ec3ba65a3,,Zach J.,Japan Places,4MFKvfwkuooLXdFwzLh7bJlLOhg8-A,🌋,nature,visited,Japan Places,4MFKvfwkuooLXdFwzLh7bJlLOhg8-A,core,
Zion Canyon Visitor Center,"Zion National Park, 1 Zion Park Blvd, Springdale, UT 84767, United States",37.2000925,-112.9869847,,https://www.google.com/maps?ftid=0x80cac2bd35ac0a47:0x8e601e4c459d754d,0x80cac2bd35ac0a47:0x8e601e4c459d754d,/g/11hb149bv3,Zach J.,Utah Places,yxf29Fw1SnujpoH_zKcqAA,🌋,nature,visited,Utah Places,yxf29Fw1SnujpoH_zKcqAA,core,
55 Central Park West,,40.7724225,-73.97919209999999,I ain't afraid of no ghosts,https://www.google.com/maps?ftid=0x89c258f4f0f88d39:0x7b9421caf9aae810,0x89c258f4f0f88d39:0x7b9421caf9aae810,,Zach J.,"New York, New York",m7FS_hkzSJJEPgD5o0716tZ4PbE9XQ,🏞️,park,visited,"New York, New York",m7FS_hkzSJJEPgD5o0716tZ4PbE9XQ,core,
Arashiyama Monkey Park Iwatayama,,35.011395,135.6766245,,https://www.google.com/maps?ftid=0x600100ab6efb49bd:0x1b3493b0430734b2,0x600100ab6efb49bd:0x1b3493b0430734b2,,Zach J.,Japan Places,4MFKvfwkuooLXdFwzLh7bJlLOhg8-A,🏞️,park,visited,Japan Places,4MFKvfwkuooLXdFwzLh7bJlLOhg8-A,core,
Arches National Park,"Utah, United States",38.7328166,-109.5746222,,https://www.google.com/maps?ftid=0x80caf61a860daa51:0x4f42ea69d128c495,0x80caf61a860daa51:0x4f42ea69d128c495,/m/0lgt,Zach J.,Utah Places,yxf29Fw1SnujpoH_zKcqAA,🏞️,park,visited,Utah Places,yxf29Fw1SnujpoH_zKcqAA,core,
Barons Snooker Parlour,"Heritage Park, Calgary, AB T2V 1R1",50.985143,-114.1079973,,https://www.google.com/maps?ftid=0x53717140527721c1:0xffec8135cc359bb8,0x53717140527721c1:0xffec8135cc359bb8,/g/11v1bccld2,Zach J.,Alberta Places,3C2H3oIS4n013AChLgQc_odlaarv0A,🏞️,park,visited,Alberta Places,3C2H3oIS4n013AChLgQc_odlaarv0A,core,
Berlin Olympic Park,,52.5186626,13.2384825,"Famous place, architecture.",https://www.google.com/maps?ftid=0x47a856e29d544221:0x3f27e5c2e9e4e495,0x47a856e29d544221:0x3f27e5c2e9e4e495,,Zach J.,Deutschland Places,_xr3THKc69o0Q1Jj4xw49b6So0Yt2Q,🏞️,park,visited,Deutschland Places,_xr3THKc69o0Q1Jj4xw49b6So0Yt2Q,core,
Big H,"Heritage Park, Calgary, AB T2V 1R1",50.9796816,-114.0979923,,https://www.google.com/maps?ftid=0x537171b38cbf321f:0x6a93c9c97fa83ac8,0x537171b38cbf321f:0x6a93c9c97fa83ac8,/g/11v13byj5n,Zach J.,Alberta Places,3C2H3oIS4n013AChLgQc_odlaarv0A,🏞️,park,visited,Alberta Places,3C2H3oIS4n013AChLgQc_odlaarv0A,core,
Bonneville State Park,,40.776382,-113.85131799999999,,https://www.google.com/maps?ftid=0x80ac374e19732951:0x594c5be529895ef,0x80ac374e19732951:0x594c5be529895ef,,Zach J.,Utah Places,yxf29Fw1SnujpoH_zKcqAA,🏞️,park,visited,Utah Places,yxf29Fw1SnujpoH_zKcqAA,core,
Bow Bridge,"Central Park, Bow Bridge, New York, NY 10024, United States",40.7757544,-73.97177839999999,,https://www.google.com/maps?ftid=0x89c2588d789a1e89:0xfb4165edf94e2390,0x89c2588d789a1e89:0xfb4165edf94e2390,/g/11bc65w692,Zach J.,"New York, New York",m7FS_hkzSJJEPgD5o0716tZ4PbE9XQ,🏞️,park,visited,"New York, New York",m7FS_hkzSJJEPgD5o0716tZ4PbE9XQ,core,
Brooklyn Bridge Plaza at Brooklyn Bridge Park,"17-31 Water St, Brooklyn, NY 11201, United States",40.7022422,-73.9958601,,https://www.google.com/maps?ftid=0x89c25a46a369a18d:0xa109779d5185c305,0x89c25a46a369a18d:0xa109779d5185c305,/m/0265hxz,Zach J.,"New York, New York",m7FS_hkzSJJEPgD5o0716tZ4PbE9XQ,🏞️,park,visited,"New York, New York",m7FS_hkzSJJEPgD5o0716tZ4PbE9XQ,core,
Calgary Municipal Railway Streetcar,"1911 Heritage Park, Calgary, AB T2V 5A8",50.9798842,-114.09712289999999,,https://www.google.com/maps?ftid=0x537171c27260a669:0xd56d464136292c8e,0x537171c27260a669:0xd56d464136292c8e,/g/11vr49ckpn,Zach J.,Alberta Places,3C2H3oIS4n013AChLgQc_odlaarv0A,🏞️,park,visited,Alberta Places,3C2H3oIS4n013AChLgQc_odlaarv0A,core,
Capilano Suspension Bridge Park,,49.3428609,-123.11492439999999,,https://www.google.com/maps?ftid=0x54866fd200dcde49:0xf350b3ec85130f5e,0x54866fd200dcde49:0xf350b3ec85130f5e,,Zach J.,BC Places,J-HTPTrrRB2hdSQ_jx2gvA,🏞️,park,visited,BC Places,J-HTPTrrRB2hdSQ_jx2gvA,core,
Central Park,"New York, NY, United States",40.7825547,-73.9655834,,https://www.google.com/maps?ftid=0x89c2589a018531e3:0xb9df1f7387a94119,0x89c2589a018531e3:0xb9df1f7387a94119,/m/09c7v,Zach J.,"New York, New York",m7FS_hkzSJJEPgD5o0716tZ4PbE9XQ,🏞️,park,visited,"New York, New York",m7FS_hkzSJJEPgD5o0716tZ4PbE9XQ,core,
Centreville Amusement Park,"9 Queens Quay W, Toronto, ON M5J 2H3, Canada",43.6202922,-79.3735438,Nice in the summer and abandoned in the winter.,https://www.google.com/maps?ftid=0x89d4cb2a51e3fb1d:0x2f5294e2fb501d29,0x89d4cb2a51e3fb1d:0x2f5294e2fb501d29,,Zach J.,Toronto Photography,EBdYtSZKT2SzsVOBUpVjfw,🏞️,park,visited,Toronto Photography,EBdYtSZKT2SzsVOBUpVjfw,core,
Couch Park,"551 NW 19th Ave, Portland, OR 97209, United States",45.5266411,-122.69108659999999,I like this park.,https://www.google.com/maps?ftid=0x549509fb79cffce1:0xaf5d6ed627dc70fa,0x549509fb79cffce1:0xaf5d6ed627dc70fa,/m/0bby681,Zach J.,O-re-going Places,uPOFXqj2oXs8EjysOzM2PTCFTrpdog,🏞️,park,visited,O-re-going Places,uPOFXqj2oXs8EjysOzM2PTCFTrpdog,core,
Custer State Park Wildlife Loop Road,"Wildlife Loop Rd, Crazy Horse, SD 57730, United States",43.733230299999995,-103.3553886,,https://www.google.com/maps?ftid=0x877d257e7864d193:0xb5c4fe13d5fd0262,0x877d257e7864d193:0xb5c4fe13d5fd0262,/g/1pzv8tbz4,Zach J.,South Dakota Places,57X3K7m35rFl11lXp4rw-o52_p_I3A,🏞️,park,visited,South Dakota Places,57X3K7m35rFl11lXp4rw-o52_p_I3A,core,
Dingman No. 1 Oil Well,"Inside Heritage Park Historical Village, Calgary, AB T2V 1R1",50.982872199999996,-114.1086557,,https://www.google.com/maps?ftid=0x53717173bee57eff:0xb60bbcccbdf49090,0x53717173bee57eff:0xb60bbcccbdf49090,/g/11fyzbn4dr,Zach J.,Alberta Places,3C2H3oIS4n013AChLgQc_odlaarv0A,🏞️,park,visited,Alberta Places,3C2H3oIS4n013AChLgQc_odlaarv0A,core,
English Garden,,48.164232299999995,11.6055522,"Nice park, very big.",https://www.google.com/maps?ftid=0x479e759795f82b6b:0xc99bdf627cefefd1,0x479e759795f82b6b:0xc99bdf627cefefd1,,Zach J.,Deutschland Places,_xr3THKc69o0Q1Jj4xw49b6So0Yt2Q,🏞️,park,visited,Deutschland Places,_xr3THKc69o0Q1Jj4xw49b6So0Yt2Q,core,
First Nations Encampment,"84 Heritage Park, Calgary, AB T2V 1R1",50.9865545,-114.10378109999999,,https://www.google.com/maps?ftid=0x5371710b417ced37:0x4c33b3985f11a2c,0x5371710b417ced37:0x4c33b3985f11a2c,/g/11fxb689yl,Zach J.,Alberta Places,3C2H3oIS4n013AChLgQc_odlaarv0A,🏞️,park,visited,Alberta Places,3C2H3oIS4n013AChLgQc_odlaarv0A,core,
Haeunde Blueline Park - Mipo Station,"13 Dalmaji-gil 62beon-gil, Haeundae-gu, Busan",35.158284,129.17276719999998,,https://www.google.com/maps?ftid=0x35688d0b5b18d27d:0x480a23d5aa9e1f0f,0x35688d0b5b18d27d:0x480a23d5aa9e1f0f,/g/11g8w8q2sq,Zach J.,South Korea Places,eq-jX2C0L9Am26jRVNLfIlkd0WnWLw,🏞️,park,visited,South Korea Places,eq-jX2C0L9Am26jRVNLfIlkd0WnWLw,core,
High Park,"1873 Bloor St W, Toronto, ON M6R 2Z3, Canada",43.646547899999995,-79.4636903,Nature.,https://www.google.com/maps?ftid=0x882b35d32336f705:0x1bcc825a300ee67,0x882b35d32336f705:0x1bcc825a300ee67,,Zach J.,Toronto Photography,EBdYtSZKT2SzsVOBUpVjfw,🏞️,park,visited,Toronto Photography,EBdYtSZKT2SzsVOBUpVjfw,core,
Hyde Park,,51.5073638,-0.1641135,,https://www.google.com/maps?ftid=0x4876054929181a85:0xd1af6c4f49b4bd0c,0x4876054929181a85:0xd1af6c4f49b4bd0c,,Zach J.,London (The British One),Dc1pjbzURxS4lLc15TJmfg,🏞️,park,visited,London (The British One),Dc1pjbzURxS4lLc15TJmfg,core,
Joseph Smith Sphinx,"Gilgal Sculpture Garden, 749 E 500 S, Salt Lake City, UT 84102, United States",40.7592885,-111.86935129999999,,https://www.google.com/maps?ftid=0x8752f55d006d2265:0xfb02ff785733c6d7,0x8752f55d006d2265:0xfb02ff785733c6d7,/g/11kbsdtzx9,Zach J.,Utah Places,yxf29Fw1SnujpoH_zKcqAA,🏞️,park,visited,Utah Places,yxf29Fw1SnujpoH_zKcqAA,core,
Joshua Tree National Park,"California, United States",33.873415,-115.9009923,,https://www.google.com/maps?ftid=0x80da8f85b965a87b:0x1977eda73aeb9de2,0x80da8f85b965a87b:0x1977eda73aeb9de2,/m/018gyg,Zach J.,California Places,aTaCY8tke-6jFT8XQ0SVYBXQZ4k60Q,🏞️,park,visited,California Places,aTaCY8tke-6jFT8XQ0SVYBXQZ4k60Q,core,
Laurelhurst Park,"SE Cesar E Chavez Blvd & Stark St, Portland, OR 97214, United States",45.5211073,-122.6272194,"It's a park, with grass.",https://www.google.com/maps?ftid=0x5495a0eac4eeb42d:0xa26df736588d055e,0x5495a0eac4eeb42d:0xa26df736588d055e,/m/0bbzw44,Zach J.,O-re-going Places,uPOFXqj2oXs8EjysOzM2PTCFTrpdog,🏞️,park,visited,O-re-going Places,uPOFXqj2oXs8EjysOzM2PTCFTrpdog,core,
Lighthouse Park,"4902 Beacon Ln, West Vancouver, BC V7W 1K5",49.331637099999995,-123.26358619999999,,https://www.google.com/maps?ftid=0x54866c5425f44821:0x5194f33fa19c1f84,0x54866c5425f44821:0x5194f33fa19c1f84,/m/026k8ss,Zach J.,BC Places,J-HTPTrrRB2hdSQ_jx2gvA,🏞️,park,visited,BC Places,J-HTPTrrRB2hdSQ_jx2gvA,core,
Maçka Park,"Harbiye, Maçka Cd., 34367 Şişli/İstanbul, Turkey",41.0446503,28.9925461,,https://www.google.com/maps?ftid=0x14cace33ccb7fddb:0x31f77c9ec9e157a3,0x14cace33ccb7fddb:0x31f77c9ec9e157a3,/g/121lt1fq,Zach J.,Istanbul,T9mlMxDchiknHm63Z7-uttmXeOMrzg,🏞️,park,visited,Istanbul,T9mlMxDchiknHm63Z7-uttmXeOMrzg,core,
Memento Park,"Budapest, Balatoni út - Szabadkai utca sarok, 1223 Hungary",47.4263652,18.9989299,,https://www.google.com/maps?ftid=0x4741e76cbfdf46bb:0xb7f9917af5ce63cc,0x4741e76cbfdf46bb:0xb7f9917af5ce63cc,/m/05h450h,Zach J.,Hungary Places,1a46QBe0HWmKrjJYm4D9EROGYD6JOw,🏞️,park,visited,Hungary Places,1a46QBe0HWmKrjJYm4D9EROGYD6JOw,core,
Midnapore Station,"Inside Heritage Park Historical Village, 1900 Heritage Dr SW, Calgary, AB T2V 2X3",50.9831848,-114.105853,,https://www.google.com/maps?ftid=0x537171dd0df0f077:0x19f04e825b8f3644,0x537171dd0df0f077:0x19f04e825b8f3644,/g/11gj2st7kz,Zach J.,Alberta Places,3C2H3oIS4n013AChLgQc_odlaarv0A,🏞️,park,visited,Alberta Places,3C2H3oIS4n013AChLgQc_odlaarv0A,core,
Nara Park,,34.685047,135.843012,,https://www.google.com/maps?ftid=0x60013996bd8c6061:0xf96cacf357447456,0x60013996bd8c6061:0xf96cacf357447456,,Zach J.,Japan Places,4MFKvfwkuooLXdFwzLh7bJlLOhg8-A,🏞️,park,visited,Japan Places,4MFKvfwkuooLXdFwzLh7bJlLOhg8-A,core,
Naritasan Park,"1 Narita, Chiba 286-0023, Japan",35.7865445,140.3210226,"Nice park near the airport, good for a day visit.",https://www.google.com/maps?ftid=0x60228b1aa3beef81:0x8e435fbe6e7d3a0b,0x60228b1aa3beef81:0x8e435fbe6e7d3a0b,/g/119tz9rbx,Zach J.,Japan Places,4MFKvfwkuooLXdFwzLh7bJlLOhg8-A,🏞️,park,visited,Japan Places,4MFKvfwkuooLXdFwzLh7bJlLOhg8-A,core,
Nikko National Park,,36.8936293,139.6344196,,https://www.google.com/maps?ftid=0x601fb3304352f723:0x890f2ccf36739692,0x601fb3304352f723:0x890f2ccf36739692,,Zach J.,Japan Places,4MFKvfwkuooLXdFwzLh7bJlLOhg8-A,🏞️,park,visited,Japan Places,4MFKvfwkuooLXdFwzLh7bJlLOhg8-A,core,
Old Los Angeles Zoo,"4801 Griffith Park Dr, Los Angeles, CA 90027, United States",34.1339393,-118.28903779999999,,https://www.google.com/maps?ftid=0x80c2c08672f8e1a1:0x55d1255ac467b7b5,0x80c2c08672f8e1a1:0x55d1255ac467b7b5,/g/11cp7fly72,Zach J.,California Places,aTaCY8tke-6jFT8XQ0SVYBXQZ4k60Q,🏞️,park,visited,California Places,aTaCY8tke-6jFT8XQ0SVYBXQZ4k60Q,core,
Pace Bend Park,"2805 Pace Bend Rd N, Spicewood, TX 78669, United States",30.459636099999997,-98.01924439999999,,https://www.google.com/maps?ftid=0x865b3b3681a3b4b3:0x20f207a3de9e2ce8,0x865b3b3681a3b4b3:0x20f207a3de9e2ce8,/g/1vlk1_3m,Zach J.,Texas,1S_gekS-v4RZuZLaRNwLRkv_EUSNYw,🏞️,park,visited,Texas,1S_gekS-v4RZuZLaRNwLRkv_EUSNYw,core,
Pacific Spirit Regional Park,"5495 Chancellor Blvd, Vancouver, BC V6T 1E4",49.253285999999996,-123.21560299999999,Silent Trails.,https://www.google.com/maps?ftid=0x54867325cd77a111:0x3398f07bb10b71a0,0x54867325cd77a111:0x3398f07bb10b71a0,/m/01d5fy,Zach J.,BC Places,J-HTPTrrRB2hdSQ_jx2gvA,🏞️,park,visited,BC Places,J-HTPTrrRB2hdSQ_jx2gvA,core,
Park Güell,"08024 Barcelona, Spain",41.4144948,2.1526945,,https://www.google.com/maps?ftid=0x12a4a2ae52d441ab:0x899a0ba01aaace58,0x12a4a2ae52d441ab:0x899a0ba01aaace58,/m/0nvs,Zach J.,Spain,9OTD759Vy7eRxRIn4AOrt-0eFJ0TtA,🏞️,park,visited,Spain,9OTD759Vy7eRxRIn4AOrt-0eFJ0TtA,core,
Park Prater,"1020 Vienna, Austria",48.209499699999995,16.4067976,,https://www.google.com/maps?ftid=0x476d0773725bc75b:0x4f588cd199e99541,0x476d0773725bc75b:0x4f588cd199e99541,/g/11gy32h_4z,Zach J.,Austria-ish Places,JW6_PhOiwD9hqDmWcuJh6u67rjwIwA,🏞️,park,visited,Austria-ish Places,JW6_PhOiwD9hqDmWcuJh6u67rjwIwA,core,
Portland Japanese Garden,"611 SW Kingston Ave, Portland, OR 97205, United States",45.5188634,-122.7080354,Nice vibes.,https://www.google.com/maps?ftid=0x5495098a15edc679:0x9e8cc03627015eed,0x5495098a15edc679:0x9e8cc03627015eed,/m/06rhvq,Zach J.,O-re-going Places,uPOFXqj2oXs8EjysOzM2PTCFTrpdog,🏞️,park,visited,O-re-going Places,uPOFXqj2oXs8EjysOzM2PTCFTrpdog,core,
Railway Roundhouse,"84 Heritage Park, Calgary, AB T2V 1R1",50.985377799999995,-114.10985819999999,,https://www.google.com/maps?ftid=0x5371717466fe30fb:0x50001d4565d141e0,0x5371717466fe30fb:0x50001d4565d141e0,/g/11g8wcxy_6,Zach J.,Alberta Places,3C2H3oIS4n013AChLgQc_odlaarv0A,🏞️,park,visited,Alberta Places,3C2H3oIS4n013AChLgQc_odlaarv0A,core,
Riverdale Park East,"550 Broadview Ave, Toronto, ON M4K 2N6, Canada",43.6718289,-79.3549845,Best skyline in the city.,https://www.google.com/maps?ftid=0x89d4cb6736419deb:0x54ff7965f96e6e4f,0x89d4cb6736419deb:0x54ff7965f96e6e4f,,Zach J.,Toronto Photography,EBdYtSZKT2SzsVOBUpVjfw,🏞️,park,visited,Toronto Photography,EBdYtSZKT2SzsVOBUpVjfw,core,
Salesforce Park,"425 Mission St, San Francisco, CA 94105, United States",37.789739499999996,-122.39616559999999,,https://www.google.com/maps?ftid=0x8085806348b6dc0b:0x68829c972fa3a749,0x8085806348b6dc0b:0x68829c972fa3a749,/g/11fx7n64dj,Zach J.,California Places,aTaCY8tke-6jFT8XQ0SVYBXQZ4k60Q,🏞️,park,visited,California Places,aTaCY8tke-6jFT8XQ0SVYBXQZ4k60Q,core,
Scarborough Bluffs Park Beach,"52 Bluffers Park, Scarborough, ON M1M 3W3, Canada",43.712927799999996,-79.2269283,Bluffs.,https://www.google.com/maps?ftid=0x89d4cfaf2001a563:0xd806ffe799779ff7,0x89d4cfaf2001a563:0xd806ffe799779ff7,,Zach J.,Toronto Photography,EBdYtSZKT2SzsVOBUpVjfw,🏞️,park,visited,Toronto Photography,EBdYtSZKT2SzsVOBUpVjfw,core,
Selina Secret Garden & Cowork,"Beco Carrasco nº1, 1200-096 Lisboa, Portugal",38.7101033,-9.1508114,,https://www.google.com/maps?ftid=0xd193571e34950e7:0xccf181f782fa6df3,0xd193571e34950e7:0xccf181f782fa6df3,/g/11gy7ygvzx,Zach J.,Portugal Places,PJetNvIfkAY8zDHfGEEQlDLG4G2qyg,🏞️,park,visited,Portugal Places,PJetNvIfkAY8zDHfGEEQlDLG4G2qyg,core,
Shinjuku Gyoen National Garden,,35.685176299999995,139.71005169999998,,https://www.google.com/maps?ftid=0x60188cc21b93233f:0x6a1eb1b5a117f287,0x60188cc21b93233f:0x6a1eb1b5a117f287,,Zach J.,Japan Places,4MFKvfwkuooLXdFwzLh7bJlLOhg8-A,🏞️,park,visited,Japan Places,4MFKvfwkuooLXdFwzLh7bJlLOhg8-A,core,
Trinity Bellwoods Park,"790 Queen St W, Toronto, ON M6J 1G3, Canada",43.647282499999996,-79.4137246,Nice park.,https://www.google.com/maps?ftid=0x882b34fb59eedcdb:0x3fb22c8aefb75bb,0x882b34fb59eedcdb:0x3fb22c8aefb75bb,,Zach J.,Toronto Photography,EBdYtSZKT2SzsVOBUpVjfw,🏞️,park,visited,Toronto Photography,EBdYtSZKT2SzsVOBUpVjfw,core,
Tsujido Seaside Park Transportation Park,,35.3220239,139.445535,,https://www.google.com/maps?ftid=0x60184de1c4a06295:0x163675b114b969cc,0x60184de1c4a06295:0x163675b114b969cc,,Zach J.,Japan Places,4MFKvfwkuooLXdFwzLh7bJlLOhg8-A,🏞️,park,visited,Japan Places,4MFKvfwkuooLXdFwzLh7bJlLOhg8-A,core,
Underpass Park,,43.6552522,-79.3555605,Great spot for portrait and action shots.,https://www.google.com/maps?ftid=0x89d4cb6adec39d93:0xf81e74aa35b3da90,0x89d4cb6adec39d93:0xf81e74aa35b3da90,,Zach J.,Toronto Photography,EBdYtSZKT2SzsVOBUpVjfw,🏞️,park,visited,Toronto Photography,EBdYtSZKT2SzsVOBUpVjfw,core,
Valley of Fire State Park,"Moapa Valley, NV 89040, United States",36.4756593,-114.5383925,,https://www.google.com/maps?ftid=0x80c96b2bca0cabf5:0x4c5d735aaf7cb075,0x80c96b2bca0cabf5:0x4c5d735aaf7cb075,/m/05mgsj,Zach J.,Utah Places,yxf29Fw1SnujpoH_zKcqAA,🏞️,park,visited,Utah Places,yxf29Fw1SnujpoH_zKcqAA,core,
Washington Square Park,"Washington Square, New York, NY 10012, United States",40.7308838,-73.997332,,https://www.google.com/maps?ftid=0x89c25990e23d7e8d:0xfa615edfd1b67e18,0x89c25990e23d7e8d:0xfa615edfd1b67e18,/m/037sn_,Zach J.,"New York, New York",m7FS_hkzSJJEPgD5o0716tZ4PbE9XQ,🏞️,park,visited,"New York, New York",m7FS_hkzSJJEPgD5o0716tZ4PbE9XQ,core,
Barrel House Korchma,"2385 Lake Shore Blvd W, Etobicoke, ON M8V 1B7",43.6151741,-79.48832999999999,,https://www.google.com/maps?ftid=0x882b37cf6096ab11:0xde1f930695cb230b,0x882b37cf6096ab11:0xde1f930695cb230b,/g/11jqwhb2cz,Zach J.,Churono | Want to go,_Goa88wVSLuG5ntawKc2cw | 1mSquE0pnDeBv3otPCuMkxC6wzss,🏖️,beach,both,Churono | Want to go,_Goa88wVSLuG5ntawKc2cw | 1mSquE0pnDeBv3otPCuMkxC6wzss,core,
Bar Cathedral,"54 The Esplanade, Toronto, ON M5E 1A7",43.6470268,-79.37422099999999,,https://www.google.com/maps?ftid=0x89d4cb62f0b5daef:0x4bbb8561ca3e884f,0x89d4cb62f0b5daef:0x4bbb8561ca3e884f,/g/11rfn3xz19,Zach J.,Churono | Want to go,_Goa88wVSLuG5ntawKc2cw | 1mSquE0pnDeBv3otPCuMkxC6wzss,🏰,heritage,both,Churono | Want to go,_Goa88wVSLuG5ntawKc2cw | 1mSquE0pnDeBv3otPCuMkxC6wzss,core,
Neuschwanstein Castle,"Neuschwansteinstraße 20, 87645 Schwangau, Germany",47.557573999999995,10.7498004,"Famous place, castle.",https://www.google.com/maps?ftid=0x479cf7cac44ea35d:0xc8a6866bd39dbba3,0x479cf7cac44ea35d:0xc8a6866bd39dbba3,/m/01jz1z,Zach J.,Deutschland Places | Want to go,_xr3THKc69o0Q1Jj4xw49b6So0Yt2Q | 1mSquE0pnDeBv3otPCuMkxC6wzss,🏰,heritage,both,Deutschland Places | Want to go,_xr3THKc69o0Q1Jj4xw49b6So0Yt2Q | 1mSquE0pnDeBv3otPCuMkxC6wzss,core,
Bixby Bridge Vista Point,"39020 Coast Rd, Monterey, CA 93940, United States",36.3725534,-121.9030983,,https://www.google.com/maps?ftid=0x808d93c47559233d:0x28cfe5f75ce035d0,0x808d93c47559233d:0x28cfe5f75ce035d0,/g/11rs05mq0t,Zach J.,California Places | Want to go,aTaCY8tke-6jFT8XQ0SVYBXQZ4k60Q | 1mSquE0pnDeBv3otPCuMkxC6wzss,🥾,hike,both,California Places | Want to go,aTaCY8tke-6jFT8XQ0SVYBXQZ4k60Q | 1mSquE0pnDeBv3otPCuMkxC6wzss,core,
Snowbird,"9385 Snowbird Center Trail, Snowbird, UT 84092, United States",40.581081399999995,-111.65638849999999,,https://www.google.com/maps?ftid=0x87527085fd926c3f:0x113477a4514aebb3,0x87527085fd926c3f:0x113477a4514aebb3,/m/021cx7w,Zach J.,Utah Places | Want to go,yxf29Fw1SnujpoH_zKcqAA | 1mSquE0pnDeBv3otPCuMkxC6wzss,🥾,hike,both,Utah Places | Want to go,yxf29Fw1SnujpoH_zKcqAA | 1mSquE0pnDeBv3otPCuMkxC6wzss,core,
Nitobe Memorial Garden,"1895 Lower Mall, Vancouver, BC V6T 1Z4",49.2663522,-123.259664,,https://www.google.com/maps?ftid=0x548672b47e63340f:0x9b78e67ab4724f1,0x548672b47e63340f:0x9b78e67ab4724f1,/m/02dqb4,Zach J.,BC Places | Want to go,J-HTPTrrRB2hdSQ_jx2gvA | 1mSquE0pnDeBv3otPCuMkxC6wzss,🗿,monument,both,BC Places | Want to go,J-HTPTrrRB2hdSQ_jx2gvA | 1mSquE0pnDeBv3otPCuMkxC6wzss,core,
Evergreen Aviation & Space Museum,"500 NE Captain Michael King Smith Way, McMinnville, OR 97128, United States",45.204304,-123.14542999999999,Howard Hughes H-4!!!!,https://www.google.com/maps?ftid=0x54954f522bd317f5:0xcf98b5bc38f4befc,0x54954f522bd317f5:0xcf98b5bc38f4befc,/m/025fh4,Zach J.,O-re-going Places | Want to go,uPOFXqj2oXs8EjysOzM2PTCFTrpdog | 1mSquE0pnDeBv3otPCuMkxC6wzss,🏛️,museum,both,O-re-going Places | Want to go,uPOFXqj2oXs8EjysOzM2PTCFTrpdog | 1mSquE0pnDeBv3otPCuMkxC6wzss,core,
Train Mountain Railroad Museum,"36941 S Chiloquin Rd, Chiloquin, OR 97624, United States",42.559627299999995,-121.8869026,Train Mountain!,https://www.google.com/maps?ftid=0x54c8bbb76b102619:0xc17440e24654c901,0x54c8bbb76b102619:0xc17440e24654c901,/m/0j42yry,Zach J.,O-re-going Places | Want to go,uPOFXqj2oXs8EjysOzM2PTCFTrpdog | 1mSquE0pnDeBv3otPCuMkxC6wzss,🏛️,museum,both,O-re-going Places | Want to go,uPOFXqj2oXs8EjysOzM2PTCFTrpdog | 1mSquE0pnDeBv3otPCuMkxC6wzss,core,
Apple Park,"One Apple Park Way, Cupertino, CA 95014, United States",37.334643799999995,-122.008972,,https://www.google.com/maps?ftid=0x808fb596e9e188fd:0x3b0d8391510688f0,0x808fb596e9e188fd:0x3b0d8391510688f0,/g/11bzx2n6td,Zach J.,California Places | Want to go,aTaCY8tke-6jFT8XQ0SVYBXQZ4k60Q | 1mSquE0pnDeBv3otPCuMkxC6wzss,🏞️,park,both,California Places | Want to go,aTaCY8tke-6jFT8XQ0SVYBXQZ4k60Q | 1mSquE0pnDeBv3otPCuMkxC6wzss,core,
Disneyland Park,"Anaheim, CA 92802, United States",33.8120918,-117.9189742,,https://www.google.com/maps?ftid=0x80dcd7d12b3b5e6b:0x2ef62f8418225cfa,0x80dcd7d12b3b5e6b:0x2ef62f8418225cfa,/m/02fzs,Zach J.,California Places | Want to go,aTaCY8tke-6jFT8XQ0SVYBXQZ4k60Q | 1mSquE0pnDeBv3otPCuMkxC6wzss,🏞️,park,both,California Places | Want to go,aTaCY8tke-6jFT8XQ0SVYBXQZ4k60Q | 1mSquE0pnDeBv3otPCuMkxC6wzss,core,
Yosemite National Park,"California, United States",37.8651011,-119.5383294,,https://www.google.com/maps?ftid=0x8096f09df58aecc5:0x2d249c2ced8003fe,0x8096f09df58aecc5:0x2d249c2ced8003fe,/m/0c_y8,Zach J.,California Places | Want to go,aTaCY8tke-6jFT8XQ0SVYBXQZ4k60Q | 1mSquE0pnDeBv3otPCuMkxC6wzss,🏞️,park,both,California Places | Want to go,aTaCY8tke-6jFT8XQ0SVYBXQZ4k60Q | 1mSquE0pnDeBv3otPCuMkxC6wzss,core,
Harvard Art Museums,"32 Quincy St, Cambridge, MA 02138, United States",42.3740898,-71.1143582,,https://www.google.com/maps?ftid=0x89e377448897a76d:0xe34244cf7bf8f747,0x89e377448897a76d:0xe34244cf7bf8f747,/m/0cxwnd,Zach J.,Want to go,1mSquE0pnDeBv3otPCuMkxC6wzss,🎨,art,want_to_go,Want to go,1mSquE0pnDeBv3otPCuMkxC6wzss,core,
Lascaux International Center of Parietal Art,"Avenue de Lascaux, 24290 Montignac-Lascaux, France",45.058231199999994,1.1696836,,https://www.google.com/maps?ftid=0x47ff54652baf6a89:0xee70943f13e6eadb,0x47ff54652baf6a89:0xee70943f13e6eadb,/g/11dfhzg248,Zach J.,Want to go,1mSquE0pnDeBv3otPCuMkxC6wzss,🎨,art,want_to_go,Want to go,1mSquE0pnDeBv3otPCuMkxC6wzss,core,
"Public Art ""Urban Light""","5905 Wilshire Blvd, Los Angeles, CA 90036, United States",34.0630235,-118.35923729999999,,https://www.google.com/maps?ftid=0x80c2b93cc23c3905:0x223c776228c6e99a,0x80c2b93cc23c3905:0x223c776228c6e99a,/m/0j466h4,Zach J.,Want to go,1mSquE0pnDeBv3otPCuMkxC6wzss,🎨,art,want_to_go,Want to go,1mSquE0pnDeBv3otPCuMkxC6wzss,core,
Ein Gedi Beach,"Ein Gedi Beach, Israel",31.4584427,35.398386699999996,,https://www.google.com/maps?ftid=0x150317679d2e1cb1:0xb1ecfd42dab475f3,0x150317679d2e1cb1:0xb1ecfd42dab475f3,/g/1ymyl16g0,Zach J.,Want to go,1mSquE0pnDeBv3otPCuMkxC6wzss,🏖️,beach,want_to_go,Want to go,1mSquE0pnDeBv3otPCuMkxC6wzss,core,
German Submarine U-505,"5700 S DuSable Lake Shore Dr, Chicago, IL 60637, United States",41.7912517,-87.5812419,,https://www.google.com/maps?ftid=0x880e2974a5d4fbd9:0x338ab6b54d246b59,0x880e2974a5d4fbd9:0x338ab6b54d246b59,/g/11y1vpzjdm,Zach J.,Want to go,1mSquE0pnDeBv3otPCuMkxC6wzss,🏖️,beach,want_to_go,Want to go,1mSquE0pnDeBv3otPCuMkxC6wzss,core,
Kitsilano Beach,,49.2754238,-123.15353499999999,,https://www.google.com/maps?ftid=0x54867235a01f461d:0xa4855feea57361ac,0x54867235a01f461d:0xa4855feea57361ac,,Zach J.,Want to go,1mSquE0pnDeBv3otPCuMkxC6wzss,🏖️,beach,want_to_go,Want to go,1mSquE0pnDeBv3otPCuMkxC6wzss,core,
La Jolla Cove,"La Jolla Cove, San Diego, CA 92037, United States",32.8503895,-117.2729435,,https://www.google.com/maps?ftid=0x80dc03fea876e5eb:0x90ff653c28a7c617,0x80dc03fea876e5eb:0x90ff653c28a7c617,/m/02pt3vb,Zach J.,Want to go,1mSquE0pnDeBv3otPCuMkxC6wzss,🏖️,beach,want_to_go,Want to go,1mSquE0pnDeBv3otPCuMkxC6wzss,core,
Manitou Beach,"Manitou Beach, SK",51.719696,-105.443033,Salt water lake thats like the Dead Sea,https://www.google.com/maps?ftid=0x53034d76c41e9753:0x404a352a1ad7dfca,0x53034d76c41e9753:0x404a352a1ad7dfca,/m/0dtz_g,Zach J.,Want to go,1mSquE0pnDeBv3otPCuMkxC6wzss,🏖️,beach,want_to_go,Want to go,1mSquE0pnDeBv3otPCuMkxC6wzss,core,
Mar-a-Lago Club,"1100 S Ocean Blvd, Palm Beach, FL 33480, United States",26.6770665,-80.0369802,,https://www.google.com/maps?ftid=0x88d8d71e9a5c409d:0x71bb1222105e5650,0x88d8d71e9a5c409d:0x71bb1222105e5650,/m/052rh6,Zach J.,Want to go,1mSquE0pnDeBv3otPCuMkxC6wzss,🏖️,beach,want_to_go,Want to go,1mSquE0pnDeBv3otPCuMkxC6wzss,core,
Oceano Dunes State Vehicular Recreation Area,"100 Pier Ave, Oceano, CA 93445, United States",35.105511,-120.6308667,,https://www.google.com/maps?ftid=0x80ec5b84022117cf:0xbce535d705d523d0,0x80ec5b84022117cf:0xbce535d705d523d0,/m/07s9w9g,Zach J.,Want to go,1mSquE0pnDeBv3otPCuMkxC6wzss,🏖️,beach,want_to_go,Want to go,1mSquE0pnDeBv3otPCuMkxC6wzss,core,
Portugal Cove,,47.6264464,-52.857138799999994,,https://www.google.com/maps?ftid=0x4b6d794e8e786e01:0x7741168c19b1e15e,0x4b6d794e8e786e01:0x7741168c19b1e15e,,Zach J.,Want to go,1mSquE0pnDeBv3otPCuMkxC6wzss,🏖️,beach,want_to_go,Want to go,1mSquE0pnDeBv3otPCuMkxC6wzss,core,
Redondo Beach Pier,"Fishermans Wharf, Redondo Beach, CA 90277",33.8391453,-118.39097679999999,,https://www.google.com/maps?ftid=0x80c2b4a715b606a3:0xe8170704fa215ae0,0x80c2b4a715b606a3:0xe8170704fa215ae0,,Zach J.,Want to go,1mSquE0pnDeBv3otPCuMkxC6wzss,🏖️,beach,want_to_go,Want to go,1mSquE0pnDeBv3otPCuMkxC6wzss,core,
Tsim Sha Tsui Star Ferry Pier,"Hong Kong, 梳士巴利道",22.293972999999998,114.16846819999999,,https://www.google.com/maps?ftid=0x340400f3475fa8b7:0x4a2750a511ef9088,0x340400f3475fa8b7:0x4a2750a511ef9088,,Zach J.,Want to go,1mSquE0pnDeBv3otPCuMkxC6wzss,🏖️,beach,want_to_go,Want to go,1mSquE0pnDeBv3otPCuMkxC6wzss,core,
The Minack Theatre,"Porthcurno, Penzance TR19 6JU, United Kingdom",50.0408464,-5.6510503,,https://www.google.com/maps?ftid=0x486ac806120d6745:0x10175a4f9b452bfe,0x486ac806120d6745:0x10175a4f9b452bfe,/m/019v_m,Zach J.,Want to go,1mSquE0pnDeBv3otPCuMkxC6wzss,🎭,culture,want_to_go,Want to go,1mSquE0pnDeBv3otPCuMkxC6wzss,core,
Acropolis,"Acropolis, Athens 116 36, Greece",37.9715323,23.725749099999998,,https://www.google.com/maps?ftid=0x14a1bd115926d4b3:0xc1b7afae2bd1b7ea,0x14a1bd115926d4b3:0xc1b7afae2bd1b7ea,/g/11cnckrfgr,Zach J.,Want to go,1mSquE0pnDeBv3otPCuMkxC6wzss,🏰,heritage,want_to_go,Want to go,1mSquE0pnDeBv3otPCuMkxC6wzss,core,
Acropolis of Athens,"Athens 105 58, Greece",37.9715323,23.7257492,,https://www.google.com/maps?ftid=0x14a1bd1837f5acf3:0x5c97c042f5eb0df6,0x14a1bd1837f5acf3:0x5c97c042f5eb0df6,/m/0wjj,Zach J.,Want to go,1mSquE0pnDeBv3otPCuMkxC6wzss,🏰,heritage,want_to_go,Want to go,1mSquE0pnDeBv3otPCuMkxC6wzss,core,
Basilica of Notre-Dame of la Garde,"Rue Fort du Sanctuaire, 13006 Marseille, France",43.284022,5.3712547,,https://www.google.com/maps?ftid=0x12c9c0c976b89df5:0x89254f95b5ee2ded,0x12c9c0c976b89df5:0x89254f95b5ee2ded,/m/01_q8c,Zach J.,Want to go,1mSquE0pnDeBv3otPCuMkxC6wzss,🏰,heritage,want_to_go,Want to go,1mSquE0pnDeBv3otPCuMkxC6wzss,core,
Belogradchik Fortress,,43.623496599999996,22.6770504,,https://www.google.com/maps?ftid=0x47548d44228ed4f3:0xa8d420934729a17e,0x47548d44228ed4f3:0xa8d420934729a17e,,Zach J.,Want to go,1mSquE0pnDeBv3otPCuMkxC6wzss,🏰,heritage,want_to_go,Want to go,1mSquE0pnDeBv3otPCuMkxC6wzss,core,
Beomeosa Temple,"250 Beomeosa-ro, Geumjeong-gu, Busan",35.2839899,129.0687639,,https://www.google.com/maps?ftid=0x356896d2fbb70eb1:0xfe17959ed0eb6142,0x356896d2fbb70eb1:0xfe17959ed0eb6142,/m/0bwss4,Zach J.,Want to go,1mSquE0pnDeBv3otPCuMkxC6wzss,🏰,heritage,want_to_go,Want to go,1mSquE0pnDeBv3otPCuMkxC6wzss,core,
Castle Rock Viewpoint,"27494 Cabrillo Hwy, Monterey, CA 93940, United States",36.3725653,-121.90306989999999,,https://www.google.com/maps?ftid=0x808d94a655fc5d3d:0xcd62de416bb2d474,0x808d94a655fc5d3d:0xcd62de416bb2d474,/g/11b7cfd3xf,Zach J.,Want to go,1mSquE0pnDeBv3otPCuMkxC6wzss,🏰,heritage,want_to_go,Want to go,1mSquE0pnDeBv3otPCuMkxC6wzss,core,
Chapel of Bones of Faro,"Largo do Carmo 21, 8000-148 Faro, Portugal",37.020362299999995,-7.934904899999999,,https://www.google.com/maps?ftid=0xd0552c7cd244a21:0x2d1825d403dad972,0xd0552c7cd244a21:0x2d1825d403dad972,/g/11c1pkgrx2,Zach J.,Want to go,1mSquE0pnDeBv3otPCuMkxC6wzss,🏰,heritage,want_to_go,Want to go,1mSquE0pnDeBv3otPCuMkxC6wzss,core,
Chapel of the Shepherds’ Field,Beit Sahour. Beit Sahour,31.7073665,35.230038199999996,,https://www.google.com/maps?ftid=0x150327923f97cc0f:0x15f8d49fa1cb77e1,0x150327923f97cc0f:0x15f8d49fa1cb77e1,/g/11cn8x3v9n,Zach J.,Want to go,1mSquE0pnDeBv3otPCuMkxC6wzss,🏰,heritage,want_to_go,Want to go,1mSquE0pnDeBv3otPCuMkxC6wzss,core,
Church of St. John the Baptist,"Acre, Israel",32.920437,35.06738,,https://www.google.com/maps?ftid=0x151dc84416cd0cbd:0xe06c57c78d755fd1,0x151dc84416cd0cbd:0xe06c57c78d755fd1,/g/121v2cv9,Zach J.,Want to go,1mSquE0pnDeBv3otPCuMkxC6wzss,🏰,heritage,want_to_go,Want to go,1mSquE0pnDeBv3otPCuMkxC6wzss,core,
City Methodist Church,,41.6006834,-87.33834379999999,,https://www.google.com/maps?ftid=0x8811c2577cec8023:0x9cb0774642e3f8b3,0x8811c2577cec8023:0x9cb0774642e3f8b3,,Zach J.,Want to go,1mSquE0pnDeBv3otPCuMkxC6wzss,🏰,heritage,want_to_go,Want to go,1mSquE0pnDeBv3otPCuMkxC6wzss,core,
Cumming Church of Christ,"2055 Pilgrim Rd, Cumming, GA 30040, United States",34.2347898,-84.10673779999999,,https://www.google.com/maps?ftid=0x88f58578a8242379:0x9ecb2f237a2c8090,0x88f58578a8242379:0x9ecb2f237a2c8090,/g/1tjz8syr,Zach J.,Want to go,1mSquE0pnDeBv3otPCuMkxC6wzss,🏰,heritage,want_to_go,Want to go,1mSquE0pnDeBv3otPCuMkxC6wzss,core,
Eagle Mountain International Church,"14355 Morris Dido Newark Rd, Newark, TX 76071, United States",32.9903232,-97.4828162,,https://www.google.com/maps?ftid=0x864de7000631b82d:0xe45ffe9a31954fb7,0x864de7000631b82d:0xe45ffe9a31954fb7,/g/1vv2sn3t,Zach J.,Want to go,1mSquE0pnDeBv3otPCuMkxC6wzss,🏰,heritage,want_to_go,Want to go,1mSquE0pnDeBv3otPCuMkxC6wzss,core,
Eltz Castle,,50.2052269,7.336547299999999,,https://www.google.com/maps?ftid=0x47be69fc16e7b075:0xf7048bc154130574,0x47be69fc16e7b075:0xf7048bc154130574,,Zach J.,Want to go,1mSquE0pnDeBv3otPCuMkxC6wzss,🏰,heritage,want_to_go,Want to go,1mSquE0pnDeBv3otPCuMkxC6wzss,core,
Fort Zachary Taylor Beach Weddings,"Unnamed Road, 601 Howard England Way, Key West, FL 33040, United States",24.545463599999998,-81.8101579,,https://www.google.com/maps?ftid=0x88d1b7c53f5127ef:0x5b8db6996689849f,0x88d1b7c53f5127ef:0x5b8db6996689849f,/g/11nx5k4b5z,Zach J.,Want to go,1mSquE0pnDeBv3otPCuMkxC6wzss,🏰,heritage,want_to_go,Want to go,1mSquE0pnDeBv3otPCuMkxC6wzss,core,
Gyeongju Eupseong Fortress,"Gyeongsangbuk-do, Gyeongju-si, Dongmun-ro 43beon-gil, 16",35.8472471,129.2136873,,https://www.google.com/maps?ftid=0x35664e3f744ce0c9:0x9894ce34b17ff098,0x35664e3f744ce0c9:0x9894ce34b17ff098,/g/12314f79,Zach J.,Want to go,1mSquE0pnDeBv3otPCuMkxC6wzss,🏰,heritage,want_to_go,Want to go,1mSquE0pnDeBv3otPCuMkxC6wzss,core,
Heidelberg Palace,"Schlosshof 1, 69117 Heidelberg, Germany",49.4106196,8.7153092,,https://www.google.com/maps?ftid=0x4797c100ca43db93:0x6d672e3649e97eea,0x4797c100ca43db93:0x6d672e3649e97eea,/m/05d0t9,Zach J.,Want to go,1mSquE0pnDeBv3otPCuMkxC6wzss,🏰,heritage,want_to_go,Want to go,1mSquE0pnDeBv3otPCuMkxC6wzss,core,
Kanpuku-ji Temple,"1752 Makino, Katori, Chiba 287-0033, Japan",35.880927199999995,140.4992699,,https://www.google.com/maps?ftid=0x6022f79395047aab:0x5cc5bcb238ba9e3,0x6022f79395047aab:0x5cc5bcb238ba9e3,/g/122wbl10,Zach J.,Want to go,1mSquE0pnDeBv3otPCuMkxC6wzss,🏰,heritage,want_to_go,Want to go,1mSquE0pnDeBv3otPCuMkxC6wzss,core,
Mammoth Cave Baptist Church,"Mammoth Cave, KY 42259, United States",37.1978019,-86.0732333,,https://www.google.com/maps?ftid=0x88661d2286b8a67b:0x79f03a6981eaf812,0x88661d2286b8a67b:0x79f03a6981eaf812,/m/0bs1_p2,Zach J.,Want to go,1mSquE0pnDeBv3otPCuMkxC6wzss,🏰,heritage,want_to_go,Want to go,1mSquE0pnDeBv3otPCuMkxC6wzss,core,
Old Castle Of Duino,,45.772054999999995,13.603983999999999,,https://www.google.com/maps?ftid=0x477b0bf9a950ab55:0x89a67883614a3216,0x477b0bf9a950ab55:0x89a67883614a3216,,Zach J.,Want to go,1mSquE0pnDeBv3otPCuMkxC6wzss,🏰,heritage,want_to_go,Want to go,1mSquE0pnDeBv3otPCuMkxC6wzss,core,
Old North Church,"193 Salem St, Boston, MA 02113, United States",42.3663259,-71.05439439999999,,https://www.google.com/maps?ftid=0x89e3708be617f4a1:0xbc7ee592219cbda9,0x89e3708be617f4a1:0xbc7ee592219cbda9,/m/0317pn,Zach J.,Want to go,1mSquE0pnDeBv3otPCuMkxC6wzss,🏰,heritage,want_to_go,Want to go,1mSquE0pnDeBv3otPCuMkxC6wzss,core,
Oracle Temple,"6G4V+4C6, Siwa, Matrouh Governorate 5011632, Egypt",29.2052917,25.5435028,,https://www.google.com/maps?ftid=0x147aae426d9a9811:0x38864c49686b1ab,0x147aae426d9a9811:0x38864c49686b1ab,/g/122v3jm7,Zach J.,Want to go,1mSquE0pnDeBv3otPCuMkxC6wzss,🏰,heritage,want_to_go,Want to go,1mSquE0pnDeBv3otPCuMkxC6wzss,core,
"Palace of Justice, Nuremberg",,49.454499999999996,11.04645,,https://www.google.com/maps?ftid=0x479f565bd7aaac9b:0x69662e8bbed939d9,0x479f565bd7aaac9b:0x69662e8bbed939d9,,Zach J.,Want to go,1mSquE0pnDeBv3otPCuMkxC6wzss,🏰,heritage,want_to_go,Want to go,1mSquE0pnDeBv3otPCuMkxC6wzss,core,
Po Lin Monastery,"大嶼山昂坪寶蓮禪寺 Ngong Ping, Lantau Island",22.2554932,113.9080796,,https://www.google.com/maps?ftid=0x3401585f36d5d73f:0x32f39e7daec41b3c,0x3401585f36d5d73f:0x32f39e7daec41b3c,/m/05g4mc,Zach J.,Want to go,1mSquE0pnDeBv3otPCuMkxC6wzss,🏰,heritage,want_to_go,Want to go,1mSquE0pnDeBv3otPCuMkxC6wzss,core,
President Lincoln's Cottage,"140 Rock Creek Church Rd NW, Washington, DC 20011, United States",38.941721699999995,-77.0118456,,https://www.google.com/maps?ftid=0x89b7c80baadb7561:0x305d1bfd789733b1,0x89b7c80baadb7561:0x305d1bfd789733b1,/m/03nxd56,Zach J.,Want to go,1mSquE0pnDeBv3otPCuMkxC6wzss,🏰,heritage,want_to_go,Want to go,1mSquE0pnDeBv3otPCuMkxC6wzss,core,
Second Rodeo Brewing,"122 E Exchange Ave #340, Fort Worth, TX 76164, United States",32.7878669,-97.3475843,Seinfeld Mural in the washroom,https://www.google.com/maps?ftid=0x864e77a7edadf37d:0xdd9a76f7fe22a6ed,0x864e77a7edadf37d:0xdd9a76f7fe22a6ed,/g/11nfx9vkj1,Zach J.,Want to go,1mSquE0pnDeBv3otPCuMkxC6wzss,🏰,heritage,want_to_go,Want to go,1mSquE0pnDeBv3otPCuMkxC6wzss,core,
Sik Sik Yuen Wong Tai Sin Temple,"Hong Kong, Chuk Un, 竹園村二號",22.3427257,114.19325819999999,,https://www.google.com/maps?ftid=0x340406d8c6482c3f:0x35915618b3fff9ce,0x340406d8c6482c3f:0x35915618b3fff9ce,/m/020z4p,Zach J.,Want to go,1mSquE0pnDeBv3otPCuMkxC6wzss,🏰,heritage,want_to_go,Want to go,1mSquE0pnDeBv3otPCuMkxC6wzss,core,
St. Peter's Cathedral,,34.0179818,-6.8310647,,https://www.google.com/maps?ftid=0xda76b863f7e9217:0xfd13406ed7b07d71,0xda76b863f7e9217:0xfd13406ed7b07d71,,Zach J.,Want to go,1mSquE0pnDeBv3otPCuMkxC6wzss,🏰,heritage,want_to_go,Want to go,1mSquE0pnDeBv3otPCuMkxC6wzss,core,
Sviatohirsk Cave Monastery,,49.028149899999995,37.5675162,,https://www.google.com/maps?ftid=0x40df7fbd752d3d49:0x8ef5b0cf85c777b4,0x40df7fbd752d3d49:0x8ef5b0cf85c777b4,,Zach J.,Want to go,1mSquE0pnDeBv3otPCuMkxC6wzss,🏰,heritage,want_to_go,Want to go,1mSquE0pnDeBv3otPCuMkxC6wzss,core,
Temple of Apollo,"Naxos 843 00, Greece",37.1101271,25.3724661,,https://www.google.com/maps?ftid=0x14980a2ca64fffff:0x8c2cd3253f72f58a,0x14980a2ca64fffff:0x8c2cd3253f72f58a,/g/120_lzwp,Zach J.,Want to go,1mSquE0pnDeBv3otPCuMkxC6wzss,🏰,heritage,want_to_go,Want to go,1mSquE0pnDeBv3otPCuMkxC6wzss,core,
Temple Street Night Market,"Temple St, Jordan, Hong Kong",22.3065185,114.1699805,,https://www.google.com/maps?ftid=0x340400eaf30bc0cd:0xb7dd432faf8433a4,0x340400eaf30bc0cd:0xb7dd432faf8433a4,/g/1vv2pvqb,Zach J.,Want to go,1mSquE0pnDeBv3otPCuMkxC6wzss,🏰,heritage,want_to_go,Want to go,1mSquE0pnDeBv3otPCuMkxC6wzss,core,
The Castle Climbing Centre,"Green Lanes, London N4 2HA, United Kingdom",51.56541,-0.0926277,,https://www.google.com/maps?ftid=0x48761c78f3bd2b2f:0x199c4e5bc2b69b44,0x48761c78f3bd2b2f:0x199c4e5bc2b69b44,/g/1w2ytcm1,Zach J.,Want to go,1mSquE0pnDeBv3otPCuMkxC6wzss,🏰,heritage,want_to_go,Want to go,1mSquE0pnDeBv3otPCuMkxC6wzss,core,
The Great Pyramid of Giza,"Al Haram, Nazlet El-Semman, Al Giza Desert, Giza Governorate 3512201, Egypt",29.9792368,31.1342008,,https://www.google.com/maps?ftid=0x14584587ac8f291b:0x810c2f3fa2a52424,0x14584587ac8f291b:0x810c2f3fa2a52424,/m/036mk,Zach J.,Want to go,1mSquE0pnDeBv3otPCuMkxC6wzss,🏰,heritage,want_to_go,Want to go,1mSquE0pnDeBv3otPCuMkxC6wzss,core,
The Pizza Castle & Indian Curry( Vegan Restaurant),"1110 Commercial Dr, Vancouver, BC V8B 0S7",49.274593499999995,-123.0692483,,https://www.google.com/maps?ftid=0x54867127763adb2d:0xa795b8504a8cafa3,0x54867127763adb2d:0xa795b8504a8cafa3,/g/11h331gxfl,Zach J.,Want to go,1mSquE0pnDeBv3otPCuMkxC6wzss,🏰,heritage,want_to_go,Want to go,1mSquE0pnDeBv3otPCuMkxC6wzss,core,
Trinity Church,"206 Clarendon St, Boston, MA 02116, United States",42.350057199999995,-71.0754698,,https://www.google.com/maps?ftid=0x89e37a0c88e1848f:0x61a963c91eb2b6c,0x89e37a0c88e1848f:0x61a963c91eb2b6c,/m/06z_bwd,Zach J.,Want to go,1mSquE0pnDeBv3otPCuMkxC6wzss,🏰,heritage,want_to_go,Want to go,1mSquE0pnDeBv3otPCuMkxC6wzss,core,
Truman Little White House,"111 Front St, Key West, FL 33040, United States",24.5562722,-81.8069434,,https://www.google.com/maps?ftid=0x88d1b6eea687b9d3:0x34df310c97c7006e,0x88d1b6eea687b9d3:0x34df310c97c7006e,/m/02p8py9,Zach J.,Want to go,1mSquE0pnDeBv3otPCuMkxC6wzss,🏰,heritage,want_to_go,Want to go,1mSquE0pnDeBv3otPCuMkxC6wzss,core,
Unity Temple,"875 Lake St, Oak Park, IL 60301, United States",41.8882851,-87.7968795,,https://www.google.com/maps?ftid=0x880e34b7022e6845:0xd46af23a92ca2e2d,0x880e34b7022e6845:0xd46af23a92ca2e2d,/m/04lwf7,Zach J.,Want to go,1mSquE0pnDeBv3otPCuMkxC6wzss,🏰,heritage,want_to_go,Want to go,1mSquE0pnDeBv3otPCuMkxC6wzss,core,
Vischering Castle,"Berenbrock 1, 59348 Lüdinghausen, Germany",51.7762015,7.4432564999999995,,https://www.google.com/maps?ftid=0x47b9075aa53290ad:0x84e894703a60b06a,0x47b9075aa53290ad:0x84e894703a60b06a,/m/09yhvk,Zach J.,Want to go,1mSquE0pnDeBv3otPCuMkxC6wzss,🏰,heritage,want_to_go,Want to go,1mSquE0pnDeBv3otPCuMkxC6wzss,core,
White Oak Pastures Farm & General Store,"101 Church St, Bluffton, GA 39824, United States",31.5207241,-84.86624669999999,,https://www.google.com/maps?ftid=0x88ed55f9ec8c2669:0x7fe5e7f99e582e5c,0x88ed55f9ec8c2669:0x7fe5e7f99e582e5c,/g/1wnbyvfr,Zach J.,Want to go,1mSquE0pnDeBv3otPCuMkxC6wzss,🏰,heritage,want_to_go,Want to go,1mSquE0pnDeBv3otPCuMkxC6wzss,core,
Zhinan Temple,"No. 115號, Wanshou Rd, Wenshan District, Taipei City, Taiwan 116",24.979823999999997,121.586626,,https://www.google.com/maps?ftid=0x3442aa81e8703b57:0x3fae2a0f2cb677cc,0x3442aa81e8703b57:0x3fae2a0f2cb677cc,/m/0260jdk,Zach J.,Want to go,1mSquE0pnDeBv3otPCuMkxC6wzss,🏰,heritage,want_to_go,Want to go,1mSquE0pnDeBv3otPCuMkxC6wzss,core,
Goldstrike Hot Springs Trail Head,"601 Great Basin Hwy, Boulder City, NV 89005, United States",36.0097873,-114.76876259999999,,https://www.google.com/maps?ftid=0x80c92ce73f430331:0xc6fc5059e1f4a2a1,0x80c92ce73f430331:0xc6fc5059e1f4a2a1,/g/119td08dc,Zach J.,Want to go,1mSquE0pnDeBv3otPCuMkxC6wzss,🥾,hike,want_to_go,Want to go,1mSquE0pnDeBv3otPCuMkxC6wzss,core,
Grouse Grind Trail,"6400 Nancy Greene Way, North Vancouver, BC V7R 4W1",49.371237099999995,-123.0984234,,https://www.google.com/maps?ftid=0x54866f458d5468b3:0x73a60976c7a6a4e7,0x54866f458d5468b3:0x73a60976c7a6a4e7,/g/12hkrrbkj,Zach J.,Want to go,1mSquE0pnDeBv3otPCuMkxC6wzss,🥾,hike,want_to_go,Want to go,1mSquE0pnDeBv3otPCuMkxC6wzss,core,
Howe Sound Crest Trail,"West Vancouver, BC V7W 1R8",49.400099,-123.2055376,,https://www.google.com/maps?ftid=0x54866929096be853:0x3f8c875a2fb30f8e,0x54866929096be853:0x3f8c875a2fb30f8e,/g/11byxgssf3,Zach J.,Want to go,1mSquE0pnDeBv3otPCuMkxC6wzss,🥾,hike,want_to_go,Want to go,1mSquE0pnDeBv3otPCuMkxC6wzss,core,
Monte Carlo Viewpoint,"06320 La Turbie, France",43.7344884,7.4034173,,https://www.google.com/maps?ftid=0x12cdc301b4a31049:0xec769f8c07812e39,0x12cdc301b4a31049:0xec769f8c07812e39,/g/11skp6rg91,Zach J.,Want to go,1mSquE0pnDeBv3otPCuMkxC6wzss,🥾,hike,want_to_go,Want to go,1mSquE0pnDeBv3otPCuMkxC6wzss,core,
Sailor's Point,"Spirit Trail, North Vancouver, BC V7M 3K3",49.3118944,-123.086789,,https://www.google.com/maps?ftid=0x548671b49a16eb81:0x4eab2df3bf7fdb3d,0x548671b49a16eb81:0x4eab2df3bf7fdb3d,/g/11c7t2mq3r,Zach J.,Want to go,1mSquE0pnDeBv3otPCuMkxC6wzss,🥾,hike,want_to_go,Want to go,1mSquE0pnDeBv3otPCuMkxC6wzss,core,
Scenic Viewpoint,"Unnamed Road, Cornville, AZ 86325, United States",34.808999799999995,-111.9069924,,https://www.google.com/maps?ftid=0x872d090ad326cb91:0x2c4f07e70d7ffce8,0x872d090ad326cb91:0x2c4f07e70d7ffce8,/g/11f32f65_1,Zach J.,Want to go,1mSquE0pnDeBv3otPCuMkxC6wzss,🥾,hike,want_to_go,Want to go,1mSquE0pnDeBv3otPCuMkxC6wzss,core,
Seymour Dam Lookout,"Greater Vancouver A, BC V7G 2S4",49.439414899999996,-122.9719009,,https://www.google.com/maps?ftid=0x54866395630f29c3:0xf59fae783cfb581d,0x54866395630f29c3:0xf59fae783cfb581d,/g/11csb2g5hv,Zach J.,Want to go,1mSquE0pnDeBv3otPCuMkxC6wzss,🥾,hike,want_to_go,Want to go,1mSquE0pnDeBv3otPCuMkxC6wzss,core,
The Military Museums,"4520 Crowchild Trail SW, Calgary, AB T2T 5J4",51.0138755,-114.1168785,,https://www.google.com/maps?ftid=0x537171c6517e11c5:0x32d3bce45f5c762c,0x537171c6517e11c5:0x32d3bce45f5c762c,/m/0dl74q,Zach J.,Want to go,1mSquE0pnDeBv3otPCuMkxC6wzss,🥾,hike,want_to_go,Want to go,1mSquE0pnDeBv3otPCuMkxC6wzss,core,
Tiger's Nest Hiking Trail,,27.4816038,89.3607146,,https://www.google.com/maps?ftid=0x39e175347cee0035:0xea6bdd299107cfa4,0x39e175347cee0035:0xea6bdd299107cfa4,,Zach J.,Want to go,1mSquE0pnDeBv3otPCuMkxC6wzss,🥾,hike,want_to_go,Want to go,1mSquE0pnDeBv3otPCuMkxC6wzss,core,
Viewpoint of Sarajevo,"VC6Q+5MC, Jajce, Sarajevo 71000, Bosnia and Herzegovina",43.8603035,18.4394155,,https://www.google.com/maps?ftid=0x4758c9db9605bcb3:0xa7bae6393a3fe896,0x4758c9db9605bcb3:0xa7bae6393a3fe896,/g/11rfsk88fg,Zach J.,Want to go,1mSquE0pnDeBv3otPCuMkxC6wzss,🥾,hike,want_to_go,Want to go,1mSquE0pnDeBv3otPCuMkxC6wzss,core,
Meryal Waterpark,"Building No. 38, Qetaifan Island, North Zone No. 69, Street No. 531, Lusail, Qatar",25.430209899999998,51.529637,,https://www.google.com/maps?ftid=0x3e45e9fb30ca0e19:0x43fef8c4829c99de,0x3e45e9fb30ca0e19:0x43fef8c4829c99de,/g/11vjmb919t,Zach J.,Want to go,1mSquE0pnDeBv3otPCuMkxC6wzss,🏝️,island,want_to_go,Want to go,1mSquE0pnDeBv3otPCuMkxC6wzss,core,
Shin Mei Jinja,"Knapp Island, Sidney, BC V8L 3X9",48.6968566,-123.395945,,https://www.google.com/maps?ftid=0x548f5d40ca35c9a5:0x1e6c9d23c7631430,0x548f5d40ca35c9a5:0x1e6c9d23c7631430,/g/11vbwqdfqm,Zach J.,Want to go,1mSquE0pnDeBv3otPCuMkxC6wzss,🏝️,island,want_to_go,Want to go,1mSquE0pnDeBv3otPCuMkxC6wzss,core,
Siargao Island,"Siargao Island, Philippines",9.8481883,126.04584369999999,Surf,https://www.google.com/maps?ftid=0x3304043652d9e9b3:0xd4c56a60c9a11b84,0x3304043652d9e9b3:0xd4c56a60c9a11b84,/m/0872_5,Zach J.,Want to go,1mSquE0pnDeBv3otPCuMkxC6wzss,🏝️,island,want_to_go,Want to go,1mSquE0pnDeBv3otPCuMkxC6wzss,core,
Talisker Distillery,"Carbost, Isle of Skye IV47 8SR, United Kingdom",57.3021769,-6.3557877,Whiskey!,https://www.google.com/maps?ftid=0x488c38024195d213:0xcd8593488ee63489,0x488c38024195d213:0xcd8593488ee63489,/m/01xfc0,Zach J.,Want to go,1mSquE0pnDeBv3otPCuMkxC6wzss,🏝️,island,want_to_go,Want to go,1mSquE0pnDeBv3otPCuMkxC6wzss,core,
Tian Tan Buddha,"Ngong Ping Rd, Lantau Island",22.2539847,113.904984,,https://www.google.com/maps?ftid=0x340158f66af64e31:0x4d0fe4264be5f070,0x340158f66af64e31:0x4d0fe4264be5f070,/m/02bl_y,Zach J.,Want to go,1mSquE0pnDeBv3otPCuMkxC6wzss,🏝️,island,want_to_go,Want to go,1mSquE0pnDeBv3otPCuMkxC6wzss,core,
Bastei Bridge,"Basteiweg, 01824 Lohmen, Germany",50.9619502,14.0727896,,https://www.google.com/maps?ftid=0x4709bad6f3e4b5f1:0xdcf41597f0f032f8,0x4709bad6f3e4b5f1:0xdcf41597f0f032f8,/g/11c5031wjx,Zach J.,Want to go,1mSquE0pnDeBv3otPCuMkxC6wzss,🌉,landmark,want_to_go,Want to go,1mSquE0pnDeBv3otPCuMkxC6wzss,core,
Bellanda Tower,,43.6942641,7.2794588,,https://www.google.com/maps?ftid=0x12cddabdbd31e8cb:0xac5abf0167e26613,0x12cddabdbd31e8cb:0xac5abf0167e26613,,Zach J.,Want to go,1mSquE0pnDeBv3otPCuMkxC6wzss,🌉,landmark,want_to_go,Want to go,1mSquE0pnDeBv3otPCuMkxC6wzss,core,
Kathmandu Durbar Square,"Kathmandu 44600, Nepal",27.704273699999998,85.307463,,https://www.google.com/maps?ftid=0x39eb1857d1f77871:0xc5b0391005a641fd,0x39eb1857d1f77871:0xc5b0391005a641fd,/m/0h1g8vq,Zach J.,Want to go,1mSquE0pnDeBv3otPCuMkxC6wzss,🌉,landmark,want_to_go,Want to go,1mSquE0pnDeBv3otPCuMkxC6wzss,core,
Latin Bridge,"BA, Obala Kulina bana bb, Sarajevo 71000, Bosnia and Herzegovina",43.8576057,18.4289575,,https://www.google.com/maps?ftid=0x4758c8c886ece897:0xdba061a30179575b,0x4758c8c886ece897:0xdba061a30179575b,/m/08fzb1,Zach J.,Want to go,1mSquE0pnDeBv3otPCuMkxC6wzss,🌉,landmark,want_to_go,Want to go,1mSquE0pnDeBv3otPCuMkxC6wzss,core,
Les Bains du Couloubret,"Promenade Paul Salette, 09110 Ax-les-Thermes, France",42.721291199999996,1.8392511999999999,,https://www.google.com/maps?ftid=0x12af9d64dbaa51d3:0x6693a24cbdd595e7,0x12af9d64dbaa51d3:0x6693a24cbdd595e7,/g/1tk40hm0,Zach J.,Want to go,1mSquE0pnDeBv3otPCuMkxC6wzss,🌉,landmark,want_to_go,Want to go,1mSquE0pnDeBv3otPCuMkxC6wzss,core,
Monroe Street Bridge,,47.6605791,-117.42665269999999,,https://www.google.com/maps?ftid=0x549e185e125521e3:0xbd66d132183cbc97,0x549e185e125521e3:0xbd66d132183cbc97,,Zach J.,Want to go,1mSquE0pnDeBv3otPCuMkxC6wzss,🌉,landmark,want_to_go,Want to go,1mSquE0pnDeBv3otPCuMkxC6wzss,core,
Nine O'Clock Gun,,49.2980349,-123.1175607,,https://www.google.com/maps?ftid=0x54867190dc419553:0xbdfe7e28701489f2,0x54867190dc419553:0xbdfe7e28701489f2,,Zach J.,Want to go,1mSquE0pnDeBv3otPCuMkxC6wzss,🌉,landmark,want_to_go,Want to go,1mSquE0pnDeBv3otPCuMkxC6wzss,core,
North Bridge,"Old N Bridge, Concord, MA 01742, United States",42.4690383,-71.35062119999999,Revolutionary War,https://www.google.com/maps?ftid=0x89e39a24c574e48b:0xddb1bac0a6ebb6cd,0x89e39a24c574e48b:0xddb1bac0a6ebb6cd,/m/06s1ln,Zach J.,Want to go,1mSquE0pnDeBv3otPCuMkxC6wzss,🌉,landmark,want_to_go,Want to go,1mSquE0pnDeBv3otPCuMkxC6wzss,core,
Old Bridge Heidelberg,"Am Hackteufel, 69117 Heidelberg, Germany",49.4145665,8.7095062,,https://www.google.com/maps?ftid=0x4797c1063ab1517f:0x9ac61266a25ea352,0x4797c1063ab1517f:0x9ac61266a25ea352,/g/1211q_vd,Zach J.,Want to go,1mSquE0pnDeBv3otPCuMkxC6wzss,🌉,landmark,want_to_go,Want to go,1mSquE0pnDeBv3otPCuMkxC6wzss,core,
The Paul Revere House,"19 N Square, Boston, MA 02113, United States",42.3637235,-71.05365139999999,,https://www.google.com/maps?ftid=0x89e370891c593eb5:0x703fcf0804432bcc,0x89e370891c593eb5:0x703fcf0804432bcc,/m/07zcx7,Zach J.,Want to go,1mSquE0pnDeBv3otPCuMkxC6wzss,🌉,landmark,want_to_go,Want to go,1mSquE0pnDeBv3otPCuMkxC6wzss,core,
Woljeonggyo Bridge,"48 Gyo-dong, Gyeongju-si, Gyeongsangbuk-do",35.8291928,129.2181213,,https://www.google.com/maps?ftid=0x35664e601588af23:0xcd02c996ebde671b,0x35664e601588af23:0xcd02c996ebde671b,/g/11bv6q29jj,Zach J.,Want to go,1mSquE0pnDeBv3otPCuMkxC6wzss,🌉,landmark,want_to_go,Want to go,1mSquE0pnDeBv3otPCuMkxC6wzss,core,
Archduke Ferdinand Memorial,"Zelenih beretki 30, Sarajevo 71000, Bosnia and Herzegovina",43.8579162,18.428939,,https://www.google.com/maps?ftid=0x4758c97e38d6c917:0xbbafaafc4a7314d3,0x4758c97e38d6c917:0xbbafaafc4a7314d3,/g/11j8mk1h1m,Zach J.,Want to go,1mSquE0pnDeBv3otPCuMkxC6wzss,🗿,monument,want_to_go,Want to go,1mSquE0pnDeBv3otPCuMkxC6wzss,core,
Devils Tower National Monument,"WY-110, Devils Tower, WY 82714, United States",44.5902098,-104.7146168,,https://www.google.com/maps?ftid=0x5333063ff3543e39:0xa9249d13d49dc77a,0x5333063ff3543e39:0xa9249d13d49dc77a,/m/01n_g_,Zach J.,Want to go,1mSquE0pnDeBv3otPCuMkxC6wzss,🗿,monument,want_to_go,Want to go,1mSquE0pnDeBv3otPCuMkxC6wzss,core,
Fort Sumter National Monument,"South Carolina 29412, United States",32.7523476,-79.8746925,,https://www.google.com/maps?ftid=0x88fe76d4e9efb1c1:0xeb621a56355d9e74,0x88fe76d4e9efb1c1:0xeb621a56355d9e74,/m/0k_4_,Zach J.,Want to go,1mSquE0pnDeBv3otPCuMkxC6wzss,🗿,monument,want_to_go,Want to go,1mSquE0pnDeBv3otPCuMkxC6wzss,core,
Revolutionary Monument - First Defenders Of Liberty,"Revolutionary Monument, Lexington, MA 02421, United States",42.4495335,-71.2313041,First shot of the Revolutionary War,https://www.google.com/maps?ftid=0x89e39d7536870d37:0x306fb636e4241748,0x89e39d7536870d37:0x306fb636e4241748,/g/11h84dh7sc,Zach J.,Want to go,1mSquE0pnDeBv3otPCuMkxC6wzss,🗿,monument,want_to_go,Want to go,1mSquE0pnDeBv3otPCuMkxC6wzss,core,
Vercingétorix Monument,"21150 Alise-Sainte-Reine, France",47.5385577,4.4905189,,https://www.google.com/maps?ftid=0x47ed92ed2efc109f:0x325d14f858adb88a,0x47ed92ed2efc109f:0x325d14f858adb88a,/g/122q9pz0,Zach J.,Want to go,1mSquE0pnDeBv3otPCuMkxC6wzss,🗿,monument,want_to_go,Want to go,1mSquE0pnDeBv3otPCuMkxC6wzss,core,
Wright Brothers National Memorial,"1000 N Croatan Hwy, Kill Devil Hills, NC 27948, United States",36.016802299999995,-75.6681803,,https://www.google.com/maps?ftid=0x89a4e2a6f25f17b5:0xfb696e1a15347b2b,0x89a4e2a6f25f17b5:0xfb696e1a15347b2b,/m/073ty0,Zach J.,Want to go,1mSquE0pnDeBv3otPCuMkxC6wzss,🗿,monument,want_to_go,Want to go,1mSquE0pnDeBv3otPCuMkxC6wzss,core,
Blue Ridge Parkway - South End,"20 US-19, Cherokee, NC 28719, United States",35.505089999999996,-83.30072729999999,,https://www.google.com/maps?ftid=0x88594397c4cb9655:0x1dd2d7f491c678ac,0x88594397c4cb9655:0x1dd2d7f491c678ac,/g/11g1r9w_0y,Zach J.,Want to go,1mSquE0pnDeBv3otPCuMkxC6wzss,🏔️,mountain,want_to_go,Want to go,1mSquE0pnDeBv3otPCuMkxC6wzss,core,
Cypress Mountain,,49.396018,-123.204545,,https://www.google.com/maps?ftid=0x548660d698f59675:0x821712a6c6d32ff3,0x548660d698f59675:0x821712a6c6d32ff3,,Zach J.,Want to go,1mSquE0pnDeBv3otPCuMkxC6wzss,🏔️,mountain,want_to_go,Want to go,1mSquE0pnDeBv3otPCuMkxC6wzss,core,
Linn Cove Viaduct,"3218 Blue Ridge Pkwy, Newland, NC 28657, United States",36.094971799999996,-81.81250899999999,,https://www.google.com/maps?ftid=0x8850ec5d17be320d:0xe3698bb6f74e9971,0x8850ec5d17be320d:0xe3698bb6f74e9971,/m/0c7dqw,Zach J.,Want to go,1mSquE0pnDeBv3otPCuMkxC6wzss,🏔️,mountain,want_to_go,Want to go,1mSquE0pnDeBv3otPCuMkxC6wzss,core,
Lugard Road Lookout,"31 Lugard Rd, The Peak, Hong Kong",22.278144599999997,114.1467785,,https://www.google.com/maps?ftid=0x34040077137a6ba3:0xd1e3fe700560fd9d,0x34040077137a6ba3:0xd1e3fe700560fd9d,/g/11b74vw9xt,Zach J.,Want to go,1mSquE0pnDeBv3otPCuMkxC6wzss,🏔️,mountain,want_to_go,Want to go,1mSquE0pnDeBv3otPCuMkxC6wzss,core,
Mount Kilimanjaro National Park,Tanzania,-3.0499375,37.3598125,,https://www.google.com/maps?ftid=0x1839fc660a7a7885:0xc3e6db5e95723d48,0x1839fc660a7a7885:0xc3e6db5e95723d48,/m/073lcz,Zach J.,Want to go,1mSquE0pnDeBv3otPCuMkxC6wzss,🏔️,mountain,want_to_go,Want to go,1mSquE0pnDeBv3otPCuMkxC6wzss,core,
Mount Pleasant Vintage & Provisions,"67 W 6th Ave, Vancouver, BC V5Y 1K2",49.265776599999995,-123.1060929,,https://www.google.com/maps?ftid=0x5486736e469dfa9f:0x9e129fb8389656a,0x5486736e469dfa9f:0x9e129fb8389656a,/g/11sx55djj0,Zach J.,Want to go,1mSquE0pnDeBv3otPCuMkxC6wzss,🏔️,mountain,want_to_go,Want to go,1mSquE0pnDeBv3otPCuMkxC6wzss,core,
Mount Royal,"Montreal, QC H2W 1S8, Canada",45.5071024,-73.5874072,,https://www.google.com/maps?ftid=0x4cc91a18b0dacb83:0x9ee51c5e768e560,0x4cc91a18b0dacb83:0x9ee51c5e768e560,/m/012g13,Zach J.,Want to go,1mSquE0pnDeBv3otPCuMkxC6wzss,🏔️,mountain,want_to_go,Want to go,1mSquE0pnDeBv3otPCuMkxC6wzss,core,
Pinnacle Ridge Tunnel,"Blue Ridge Pkwy, Waynesville, NC 28786, United States",35.434684,-83.0336102,,https://www.google.com/maps?ftid=0x88597305703b1f3b:0x1e8c10106cab3c90,0x88597305703b1f3b:0x1e8c10106cab3c90,/g/11h3xhnwsx,Zach J.,Want to go,1mSquE0pnDeBv3otPCuMkxC6wzss,🏔️,mountain,want_to_go,Want to go,1mSquE0pnDeBv3otPCuMkxC6wzss,core,
Rough Butt Bald Overlook,"Blue Ridge Pkwy, Tuckasegee, NC 28783, United States",35.3040956,-82.9425109,,https://www.google.com/maps?ftid=0x88590a4e33f5c65d:0x14544a241767c9b7,0x88590a4e33f5c65d:0x14544a241767c9b7,/g/11c3_4wxt6,Zach J.,Want to go,1mSquE0pnDeBv3otPCuMkxC6wzss,🏔️,mountain,want_to_go,Want to go,1mSquE0pnDeBv3otPCuMkxC6wzss,core,
Sandia Peak Tramway,"30 Tramway Rd NE, Albuquerque, NM 87122, United States",35.1907104,-106.479402,,https://www.google.com/maps?ftid=0x87189e8cfbdf7855:0xdee0b10202a6352b,0x87189e8cfbdf7855:0xdee0b10202a6352b,/m/03hbbv,Zach J.,Want to go,1mSquE0pnDeBv3otPCuMkxC6wzss,🏔️,mountain,want_to_go,Want to go,1mSquE0pnDeBv3otPCuMkxC6wzss,core,
Scandinave Spa Blue Mountain,"152 Grey County Rd 21, The Blue Mountains, ON L9Y 0K8",44.5008443,-80.2892768,,https://www.google.com/maps?ftid=0x882a70ba8e289973:0x818de4b4e4e42cd5,0x882a70ba8e289973:0x818de4b4e4e42cd5,/g/1tfcnzk0,Zach J.,Want to go,1mSquE0pnDeBv3otPCuMkxC6wzss,🏔️,mountain,want_to_go,Want to go,1mSquE0pnDeBv3otPCuMkxC6wzss,core,
Sea to summit trail,"36800 BC-99, Squamish, BC V8B 0B6",49.6756654,-123.156032,,https://www.google.com/maps?ftid=0x5486f7dd06643405:0x6a20684fe6c8c6a6,0x5486f7dd06643405:0x6a20684fe6c8c6a6,/g/11s6ptz05s,Zach J.,Want to go,1mSquE0pnDeBv3otPCuMkxC6wzss,🏔️,mountain,want_to_go,Want to go,1mSquE0pnDeBv3otPCuMkxC6wzss,core,
Smoky Mountain,"Smoky Mountain, Tennessee 37710, United States",36.1836896,-84.40271129999999,"Hiking, cabins",https://www.google.com/maps?ftid=0x885db70460cc2435:0x2461883b07f4ebe9,0x885db70460cc2435:0x2461883b07f4ebe9,/g/1tjhycsz,Zach J.,Want to go,1mSquE0pnDeBv3otPCuMkxC6wzss,🏔️,mountain,want_to_go,Want to go,1mSquE0pnDeBv3otPCuMkxC6wzss,core,
St Michael's Mount,"St Michael's Mount, Marazion, UK",50.1171529,-5.477807299999999,Go in May or June,https://www.google.com/maps?ftid=0x486adb4aec40fd6d:0xc5509eba3b14681a,0x486adb4aec40fd6d:0xc5509eba3b14681a,/m/01swy_,Zach J.,Want to go,1mSquE0pnDeBv3otPCuMkxC6wzss,🏔️,mountain,want_to_go,Want to go,1mSquE0pnDeBv3otPCuMkxC6wzss,core,
Air and Space Museum,"Aéroport de Paris-Le Bourget, 93352 Le Bourget, France",48.9476982,2.4356111,,https://www.google.com/maps?ftid=0x478b082ab1d8decb:0x2de483e2dcd4c0b8,0x478b082ab1d8decb:0x2de483e2dcd4c0b8,/m/07m_82,Zach J.,Want to go,1mSquE0pnDeBv3otPCuMkxC6wzss,🏛️,museum,want_to_go,Want to go,1mSquE0pnDeBv3otPCuMkxC6wzss,core,
Beatles Museum,"Alter Markt 12, 06108 Halle (Saale), Germany",51.480250399999996,11.9684844,,https://www.google.com/maps?ftid=0x47a6634e9c672b2d:0x857f729217dfebbd,0x47a6634e9c672b2d:0x857f729217dfebbd,/g/11r80s_dw,Zach J.,Want to go,1mSquE0pnDeBv3otPCuMkxC6wzss,🏛️,museum,want_to_go,Want to go,1mSquE0pnDeBv3otPCuMkxC6wzss,core,
Beaty Biodiversity Museum,"Vancouver Campus, 2212 Main Mall, Vancouver, BC V6T 1Z4",49.263268,-123.2509676,,https://www.google.com/maps?ftid=0x548672ca074d9db1:0x551432468a9f8fc3,0x548672ca074d9db1:0x551432468a9f8fc3,/m/0glr65k,Zach J.,Want to go,1mSquE0pnDeBv3otPCuMkxC6wzss,🏛️,museum,want_to_go,Want to go,1mSquE0pnDeBv3otPCuMkxC6wzss,core,
Bill Reid Gallery of Northwest Coast Art,"639 Hornby St, Vancouver, BC V6C 2G3",49.284494699999996,-123.1193009,,https://www.google.com/maps?ftid=0x54867181efc2d1d3:0x9400bc0608f2251f,0x54867181efc2d1d3:0x9400bc0608f2251f,/g/1td3r5mn,Zach J.,Want to go,1mSquE0pnDeBv3otPCuMkxC6wzss,🏛️,museum,want_to_go,Want to go,1mSquE0pnDeBv3otPCuMkxC6wzss,core,
Canadian Railway Museum,"110 Rue St Pierre, Saint-Constant, QC J5A 1G7",45.3754059,-73.5647048,,https://www.google.com/maps?ftid=0x4cc90d8c257ced8b:0x56619825b58e3242,0x4cc90d8c257ced8b:0x56619825b58e3242,/m/0855ch,Zach J.,Want to go,1mSquE0pnDeBv3otPCuMkxC6wzss,🏛️,museum,want_to_go,Want to go,1mSquE0pnDeBv3otPCuMkxC6wzss,core,
Casa Museo Pablo Escobar,"Lower Traverse. El Poblado neighborhood, Cl. 10b #28-90, El Poblado, Medellín, El Poblado, Medellín, Antioquia, Colombia",6.2105179,-75.5581459,,https://www.google.com/maps?ftid=0x8e44283049ed0093:0xb70ce4c541414845,0x8e44283049ed0093:0xb70ce4c541414845,/g/11g72lh9pd,Zach J.,Want to go,1mSquE0pnDeBv3otPCuMkxC6wzss,🏛️,museum,want_to_go,Want to go,1mSquE0pnDeBv3otPCuMkxC6wzss,core,
Charnley-Persky House Museum,"1365 N Astor St, Chicago, IL 60610, United States",41.9076824,-87.62757359999999,,https://www.google.com/maps?ftid=0x880fd35b2752016b:0x981e81fdbb04691c,0x880fd35b2752016b:0x981e81fdbb04691c,/m/09zkbl,Zach J.,Want to go,1mSquE0pnDeBv3otPCuMkxC6wzss,🏛️,museum,want_to_go,Want to go,1mSquE0pnDeBv3otPCuMkxC6wzss,core,
City Museum,"750 N 16th St, St. Louis, MO 63103, United States",38.6336745,-90.2006976,,https://www.google.com/maps?ftid=0x87d8b33dc2801e55:0xc97c4420308aca04,0x87d8b33dc2801e55:0xc97c4420308aca04,/m/0dddn5,Zach J.,Want to go,1mSquE0pnDeBv3otPCuMkxC6wzss,🏛️,museum,want_to_go,Want to go,1mSquE0pnDeBv3otPCuMkxC6wzss,core,
Crystal Bridges Museum of American Art,"600 Museum Way, Bentonville, AR 72712, United States",36.3818542,-94.2026525,,https://www.google.com/maps?ftid=0x87c91a14c433925b:0xad260359e45b143b,0x87c91a14c433925b:0xad260359e45b143b,/m/0bb461,Zach J.,Want to go,1mSquE0pnDeBv3otPCuMkxC6wzss,🏛️,museum,want_to_go,Want to go,1mSquE0pnDeBv3otPCuMkxC6wzss,core,
Hakone Museum of Photography,"1300-432 Gora, Hakone, Ashigarashimo District, Kanagawa 250-0408, Japan",35.249839,139.046075,,https://www.google.com/maps?ftid=0x6019a1ff2a225555:0x1d171e1a0644546b,0x6019a1ff2a225555:0x1d171e1a0644546b,/g/1wv_s88x,Zach J.,Want to go,1mSquE0pnDeBv3otPCuMkxC6wzss,🏛️,museum,want_to_go,Want to go,1mSquE0pnDeBv3otPCuMkxC6wzss,core,
Imperial War Museum,"Lambeth Rd, London SE1 6HZ, United Kingdom",51.4958366,-0.10865839999999999,,https://www.google.com/maps?ftid=0x4876012c1f3ceed3:0xfed51d88d007b387,0x4876012c1f3ceed3:0xfed51d88d007b387,/m/0j2g8sh,Zach J.,Want to go,1mSquE0pnDeBv3otPCuMkxC6wzss,🏛️,museum,want_to_go,Want to go,1mSquE0pnDeBv3otPCuMkxC6wzss,core,
International Center of Photography Museum,"84 Ludlow St, New York, NY 10002, United States",40.718229699999995,-73.989171,,https://www.google.com/maps?ftid=0x89c25985ea5c84e5:0xfbebd1a658b81071,0x89c25985ea5c84e5:0xfbebd1a658b81071,/m/051xk9,Zach J.,Want to go,1mSquE0pnDeBv3otPCuMkxC6wzss,🏛️,museum,want_to_go,Want to go,1mSquE0pnDeBv3otPCuMkxC6wzss,core,
Kasbah Museum,,35.7882181,-5.8124362,,https://www.google.com/maps?ftid=0xd0c7f4da1ac9fe5:0x7846ff8885f795c7,0xd0c7f4da1ac9fe5:0x7846ff8885f795c7,,Zach J.,Want to go,1mSquE0pnDeBv3otPCuMkxC6wzss,🏛️,museum,want_to_go,Want to go,1mSquE0pnDeBv3otPCuMkxC6wzss,core,
"Memorial Museum in the ""Round Corner""","Dittrichring 24, 04109 Leipzig, Germany",51.3417276,12.3698642,,https://www.google.com/maps?ftid=0x47a6f8209615b7eb:0x2f2c8d1524dd5e2f,0x47a6f8209615b7eb:0x2f2c8d1524dd5e2f,/g/1229kr3j,Zach J.,Want to go,1mSquE0pnDeBv3otPCuMkxC6wzss,🏛️,museum,want_to_go,Want to go,1mSquE0pnDeBv3otPCuMkxC6wzss,core,
Mercedes-Benz Museum,,48.7881453,9.233982,,https://www.google.com/maps?ftid=0x4799c4feda1ddf91:0xc166f4f1bffb4b94,0x4799c4feda1ddf91:0xc166f4f1bffb4b94,,Zach J.,Want to go,1mSquE0pnDeBv3otPCuMkxC6wzss,🏛️,museum,want_to_go,Want to go,1mSquE0pnDeBv3otPCuMkxC6wzss,core,
Miniatures Museum of Taiwan,"10489, Taiwan, Taipei City, Zhongshan District, Section 1, Jianguo N Rd, 96號B1",25.050421,121.53605839999999,,https://www.google.com/maps?ftid=0x3442a961dcd4586d:0xf7b94932da38ef7f,0x3442a961dcd4586d:0xf7b94932da38ef7f,/m/02qvr28,Zach J.,Want to go,1mSquE0pnDeBv3otPCuMkxC6wzss,🏛️,museum,want_to_go,Want to go,1mSquE0pnDeBv3otPCuMkxC6wzss,core,
Morris and Helen Belkin Art Gallery,"1825 Main Mall, Vancouver, BC V6T 1Z2",49.268245,-123.256301,,https://www.google.com/maps?ftid=0x548672b1515d8e55:0xcd821d73b096ded5,0x548672b1515d8e55:0xcd821d73b096ded5,/m/047dv31,Zach J.,Want to go,1mSquE0pnDeBv3otPCuMkxC6wzss,🏛️,museum,want_to_go,Want to go,1mSquE0pnDeBv3otPCuMkxC6wzss,core,
Mothman Museum,,38.8427256,-82.13853139999999,,https://www.google.com/maps?ftid=0x88489c64aa621717:0x698d671724e768,0x88489c64aa621717:0x698d671724e768,,Zach J.,Want to go,1mSquE0pnDeBv3otPCuMkxC6wzss,🏛️,museum,want_to_go,Want to go,1mSquE0pnDeBv3otPCuMkxC6wzss,core,
Museo Nazionale della Scienza e della Tecnologia Leonardo da Vinci,"Via San Vittore, 21, 20123 Milano MI, Italy",45.4628869,9.1706523,,https://www.google.com/maps?ftid=0x4786c159c26cee9b:0x72458fca19e5eb92,0x4786c159c26cee9b:0x72458fca19e5eb92,/m/03ccx9x,Zach J.,Want to go,1mSquE0pnDeBv3otPCuMkxC6wzss,🏛️,museum,want_to_go,Want to go,1mSquE0pnDeBv3otPCuMkxC6wzss,core,
Museum of Archaeology & Ethnology,"Saywell Hall, 8888 University Dr W, Burnaby, BC V5A 1S6",49.279365399999996,-122.91543519999999,,https://www.google.com/maps?ftid=0x548679c6fe55f4fb:0xaf056656ba3498cd,0x548679c6fe55f4fb:0xaf056656ba3498cd,/g/1tctf925,Zach J.,Want to go,1mSquE0pnDeBv3otPCuMkxC6wzss,🏛️,museum,want_to_go,Want to go,1mSquE0pnDeBv3otPCuMkxC6wzss,core,
Museum of the 24 Hours of Le Mans,,47.956866999999995,0.208644,,https://www.google.com/maps?ftid=0x47e28e40ac238c01:0x186623bf5ae3f017,0x47e28e40ac238c01:0x186623bf5ae3f017,,Zach J.,Want to go,1mSquE0pnDeBv3otPCuMkxC6wzss,🏛️,museum,want_to_go,Want to go,1mSquE0pnDeBv3otPCuMkxC6wzss,core,
Museum of the City of New York,"1220 5th Ave, New York, NY 10029, United States",40.7925318,-73.9519897,,https://www.google.com/maps?ftid=0x89c2f61db458888b:0x19a6fb3bfd71dad4,0x89c2f61db458888b:0x19a6fb3bfd71dad4,/m/04374w,Zach J.,Want to go,1mSquE0pnDeBv3otPCuMkxC6wzss,🏛️,museum,want_to_go,Want to go,1mSquE0pnDeBv3otPCuMkxC6wzss,core,
Museum of The Future,67CP+H4Q - Sheikh Zayed Rd - Trade Centre - Trade Centre 2 - Dubai - United Arab Emirates,25.219203399999998,55.2819328,,https://www.google.com/maps?ftid=0x3e5f434ba1c34fa9:0x2bfd06ff9c202fc4,0x3e5f434ba1c34fa9:0x2bfd06ff9c202fc4,/m/012zbrkl,Zach J.,Want to go,1mSquE0pnDeBv3otPCuMkxC6wzss,🏛️,museum,want_to_go,Want to go,1mSquE0pnDeBv3otPCuMkxC6wzss,core,
Museum of the Great War in Meaux,,48.971438,2.9044222,,https://www.google.com/maps?ftid=0x47e8a1024d353527:0x8dfaed28633b95f5,0x47e8a1024d353527:0x8dfaed28633b95f5,,Zach J.,Want to go,1mSquE0pnDeBv3otPCuMkxC6wzss,🏛️,museum,want_to_go,Want to go,1mSquE0pnDeBv3otPCuMkxC6wzss,core,
Museum of the Home,"136 Kingsland Rd, London E2 8EA, United Kingdom",51.5315265,-0.07644,,https://www.google.com/maps?ftid=0x48761cbc1be34a29:0x7259603028eef46d,0x48761cbc1be34a29:0x7259603028eef46d,/m/047bf3,Zach J.,Want to go,1mSquE0pnDeBv3otPCuMkxC6wzss,🏛️,museum,want_to_go,Want to go,1mSquE0pnDeBv3otPCuMkxC6wzss,core,
Museum of the Moving Image,,40.7563454,-73.9239496,,https://www.google.com/maps?ftid=0x89c25f2550f21f03:0x58db958504446c43,0x89c25f2550f21f03:0x58db958504446c43,,Zach J.,Want to go,1mSquE0pnDeBv3otPCuMkxC6wzss,🏛️,museum,want_to_go,Want to go,1mSquE0pnDeBv3otPCuMkxC6wzss,core,
Musée Automobile Reims Champagne,,49.2508907,4.0503227,,https://www.google.com/maps?ftid=0x47e97434532a74dd:0xeb2e7456130e2a56,0x47e97434532a74dd:0xeb2e7456130e2a56,,Zach J.,Want to go,1mSquE0pnDeBv3otPCuMkxC6wzss,🏛️,museum,want_to_go,Want to go,1mSquE0pnDeBv3otPCuMkxC6wzss,core,
National Museum Of Flight,"East Fortune Airfield, B1347, North Berwick EH39 5LF, United Kingdom",55.9957888,-2.7198256,,https://www.google.com/maps?ftid=0x4887a800a6438d1b:0x977844b1ace86890,0x4887a800a6438d1b:0x977844b1ace86890,/m/04bdh8,Zach J.,Want to go,1mSquE0pnDeBv3otPCuMkxC6wzss,🏛️,museum,want_to_go,Want to go,1mSquE0pnDeBv3otPCuMkxC6wzss,core,
National Museum of the US Air Force,"1100 Spaatz St, Dayton, OH 45433, United States",39.780796099999996,-84.1093818,,https://www.google.com/maps?ftid=0x8840832fc83ffd85:0x71e29a127c5a32c9,0x8840832fc83ffd85:0x71e29a127c5a32c9,/m/02r7b4,Zach J.,Want to go,1mSquE0pnDeBv3otPCuMkxC6wzss,🏛️,museum,want_to_go,Want to go,1mSquE0pnDeBv3otPCuMkxC6wzss,core,
National Railway Museum York,"Leeman Rd, York YO26 4XJ, United Kingdom",53.960546699999995,-1.096366,,https://www.google.com/maps?ftid=0x48793105fbb3dfb9:0xd6bb9be9978a4331,0x48793105fbb3dfb9:0xd6bb9be9978a4331,/m/019gfr,Zach J.,Want to go,1mSquE0pnDeBv3otPCuMkxC6wzss,🏛️,museum,want_to_go,Want to go,1mSquE0pnDeBv3otPCuMkxC6wzss,core,
Neon Sign Museum,,53.5457883,-113.49950849999999,,https://www.google.com/maps?ftid=0x53a02249154fae19:0x14a10f679d122ca0,0x53a02249154fae19:0x14a10f679d122ca0,,Zach J.,Want to go,1mSquE0pnDeBv3otPCuMkxC6wzss,🏛️,museum,want_to_go,Want to go,1mSquE0pnDeBv3otPCuMkxC6wzss,core,
Next Level Pinball Shop & Museum,"1458 NE 25th Ave, Hillsboro, OR 97124, United States",45.5357816,-122.9560825,,https://www.google.com/maps?ftid=0x54950535d677bbe9:0x2faf66b8869f3a84,0x54950535d677bbe9:0x2faf66b8869f3a84,/g/11gnq6n08v,Zach J.,Want to go,1mSquE0pnDeBv3otPCuMkxC6wzss,🏛️,museum,want_to_go,Want to go,1mSquE0pnDeBv3otPCuMkxC6wzss,core,
Oklahoma City National Memorial & Museum,"620 N Harvey Ave, Oklahoma City, OK 73102, United States",35.4731496,-97.5170593,,https://www.google.com/maps?ftid=0x87b2172e2e45cdab:0x4053cf454d77320f,0x87b2172e2e45cdab:0x4053cf454d77320f,/m/02q36c,Zach J.,Want to go,1mSquE0pnDeBv3otPCuMkxC6wzss,🏛️,museum,want_to_go,Want to go,1mSquE0pnDeBv3otPCuMkxC6wzss,core,
Peace Museum Bridge at Remagen,,50.5778599,7.2440681,,https://www.google.com/maps?ftid=0x47bef08742e02ac3:0xd8df9bb4021f3cb7,0x47bef08742e02ac3:0xd8df9bb4021f3cb7,,Zach J.,Want to go,1mSquE0pnDeBv3otPCuMkxC6wzss,🏛️,museum,want_to_go,Want to go,1mSquE0pnDeBv3otPCuMkxC6wzss,core,
Pima Air & Space Museum,"6000 E Valencia Rd, Tucson, AZ 85756, United States",32.1399593,-110.8649696,,https://www.google.com/maps?ftid=0x86d664ee093b37e7:0x8e49b10f9b327453,0x86d664ee093b37e7:0x8e49b10f9b327453,/m/03d87m,Zach J.,Want to go,1mSquE0pnDeBv3otPCuMkxC6wzss,🏛️,museum,want_to_go,Want to go,1mSquE0pnDeBv3otPCuMkxC6wzss,core,
Pinacoteca di Brera,"Via Brera, 28, 20121 Milano MI, Italy",45.471954499999995,9.1878145,,https://www.google.com/maps?ftid=0x4786ee11587e4e1f:0x1b367a8e2cb13736,0x4786ee11587e4e1f:0x1b367a8e2cb13736,/m/0b2_mh,Zach J.,Want to go,1mSquE0pnDeBv3otPCuMkxC6wzss,🏛️,museum,want_to_go,Want to go,1mSquE0pnDeBv3otPCuMkxC6wzss,core,
Porsche Museum,,48.834210399999996,9.152554499999999,,https://www.google.com/maps?ftid=0x4799da8732ced9e1:0x3c80648eb55f7987,0x4799da8732ced9e1:0x3c80648eb55f7987,,Zach J.,Want to go,1mSquE0pnDeBv3otPCuMkxC6wzss,🏛️,museum,want_to_go,Want to go,1mSquE0pnDeBv3otPCuMkxC6wzss,core,
Royal BC Museum,,48.419785999999995,-123.36744569999999,,https://www.google.com/maps?ftid=0x548f74912454eed5:0x246213ff354f5ae9,0x548f74912454eed5:0x246213ff354f5ae9,,Zach J.,Want to go,1mSquE0pnDeBv3otPCuMkxC6wzss,🏛️,museum,want_to_go,Want to go,1mSquE0pnDeBv3otPCuMkxC6wzss,core,
SFU Art Gallery,"8888 University Drive, SFU Burnaby, Academic Quadrangle 3004, Burnaby, BC V5A 1S6",49.278740799999994,-122.9137774,,https://www.google.com/maps?ftid=0x548679bf975336df:0x843b878a7072b47b,0x548679bf975336df:0x843b878a7072b47b,/g/1hc573p73,Zach J.,Want to go,1mSquE0pnDeBv3otPCuMkxC6wzss,🏛️,museum,want_to_go,Want to go,1mSquE0pnDeBv3otPCuMkxC6wzss,core,
"The Biosphere, Environment Museum","160 Chem. du Tour de l'isle, Montréal, QC H3C 4G8",45.513883299999996,-73.5314408,,https://www.google.com/maps?ftid=0x4cc91b08b001c1b1:0x2d0ee66ff89f5a29,0x4cc91b08b001c1b1:0x2d0ee66ff89f5a29,/m/085vch,Zach J.,Want to go,1mSquE0pnDeBv3otPCuMkxC6wzss,🏛️,museum,want_to_go,Want to go,1mSquE0pnDeBv3otPCuMkxC6wzss,core,
The Hemingway Home and Museum,"907 Whitehead St, Key West, FL 33040, United States",24.5511743,-81.8006498,,https://www.google.com/maps?ftid=0x88d1b6e80338ba6d:0x13a4237f7d5f49ea,0x88d1b6e80338ba6d:0x13a4237f7d5f49ea,/m/0h4pyl,Zach J.,Want to go,1mSquE0pnDeBv3otPCuMkxC6wzss,🏛️,museum,want_to_go,Want to go,1mSquE0pnDeBv3otPCuMkxC6wzss,core,
The Inoh Tadataka Memorial Museum,"I-1722-1 Sawara, Katori, Chiba 287-0003, Japan",35.8884897,140.4972627,,https://www.google.com/maps?ftid=0x6022f7e9590f0ee9:0xe6d99dd2954f0415,0x6022f7e9590f0ee9:0xe6d99dd2954f0415,/g/1q5bmwsnz,Zach J.,Want to go,1mSquE0pnDeBv3otPCuMkxC6wzss,🏛️,museum,want_to_go,Want to go,1mSquE0pnDeBv3otPCuMkxC6wzss,core,
The Jewish Museum,"1109 5th Ave &, E 92nd St, New York, 10128, United States",40.785334,-73.957351,,https://www.google.com/maps?ftid=0x89c258a23ac76261:0x2bed5df89b6e459a,0x89c258a23ac76261:0x2bed5df89b6e459a,/m/052sg7,Zach J.,Want to go,1mSquE0pnDeBv3otPCuMkxC6wzss,🏛️,museum,want_to_go,Want to go,1mSquE0pnDeBv3otPCuMkxC6wzss,core,
The National Gallery,"Trafalgar Square, London WC2N 5DN, United Kingdom",51.508928999999995,-0.128299,,https://www.google.com/maps?ftid=0x487604ce176ac979:0x42af85654e23a0b4,0x487604ce176ac979:0x42af85654e23a0b4,/m/0p88j,Zach J.,Want to go,1mSquE0pnDeBv3otPCuMkxC6wzss,🏛️,museum,want_to_go,Want to go,1mSquE0pnDeBv3otPCuMkxC6wzss,core,
The Railway Museum,,35.921424699999996,139.6179197,,https://www.google.com/maps?ftid=0x6018c6ad142e3493:0x6648f29dfd38004e,0x6018c6ad142e3493:0x6648f29dfd38004e,,Zach J.,Want to go,1mSquE0pnDeBv3otPCuMkxC6wzss,🏛️,museum,want_to_go,Want to go,1mSquE0pnDeBv3otPCuMkxC6wzss,core,
The Richard H. Driehaus Museum,,41.8943826,-87.62627789999999,,https://www.google.com/maps?ftid=0x880e2cad24f21a35:0xd2455dcf6e341c11,0x880e2cad24f21a35:0xd2455dcf6e341c11,,Zach J.,Want to go,1mSquE0pnDeBv3otPCuMkxC6wzss,🏛️,museum,want_to_go,Want to go,1mSquE0pnDeBv3otPCuMkxC6wzss,core,
The Tank Museum,,50.694982499999995,-2.243119,,https://www.google.com/maps?ftid=0x4872552b9490d04d:0x3b0785b71b79cf5b,0x4872552b9490d04d:0x3b0785b71b79cf5b,,Zach J.,Want to go,1mSquE0pnDeBv3otPCuMkxC6wzss,🏛️,museum,want_to_go,Want to go,1mSquE0pnDeBv3otPCuMkxC6wzss,core,
The Troll Hole Museum,"228 E Main St, Alliance, OH 44601, United States",40.9219264,-81.1020565,,https://www.google.com/maps?ftid=0x8836b4c14c9c19e1:0x54e2930f1c5618eb,0x8836b4c14c9c19e1:0x54e2930f1c5618eb,/g/11btm1j8sb,Zach J.,Want to go,1mSquE0pnDeBv3otPCuMkxC6wzss,🏛️,museum,want_to_go,Want to go,1mSquE0pnDeBv3otPCuMkxC6wzss,core,
Vancouver Art Gallery,,49.2829607,-123.1204715,,https://www.google.com/maps?ftid=0x5486717f7ffd7cc1:0xb595c3035cb17a4f,0x5486717f7ffd7cc1:0xb595c3035cb17a4f,,Zach J.,Want to go,1mSquE0pnDeBv3otPCuMkxC6wzss,🏛️,museum,want_to_go,Want to go,1mSquE0pnDeBv3otPCuMkxC6wzss,core,
Vancouver Maritime Museum,"900 Chestnut St, Vancouver, BC V6J 1A1",49.2775162,-123.1470724,,https://www.google.com/maps?ftid=0x5486723377c55189:0xcd648a6227de6d8d,0x5486723377c55189:0xcd648a6227de6d8d,/m/05c4z2,Zach J.,Want to go,1mSquE0pnDeBv3otPCuMkxC6wzss,🏛️,museum,want_to_go,Want to go,1mSquE0pnDeBv3otPCuMkxC6wzss,core,
Vancouver Police Museum & Archives,"240 E Cordova St, Vancouver, BC V6A 1L3",49.2821378,-123.0981717,,https://www.google.com/maps?ftid=0x54867171087d70a3:0x14d046ca09e0670a,0x54867171087d70a3:0x14d046ca09e0670a,/m/027pmk3,Zach J.,Want to go,1mSquE0pnDeBv3otPCuMkxC6wzss,🏛️,museum,want_to_go,Want to go,1mSquE0pnDeBv3otPCuMkxC6wzss,core,
World Famous Gopher Hole Museum,,51.791684499999995,-113.6040455,,https://www.google.com/maps?ftid=0x5374709706cc09f7:0x9436029311b1aa2,0x5374709706cc09f7:0x9436029311b1aa2,,Zach J.,Want to go,1mSquE0pnDeBv3otPCuMkxC6wzss,🏛️,museum,want_to_go,Want to go,1mSquE0pnDeBv3otPCuMkxC6wzss,core,
Zelve Open Air Museum,,38.6692536,34.8633076,,https://www.google.com/maps?ftid=0x152a6877bfffffff:0x26b14ab99513500d,0x152a6877bfffffff:0x26b14ab99513500d,,Zach J.,Want to go,1mSquE0pnDeBv3otPCuMkxC6wzss,🏛️,museum,want_to_go,Want to go,1mSquE0pnDeBv3otPCuMkxC6wzss,core,
Antelope Canyon,"Antelope Canyon, Arizona 86040, USA",36.8619103,-111.37433019999999,,https://www.google.com/maps?ftid=0x873411f49ba00e0b:0x98361608ad6aa79b,0x873411f49ba00e0b:0x98361608ad6aa79b,/m/073p14,Zach J.,Want to go,1mSquE0pnDeBv3otPCuMkxC6wzss,🌋,nature,want_to_go,Want to go,1mSquE0pnDeBv3otPCuMkxC6wzss,core,
Antelope Pass Vista,"Marble Canyon, AZ 86036, United States",36.6609135,-111.6331112,,https://www.google.com/maps?ftid=0x873477e76df150eb:0xe85b840574b15521,0x873477e76df150eb:0xe85b840574b15521,/g/11k6z0xh72,Zach J.,Want to go,1mSquE0pnDeBv3otPCuMkxC6wzss,🌋,nature,want_to_go,Want to go,1mSquE0pnDeBv3otPCuMkxC6wzss,core,
Balanced Rock,"Marble Canyon, AZ 86036, United States",36.8414248,-111.6317861,,https://www.google.com/maps?ftid=0x87346f0f3a0b9da9:0xae56b356ae2f30b1,0x87346f0f3a0b9da9:0xae56b356ae2f30b1,/g/11c60m3vnh,Zach J.,Want to go,1mSquE0pnDeBv3otPCuMkxC6wzss,🌋,nature,want_to_go,Want to go,1mSquE0pnDeBv3otPCuMkxC6wzss,core,
Cheonjiyeon Waterfall,,33.246944,126.554417,,https://www.google.com/maps?ftid=0x350c5397e5d18685:0xdb873e6da9b01b6,0x350c5397e5d18685:0xdb873e6da9b01b6,/m/026kcr1,Zach J.,Want to go,1mSquE0pnDeBv3otPCuMkxC6wzss,🌋,nature,want_to_go,Want to go,1mSquE0pnDeBv3otPCuMkxC6wzss,core,
Chisuji Falls,"507 Kowakudani, Hakone, Ashigarashimo District, Kanagawa 250-0406, Japan",35.2351242,139.0501396,,https://www.google.com/maps?ftid=0x6019a20dde6b38a3:0x4106a85770c41c2d,0x6019a20dde6b38a3:0x4106a85770c41c2d,/g/1tvyltxd,Zach J.,Want to go,1mSquE0pnDeBv3otPCuMkxC6wzss,🌋,nature,want_to_go,Want to go,1mSquE0pnDeBv3otPCuMkxC6wzss,core,
Chumash Painted Cave State Historic Park,"CA-154, Santa Barbara, CA 93105, United States",34.504185299999996,-119.7876117,,https://www.google.com/maps?ftid=0x80e96a0aaee869ef:0x1ea861c4c33d3736,0x80e96a0aaee869ef:0x1ea861c4c33d3736,/m/05f6r56,Zach J.,Want to go,1mSquE0pnDeBv3otPCuMkxC6wzss,🌋,nature,want_to_go,Want to go,1mSquE0pnDeBv3otPCuMkxC6wzss,core,
Desert View Watchtower,"Desert View Watchtower, Grand Canyon Village, AZ 86023, United States",36.044095999999996,-111.8262494,,https://www.google.com/maps?ftid=0x8733a9ba161d0431:0x9af0f5028f24e21e,0x8733a9ba161d0431:0x9af0f5028f24e21e,/m/027nsvt,Zach J.,Want to go,1mSquE0pnDeBv3otPCuMkxC6wzss,🌋,nature,want_to_go,Want to go,1mSquE0pnDeBv3otPCuMkxC6wzss,core,
Duck on a Rock Viewpoint,"Grand Canyon Village, AZ 86023, United States",36.0143199,-112.0656595,,https://www.google.com/maps?ftid=0x87331adeb36d644d:0xa1a2bb8c37ae596a,0x87331adeb36d644d:0xa1a2bb8c37ae596a,/g/11cm0fmq58,Zach J.,Want to go,1mSquE0pnDeBv3otPCuMkxC6wzss,🌋,nature,want_to_go,Want to go,1mSquE0pnDeBv3otPCuMkxC6wzss,core,
Glacier National Park,,48.756063,-113.77973159999999,,https://www.google.com/maps?ftid=0x5368901555555555:0xaf16bc2215c55dec,0x5368901555555555:0xaf16bc2215c55dec,,Zach J.,Want to go,1mSquE0pnDeBv3otPCuMkxC6wzss,🌋,nature,want_to_go,Want to go,1mSquE0pnDeBv3otPCuMkxC6wzss,core,
Goldstrike Hot Spring,"Gold Strike Hot Springs Trail, Boulder City, NV 89005, United States",35.9999274,-114.743231,,https://www.google.com/maps?ftid=0x80c92dcc2161488d:0xefa6f4d54f11d3ef,0x80c92dcc2161488d:0xefa6f4d54f11d3ef,/g/11j8xgyfhc,Zach J.,Want to go,1mSquE0pnDeBv3otPCuMkxC6wzss,🌋,nature,want_to_go,Want to go,1mSquE0pnDeBv3otPCuMkxC6wzss,core,
Grandview Point,"Grand Canyon Village, AZ 86023, United States",35.9984667,-111.9877556,,https://www.google.com/maps?ftid=0x8733046f5f02b3a3:0x8ba03dfd7c969c10,0x8733046f5f02b3a3:0x8ba03dfd7c969c10,/g/1yp39f07c,Zach J.,Want to go,1mSquE0pnDeBv3otPCuMkxC6wzss,🌋,nature,want_to_go,Want to go,1mSquE0pnDeBv3otPCuMkxC6wzss,core,
Great Sphinx of Giza,"Al Giza Desert, Giza Governorate 3512201, Egypt",29.975268699999997,31.1375674,,https://www.google.com/maps?ftid=0x14584f62a3aea979:0xc9d3f0a64066bda9,0x14584f62a3aea979:0xc9d3f0a64066bda9,/m/01khmg,Zach J.,Want to go,1mSquE0pnDeBv3otPCuMkxC6wzss,🌋,nature,want_to_go,Want to go,1mSquE0pnDeBv3otPCuMkxC6wzss,core,
Historic Navajo Bridge,"Us Hwy 89a, Marble Canyon, AZ 86036, United States",36.8175424,-111.63120769999999,,https://www.google.com/maps?ftid=0x87346fb39678ced9:0x745158d44c6efaab,0x87346fb39678ced9:0x745158d44c6efaab,/m/04qx67,Zach J.,Want to go,1mSquE0pnDeBv3otPCuMkxC6wzss,🌋,nature,want_to_go,Want to go,1mSquE0pnDeBv3otPCuMkxC6wzss,core,
Jeongbang Waterfall,,33.2448567,126.57157939999999,,https://www.google.com/maps?ftid=0x350c5373f9c8a7f1:0xa0f04e20cf99b30b,0x350c5373f9c8a7f1:0xa0f04e20cf99b30b,/m/026pjn_,Zach J.,Want to go,1mSquE0pnDeBv3otPCuMkxC6wzss,🌋,nature,want_to_go,Want to go,1mSquE0pnDeBv3otPCuMkxC6wzss,core,
Kennedy Falls,"North Vancouver, BC V7R 4V6",49.3947204,-123.04767729999999,,https://www.google.com/maps?ftid=0x5486650653c1dc0d:0x6b245c0540e85d07,0x5486650653c1dc0d:0x6b245c0540e85d07,/g/11cn3hgn6c,Zach J.,Want to go,1mSquE0pnDeBv3otPCuMkxC6wzss,🌋,nature,want_to_go,Want to go,1mSquE0pnDeBv3otPCuMkxC6wzss,core,
Meteor Crater Natural Landmark,"I-40 Exit 233, Winslow, AZ 86047, United States",35.0277544,-111.02219339999999,,https://www.google.com/maps?ftid=0x872e745d7f38512f:0xe0c334a29e78fd9e,0x872e745d7f38512f:0xe0c334a29e78fd9e,/m/0fkpz,Zach J.,Want to go,1mSquE0pnDeBv3otPCuMkxC6wzss,🌋,nature,want_to_go,Want to go,1mSquE0pnDeBv3otPCuMkxC6wzss,core,
Norvan Falls,"North Vancouver, BC V7G 2S4",49.4153794,-123.03022519999999,,https://www.google.com/maps?ftid=0x54866444b1ca914b:0xf721cc73c790fec5,0x54866444b1ca914b:0xf721cc73c790fec5,/g/1hdz62n_6,Zach J.,Want to go,1mSquE0pnDeBv3otPCuMkxC6wzss,🌋,nature,want_to_go,Want to go,1mSquE0pnDeBv3otPCuMkxC6wzss,core,
Ocean Falls,"Ocean Falls, BC V0T 1P0",52.354020999999996,-127.69374599999999,,https://www.google.com/maps?ftid=0x54706ce191722a45:0xfb07649514ca73dd,0x54706ce191722a45:0xfb07649514ca73dd,/m/041kp2,Zach J.,Want to go,1mSquE0pnDeBv3otPCuMkxC6wzss,🌋,nature,want_to_go,Want to go,1mSquE0pnDeBv3otPCuMkxC6wzss,core,
Skakavac Waterfall,"WCXX+FGG, Sarajevo 71000, Bosnia and Herzegovina",43.948693,18.448817299999998,,https://www.google.com/maps?ftid=0x4758d1c4c5976769:0xe5827aeb2eafc24b,0x4758d1c4c5976769:0xe5827aeb2eafc24b,/m/0bfr76,Zach J.,Want to go,1mSquE0pnDeBv3otPCuMkxC6wzss,🌋,nature,want_to_go,Want to go,1mSquE0pnDeBv3otPCuMkxC6wzss,core,
Spokane Falls (Lower Falls),,47.6616466,-117.42532539999999,,https://www.google.com/maps?ftid=0x549e185e563ba421:0x5cea3cc15fb8b4a5,0x549e185e563ba421:0x5cea3cc15fb8b4a5,,Zach J.,Want to go,1mSquE0pnDeBv3otPCuMkxC6wzss,🌋,nature,want_to_go,Want to go,1mSquE0pnDeBv3otPCuMkxC6wzss,core,
Thumb Geyser,"Yellowstone National Park, WY 82190, United States",44.416522,-110.5719063,,https://www.google.com/maps?ftid=0x5351fb87e8ca309f:0x9b47c1d020be3ce9,0x5351fb87e8ca309f:0x9b47c1d020be3ce9,/g/122334dy,Zach J.,Want to go,1mSquE0pnDeBv3otPCuMkxC6wzss,🌋,nature,want_to_go,Want to go,1mSquE0pnDeBv3otPCuMkxC6wzss,core,
Waterfall,"All. Professeur Benoît, 06300 Nice, France",43.6957518,7.2794872999999995,,https://www.google.com/maps?ftid=0x12cddbd2ac7f6321:0xc4305fbc236738f6,0x12cddbd2ac7f6321:0xc4305fbc236738f6,/g/11q83hsr0f,Zach J.,Want to go,1mSquE0pnDeBv3otPCuMkxC6wzss,🌋,nature,want_to_go,Want to go,1mSquE0pnDeBv3otPCuMkxC6wzss,core,
Arthur Heurtley House - Frank Lloyd Wright,"318 Forest Ave, Oak Park, IL 60302, United States",41.8926994,-87.7996667,,https://www.google.com/maps?ftid=0x880e34c96a0e5d85:0xd3a7e0baed71f851,0x880e34c96a0e5d85:0xd3a7e0baed71f851,/m/02rbj_4,Zach J.,Want to go,1mSquE0pnDeBv3otPCuMkxC6wzss,🏞️,park,want_to_go,Want to go,1mSquE0pnDeBv3otPCuMkxC6wzss,core,
Athabasca Sand Dunes Provincial Park,,55.106486999999994,-105.275616,,https://www.google.com/maps?ftid=0x53b4db8e1f5b1543:0xb0f5a8d6713d5050,0x53b4db8e1f5b1543:0xb0f5a8d6713d5050,,Zach J.,Want to go,1mSquE0pnDeBv3otPCuMkxC6wzss,🏞️,park,want_to_go,Want to go,1mSquE0pnDeBv3otPCuMkxC6wzss,core,
Balboa Park,"San Diego, CA, United States",32.734147899999996,-117.14455299999999,,https://www.google.com/maps?ftid=0x80d95496fa70cb03:0xedf30b3cb015f6c4,0x80d95496fa70cb03:0xedf30b3cb015f6c4,/m/033zn0,Zach J.,Want to go,1mSquE0pnDeBv3otPCuMkxC6wzss,🏞️,park,want_to_go,Want to go,1mSquE0pnDeBv3otPCuMkxC6wzss,core,
Biodome,"4777 Pierre-de Coubertin Ave, Montreal, Quebec H1V 1B3",45.559603599999996,-73.5505972,,https://www.google.com/maps?ftid=0x4cc91c0d04c267b1:0x1cc677ac9fbe265b,0x4cc91c0d04c267b1:0x1cc677ac9fbe265b,/m/01k3g5,Zach J.,Want to go,1mSquE0pnDeBv3otPCuMkxC6wzss,🏞️,park,want_to_go,Want to go,1mSquE0pnDeBv3otPCuMkxC6wzss,core,
Brewed Online,"263 Green Lanes, Finsbury Park, London N4 2UX, United Kingdom",51.5630289,-0.09222649999999999,,https://www.google.com/maps?ftid=0x48761c8674c105f3:0x94b3665f9453851f,0x48761c8674c105f3:0x94b3665f9453851f,/g/11f15hlflh,Zach J.,Want to go,1mSquE0pnDeBv3otPCuMkxC6wzss,🏞️,park,want_to_go,Want to go,1mSquE0pnDeBv3otPCuMkxC6wzss,core,
Dubai Frame,Zabeel Park Jogging Track - Za'abeel - Al Kifaf - Dubai - United Arab Emirates,25.235452199999997,55.300340899999995,,https://www.google.com/maps?ftid=0x3e5f42db20d99d41:0xf93035af01a85798,0x3e5f42db20d99d41:0xf93035af01a85798,/g/11bw_7qljz,Zach J.,Want to go,1mSquE0pnDeBv3otPCuMkxC6wzss,🏞️,park,want_to_go,Want to go,1mSquE0pnDeBv3otPCuMkxC6wzss,core,
Elephant Garden Creamery,"2080 Commercial Dr, Vancouver, BC V5N 4B2",49.266261899999996,-123.0695107,,https://www.google.com/maps?ftid=0x5486718c39df80b7:0x7affd676249f2cbd,0x5486718c39df80b7:0x7affd676249f2cbd,/g/11f733rb9g,Zach J.,Want to go,1mSquE0pnDeBv3otPCuMkxC6wzss,🏞️,park,want_to_go,Want to go,1mSquE0pnDeBv3otPCuMkxC6wzss,core,
Ernest Hemingway Childhood Home,"600 N Kenilworth Ave, Oak Park, IL 60302, United States",41.8963207,-87.79742259999999,,https://www.google.com/maps?ftid=0x880e34caf4b42a8d:0xe2ad49cce461ee5d,0x880e34caf4b42a8d:0xe2ad49cce461ee5d,/g/11c3vjfzlm,Zach J.,Want to go,1mSquE0pnDeBv3otPCuMkxC6wzss,🏞️,park,want_to_go,Want to go,1mSquE0pnDeBv3otPCuMkxC6wzss,core,
Frank Lloyd Wright Home & Studio,"951 Chicago Ave, Oak Park, IL 60302, United States",41.8941148,-87.7996685,,https://www.google.com/maps?ftid=0x880e34cbe7e7eedf:0x801145256f09ed8d,0x880e34cbe7e7eedf:0x801145256f09ed8d,/m/0frn2d,Zach J.,Want to go,1mSquE0pnDeBv3otPCuMkxC6wzss,🏞️,park,want_to_go,Want to go,1mSquE0pnDeBv3otPCuMkxC6wzss,core,
Garden Hill Viewing Point,"SCAD Hong Kong, 292號 Tai Po Rd, Pak Tin",22.335487399999998,114.16369979999999,,https://www.google.com/maps?ftid=0x3404070af43d16e3:0x8bd120aa59f3242c,0x3404070af43d16e3:0x8bd120aa59f3242c,/g/11v5_bs8kz,Zach J.,Want to go,1mSquE0pnDeBv3otPCuMkxC6wzss,🏞️,park,want_to_go,Want to go,1mSquE0pnDeBv3otPCuMkxC6wzss,core,
Garfield Park Conservatory - Reservations Required,,41.8862729,-87.7172554,,https://www.google.com/maps?ftid=0x880e32b7f3180569:0xd2217483684883aa,0x880e32b7f3180569:0xd2217483684883aa,,Zach J.,Want to go,1mSquE0pnDeBv3otPCuMkxC6wzss,🏞️,park,want_to_go,Want to go,1mSquE0pnDeBv3otPCuMkxC6wzss,core,
Grand Teton National Park,,43.7904282,-110.6817627,,https://www.google.com/maps?ftid=0x5352519ec95d1ba9:0xa5a0b88ecc91a337,0x5352519ec95d1ba9:0xa5a0b88ecc91a337,,Zach J.,Want to go,1mSquE0pnDeBv3otPCuMkxC6wzss,🏞️,park,want_to_go,Want to go,1mSquE0pnDeBv3otPCuMkxC6wzss,core,
Gros Morne National Park Of Canada,Newfoundland and Labrador,49.652015,-57.755758,,https://www.google.com/maps?ftid=0x4b7945201ccf6bef:0x65756a633d913976,0x4b7945201ccf6bef:0x65756a633d913976,/m/0196rd,Zach J.,Want to go,1mSquE0pnDeBv3otPCuMkxC6wzss,🏞️,park,want_to_go,Want to go,1mSquE0pnDeBv3otPCuMkxC6wzss,core,
Gyeongju Bird Park,"Gyeongsangbuk-do, Gyeongju-si, 보문로 74-14",35.8495054,129.2615198,,https://www.google.com/maps?ftid=0x356652759817381f:0x92198be86a96c306,0x356652759817381f:0x92198be86a96c306,/g/11b5k769px,Zach J.,Want to go,1mSquE0pnDeBv3otPCuMkxC6wzss,🏞️,park,want_to_go,Want to go,1mSquE0pnDeBv3otPCuMkxC6wzss,core,
Jetty Park,"100 Jetty Park Rd, Port Canaveral, FL 32920, United States",28.406342,-80.590621,Watch a rocket.,https://www.google.com/maps?ftid=0x88e0a70048697d2d:0xc0acb77913ee7aaa,0x88e0a70048697d2d:0xc0acb77913ee7aaa,/g/11x2yh9_yh,Zach J.,Want to go,1mSquE0pnDeBv3otPCuMkxC6wzss,🏞️,park,want_to_go,Want to go,1mSquE0pnDeBv3otPCuMkxC6wzss,core,
Jordan Star National Park,Israel,32.595425999999996,35.521476,,https://www.google.com/maps?ftid=0x151c4329e5b286d5:0xce792c5437650c7e,0x151c4329e5b286d5:0xce792c5437650c7e,/m/04w63_,Zach J.,Want to go,1mSquE0pnDeBv3otPCuMkxC6wzss,🏞️,park,want_to_go,Want to go,1mSquE0pnDeBv3otPCuMkxC6wzss,core,
Kowloon Walled City Park,"Kowloon City, Hong Kong",22.3321296,114.19032849999999,,https://www.google.com/maps?ftid=0x3404072a1490a96b:0x780c2ce4eb360e9e,0x3404072a1490a96b:0x780c2ce4eb360e9e,/m/0130ml52,Zach J.,Want to go,1mSquE0pnDeBv3otPCuMkxC6wzss,🏞️,park,want_to_go,Want to go,1mSquE0pnDeBv3otPCuMkxC6wzss,core,
Liard River Hot Springs Provincial Park,"497 Alaska Hwy, Liard River, BC V0C 1Z0",59.425477099999995,-126.1026402,,https://www.google.com/maps?ftid=0x53e55d7967fd2629:0x7cd55d2fcc54c92d,0x53e55d7967fd2629:0x7cd55d2fcc54c92d,/m/0bhbw6,Zach J.,Want to go,1mSquE0pnDeBv3otPCuMkxC6wzss,🏞️,park,want_to_go,Want to go,1mSquE0pnDeBv3otPCuMkxC6wzss,core,
Montreal Botanical Garden,"4101 Sherbrooke St E, Montreal, Quebec H1X 2B2",45.5592018,-73.5576932,,https://www.google.com/maps?ftid=0x4cc91c095abe83c7:0x42a1be0259b47573,0x4cc91c095abe83c7:0x42a1be0259b47573,/m/02v_n7,Zach J.,Want to go,1mSquE0pnDeBv3otPCuMkxC6wzss,🏞️,park,want_to_go,Want to go,1mSquE0pnDeBv3otPCuMkxC6wzss,core,
Mundy Park Pool,,49.2576022,-122.83419339999999,,https://www.google.com/maps?ftid=0x5486788d94760eb5:0xec922e227f83f654,0x5486788d94760eb5:0xec922e227f83f654,,Zach J.,Want to go,1mSquE0pnDeBv3otPCuMkxC6wzss,🏞️,park,want_to_go,Want to go,1mSquE0pnDeBv3otPCuMkxC6wzss,core,
Nap York Sleep Station - Central Park 24/7,"940 8th Ave, New York, NY 10019, United States",40.7656652,-73.9832325,,https://www.google.com/maps?ftid=0x89c25973b6da0a5b:0x96887f0d045c2b8d,0x89c25973b6da0a5b:0x96887f0d045c2b8d,/g/11rb61cwtq,Zach J.,Want to go,1mSquE0pnDeBv3otPCuMkxC6wzss,🏞️,park,want_to_go,Want to go,1mSquE0pnDeBv3otPCuMkxC6wzss,core,
Riverfront Park Travel Apartments,"218 N Bernard St, Spokane, WA 99201, United States",47.6596992,-117.41563599999999,,https://www.google.com/maps?ftid=0x549e197da128411f:0x6e6a9560d7c0b0a0,0x549e197da128411f:0x6e6a9560d7c0b0a0,/g/11rx4lycn1,Zach J.,Want to go,1mSquE0pnDeBv3otPCuMkxC6wzss,🏞️,park,want_to_go,Want to go,1mSquE0pnDeBv3otPCuMkxC6wzss,core,
"Robin Williams Park Bench From ""Good Will Hunting""","13 Arlington St, Boston, MA 02116, United States",42.3544049,-71.0706381,,https://www.google.com/maps?ftid=0x89e37a757fe58e31:0x9d172fc42c71d1d3,0x89e37a757fe58e31:0x9d172fc42c71d1d3,/g/11cmcvcrs0,Zach J.,Want to go,1mSquE0pnDeBv3otPCuMkxC6wzss,🏞️,park,want_to_go,Want to go,1mSquE0pnDeBv3otPCuMkxC6wzss,core,
Sakuranoyama Park,,35.7760682,140.36347419999998,,https://www.google.com/maps?ftid=0x6022f4a7543a4fa7:0x819a471763f18701,0x6022f4a7543a4fa7:0x819a471763f18701,,Zach J.,Want to go,1mSquE0pnDeBv3otPCuMkxC6wzss,🏞️,park,want_to_go,Want to go,1mSquE0pnDeBv3otPCuMkxC6wzss,core,
Saratoga National Historical Park,"648 NY-32, Stillwater, NY 12170, United States",43.012128499999996,-73.648809,,https://www.google.com/maps?ftid=0x89de24d1d9bef9fb:0x4f4cbdcac0977219,0x89de24d1d9bef9fb:0x4f4cbdcac0977219,/m/073vc4,Zach J.,Want to go,1mSquE0pnDeBv3otPCuMkxC6wzss,🏞️,park,want_to_go,Want to go,1mSquE0pnDeBv3otPCuMkxC6wzss,core,
SCMaglev and Railway Park,,35.0491384,136.8509152,,https://www.google.com/maps?ftid=0x600378cf145b6ef5:0x4ce8b46a9c94b392,0x600378cf145b6ef5:0x4ce8b46a9c94b392,,Zach J.,Want to go,1mSquE0pnDeBv3otPCuMkxC6wzss,🏞️,park,want_to_go,Want to go,1mSquE0pnDeBv3otPCuMkxC6wzss,core,
Sempione Park,,45.4720981,9.177224299999999,Running Area,https://www.google.com/maps?ftid=0x4786c148ade54659:0xb8bbdd2120f993b6,0x4786c148ade54659:0xb8bbdd2120f993b6,,Zach J.,Want to go,1mSquE0pnDeBv3otPCuMkxC6wzss,🏞️,park,want_to_go,Want to go,1mSquE0pnDeBv3otPCuMkxC6wzss,core,
St. Thomas Elevated Park,,42.7780316,-81.2081188,,https://www.google.com/maps?ftid=0x882e5e8b4148baed:0x9b6eeef219091dfe,0x882e5e8b4148baed:0x9b6eeef219091dfe,,Zach J.,Want to go,1mSquE0pnDeBv3otPCuMkxC6wzss,🏞️,park,want_to_go,Want to go,1mSquE0pnDeBv3otPCuMkxC6wzss,core,
UNIQLO Covent Garden,,51.512226299999995,-0.1256111,,https://www.google.com/maps?ftid=0x4876054e939582a5:0x82a5544faf76c1b9,0x4876054e939582a5:0x82a5544faf76c1b9,,Zach J.,Want to go,1mSquE0pnDeBv3otPCuMkxC6wzss,🏞️,park,want_to_go,Want to go,1mSquE0pnDeBv3otPCuMkxC6wzss,core,
VanDusen Botanical Garden,"5251 Oak St, Vancouver, BC V6M 4H1",49.239568999999996,-123.13254049999999,,https://www.google.com/maps?ftid=0x5486738678c76dc1:0x88c158f58601257,0x5486738678c76dc1:0x88c158f58601257,/m/04y3lh,Zach J.,Want to go,1mSquE0pnDeBv3otPCuMkxC6wzss,🏞️,park,want_to_go,Want to go,1mSquE0pnDeBv3otPCuMkxC6wzss,core,
White Sands National Park,,32.7872403,-106.3256816,,https://www.google.com/maps?ftid=0x86e06303071072f3:0x36d1188767bf20c3,0x86e06303071072f3:0x36d1188767bf20c3,,Zach J.,Want to go,1mSquE0pnDeBv3otPCuMkxC6wzss,🏞️,park,want_to_go,Want to go,1mSquE0pnDeBv3otPCuMkxC6wzss,core,
Whittemore Park,"Massachusetts Ave &, Mystic St, Arlington, MA 02476, United States",42.4155904,-71.15256459999999,,https://www.google.com/maps?ftid=0x89e3772b7047cee7:0xe0896bebf4ac0d38,0x89e3772b7047cee7:0xe0896bebf4ac0d38,/g/11gmdmtgsx,Zach J.,Want to go,1mSquE0pnDeBv3otPCuMkxC6wzss,🏞️,park,want_to_go,Want to go,1mSquE0pnDeBv3otPCuMkxC6wzss,core,
Xenses Park | por Xcaret,"Carretera Chetumal - Puerto Juárez km 282 MZA 021 Lote 062 Colonia Xcaret, 77710 Playa del Carmen, Q.R., Mexico",20.5850917,-87.1258778,,https://www.google.com/maps?ftid=0x8f4e440c46fe4a63:0x73d2305acc171ff4,0x8f4e440c46fe4a63:0x73d2305acc171ff4,/g/11b_24zvbg,Zach J.,Want to go,1mSquE0pnDeBv3otPCuMkxC6wzss,🏞️,park,want_to_go,Want to go,1mSquE0pnDeBv3otPCuMkxC6wzss,core,
Yellowstone National Park,United States,44.597918199999995,-110.56124899999999,,https://www.google.com/maps?ftid=0x5351e55555555555:0xaca8f930348fe1bb,0x5351e55555555555:0xaca8f930348fe1bb,/m/08874,Zach J.,Want to go,1mSquE0pnDeBv3otPCuMkxC6wzss,🏞️,park,want_to_go,Want to go,1mSquE0pnDeBv3otPCuMkxC6wzss,core,
Fun Spot America Theme Parks — Atlanta,"1675 GA-85, Fayetteville, GA 30214, United States",33.496343599999996,-84.42800729999999,,https://www.google.com/maps?ftid=0x88f4faa8bb74e2e7:0x59531b2798a07708,0x88f4faa8bb74e2e7:0x59531b2798a07708,/g/1tjrqtj2,Zach J.,Want to go,1mSquE0pnDeBv3otPCuMkxC6wzss,🎢,theme_park,want_to_go,Want to go,1mSquE0pnDeBv3otPCuMkxC6wzss,core,
Akiba Kart Shibuya,"4 Chome-12-1 Higashi, Shibuya City, Tokyo 150-0011, Japan",35.654761199999996,139.7135509,"Mario kart, requires international drivers license",https://www.google.com/maps?ftid=0x60188b00a901b2c5:0xa43054963b347d13,0x60188b00a901b2c5:0xa43054963b347d13,/g/11y4bc760h,Zach J.,Japan Places,4MFKvfwkuooLXdFwzLh7bJlLOhg8-A,🧗,activity,visited,Japan Places,4MFKvfwkuooLXdFwzLh7bJlLOhg8-A,vibe,
Arch Climbing Wall: Building One +,,51.493463899999995,-0.0608788,,https://www.google.com/maps?ftid=0x48760317c6c17e39:0xd83753afc423f342,0x48760317c6c17e39:0xd83753afc423f342,,Zach J.,London (The British One),Dc1pjbzURxS4lLc15TJmfg,🧗,activity,visited,London (The British One),Dc1pjbzURxS4lLc15TJmfg,vibe,
Basecamp Climbing Bloor West,"677 Bloor St W, Toronto, ON M6G 1L3",43.663863,-79.41654559999999,,https://www.google.com/maps?ftid=0x882b348d04f133bb:0x84daf78fe31c779d,0x882b348d04f133bb:0x84daf78fe31c779d,/g/11bt_jxf1x,Zach J.,Churono,_Goa88wVSLuG5ntawKc2cw,🧗,activity,visited,Churono,_Goa88wVSLuG5ntawKc2cw,vibe,
Basecamp Climbing Queen West,"186 Spadina Ave. Unit 1A, Toronto, ON M5T 3B2",43.6497118,-79.3976886,,https://www.google.com/maps?ftid=0x882b3502a51628e5:0x592ed3964b780e04,0x882b3502a51628e5:0x592ed3964b780e04,/g/11jqby3f7r,Zach J.,Churono,_Goa88wVSLuG5ntawKc2cw,🧗,activity,visited,Churono,_Goa88wVSLuG5ntawKc2cw,vibe,
Bouldering Project,"1611 Eckington Pl NE #150, Washington, DC 20002, United States",38.911598399999995,-77.0039973,,https://www.google.com/maps?ftid=0x89b7b91183aa4fad:0x5ca9b1b8b2b93c84,0x89b7b91183aa4fad:0x5ca9b1b8b2b93c84,/g/11rb_w6pmm,Zach J.,Washington DC Places,LcNB3Ku1niTAsy0qH-HKT1v9d_odjw,🧗,activity,visited,Washington DC Places,LcNB3Ku1niTAsy0qH-HKT1v9d_odjw,vibe,
Boulderz Toronto Climbing Centre,"1444, 16 Dupont St #16, Toronto, ON M6P 4H3",43.6670036,-79.44940009999999,,https://www.google.com/maps?ftid=0x882b341518526473:0x23e21398b7701cf1,0x882b341518526473:0x23e21398b7701cf1,/g/1tdg8ffy,Zach J.,Churono,_Goa88wVSLuG5ntawKc2cw,🧗,activity,visited,Churono,_Goa88wVSLuG5ntawKc2cw,vibe,
Ever Free Climbing Gym,,35.6864955,139.7268894,,https://www.google.com/maps?ftid=0x60188d333f874db5:0x62c15b4ba07f0867,0x60188d333f874db5:0x62c15b4ba07f0867,,Zach J.,Japan Places,4MFKvfwkuooLXdFwzLh7bJlLOhg8-A,🧗,activity,visited,Japan Places,4MFKvfwkuooLXdFwzLh7bJlLOhg8-A,vibe,
Ground Up Climbing Centre,,49.7238152,-123.1528082,,https://www.google.com/maps?ftid=0x5486f853ffc30081:0xaf20205c225bfd8e,0x5486f853ffc30081:0xaf20205c225bfd8e,,Zach J.,BC Places,J-HTPTrrRB2hdSQ_jx2gvA,🧗,activity,visited,BC Places,J-HTPTrrRB2hdSQ_jx2gvA,vibe,
Joe Rockhead's Indoor Rock Climbing,"29 Fraser Ave, Toronto, ON M6K 3J9",43.6363316,-79.4234524,,https://www.google.com/maps?ftid=0x882b350650c7e859:0xc1b72a5f2f10451d,0x882b350650c7e859:0xc1b72a5f2f10451d,/g/1trplv8s,Zach J.,Churono,_Goa88wVSLuG5ntawKc2cw,🧗,activity,visited,Churono,_Goa88wVSLuG5ntawKc2cw,vibe,
Larnaca Olympic Shooting Range,"Larnaka, Klavdia, Cyprus",34.8814735,33.5359306,,https://www.google.com/maps?ftid=0x14e09c04fbb4afcd:0x6ad418f82f88009e,0x14e09c04fbb4afcd:0x6ad418f82f88009e,/g/11csp8yjb1,Zach J.,Cyprus Places,op1yFHMtopjnsWL6BEbTl-cVqS5sDg,🧗,activity,visited,Cyprus Places,op1yFHMtopjnsWL6BEbTl-cVqS5sDg,vibe,
Mile End Climbing Wall,,51.527699,-0.0398529,,https://www.google.com/maps?ftid=0x48761d25cb1841f9:0x945fadaac2f92c47,0x48761d25cb1841f9:0x945fadaac2f92c47,,Zach J.,London (The British One),Dc1pjbzURxS4lLc15TJmfg,🧗,activity,visited,London (The British One),Dc1pjbzURxS4lLc15TJmfg,vibe,
OSO Climbing Gyms,"1330 Conant St, Dallas, TX 75207, United States",32.8001547,-96.83738179999999,,https://www.google.com/maps?ftid=0x864e9b9f398c9323:0x4bf6d2f17e1174bb,0x864e9b9f398c9323:0x4bf6d2f17e1174bb,/g/11h_1qry1q,Zach J.,Texas,1S_gekS-v4RZuZLaRNwLRkv_EUSNYw,🧗,activity,visited,Texas,1S_gekS-v4RZuZLaRNwLRkv_EUSNYw,vibe,
Pinball Hall of Fame,,36.084789,-115.1711127,,https://www.google.com/maps?ftid=0x80c8c50ff1d511e3:0x1672bbebe597c4c3,0x80c8c50ff1d511e3:0x1672bbebe597c4c3,,Zach J.,Las Vegas & Beyond,s8jsj3Ck0g54qiNSl6LBxHqr130VlA,🧗,activity,visited,Las Vegas & Beyond,s8jsj3Ck0g54qiNSl6LBxHqr130VlA,vibe,
Rock On Climbing,"474 Front St E Unit 4, Toronto, ON M5A 0E6",43.653610099999995,-79.3551623,,https://www.google.com/maps?ftid=0x89d4cb16bfd957b9:0xdcf5d87407f5a31d,0x89d4cb16bfd957b9:0xdcf5d87407f5a31d,/g/11jb5hmmrz,Zach J.,Churono,_Goa88wVSLuG5ntawKc2cw,🧗,activity,visited,Churono,_Goa88wVSLuG5ntawKc2cw,vibe,
"Seattle Bouldering Project, Poplar","900 Poplar Pl S, Seattle, WA 98144, United States",47.593468699999995,-122.31094639999999,,https://www.google.com/maps?ftid=0x54906a94784bad57:0xcb96c8b95f9ea169,0x54906a94784bad57:0xcb96c8b95f9ea169,/g/1tjdr0qb,Zach J.,Washington Places,WfdnMC3zRI3sfjHBnm_HrYeScehYSA,🧗,activity,visited,Washington Places,WfdnMC3zRI3sfjHBnm_HrYeScehYSA,vibe,
Sharma Climbing Barcelona,"C. del Marroc, 204, 08019 Barcelona, Spain",41.4156562,2.2104632,,https://www.google.com/maps?ftid=0x12a4a34c3b33a4ab:0x9b61631a08789ab4,0x12a4a34c3b33a4ab:0x9b61631a08789ab4,/g/11c3tqv7g_,Zach J.,Spain,9OTD759Vy7eRxRIn4AOrt-0eFJ0TtA,🧗,activity,visited,Spain,9OTD759Vy7eRxRIn4AOrt-0eFJ0TtA,vibe,
The Hive Bouldering Gym,,49.2688494,-123.0926745,,https://www.google.com/maps?ftid=0x5486715d8687276f:0xf5d48be5b598d087,0x5486715d8687276f:0xf5d48be5b598d087,,Zach J.,BC Places,J-HTPTrrRB2hdSQ_jx2gvA,🧗,activity,visited,BC Places,J-HTPTrrRB2hdSQ_jx2gvA,vibe,
The Rock Oasis Inc.,"388 Carlaw Ave Suite 204, Toronto, ON M4M 2T4",43.665821099999995,-79.34294059999999,,https://www.google.com/maps?ftid=0x89d4cb7a492d940b:0x1bc0975e5c741186,0x89d4cb7a492d940b:0x1bc0975e5c741186,/g/11bc73ry3f,Zach J.,Churono,_Goa88wVSLuG5ntawKc2cw,🧗,activity,visited,Churono,_Goa88wVSLuG5ntawKc2cw,vibe,
Toronto Climbing Academy,"11 Curity Ave Unit 3, Toronto, ON M4B 1X4",43.7091992,-79.3148255,,https://www.google.com/maps?ftid=0x89d4cb6c5442c17f:0xa859213f55a68efa,0x89d4cb6c5442c17f:0xa859213f55a68efa,/g/1tf03gf1,Zach J.,Churono,_Goa88wVSLuG5ntawKc2cw,🧗,activity,visited,Churono,_Goa88wVSLuG5ntawKc2cw,vibe,
VanCity Pinball & Arcade,"1739 Venables St, Vancouver, BC V5L 2H3",49.2768904,-123.0699082,,https://www.google.com/maps?ftid=0x54867150658da647:0xe028856dddf724ea,0x54867150658da647:0xe028856dddf724ea,/g/11n43wqyqm,Zach J.,BC Places,J-HTPTrrRB2hdSQ_jx2gvA,🧗,activity,visited,BC Places,J-HTPTrrRB2hdSQ_jx2gvA,vibe,
VauxWall East Climbing Centre,,51.4923431,-0.11460139999999999,,https://www.google.com/maps?ftid=0x487604950a65de43:0x8c6a33b65c8e452,0x487604950a65de43:0x8c6a33b65c8e452,,Zach J.,London (The British One),Dc1pjbzURxS4lLc15TJmfg,🧗,activity,visited,London (The British One),Dc1pjbzURxS4lLc15TJmfg,vibe,
VauxWall West Climbing Centre,,51.4850606,-0.1228006,,https://www.google.com/maps?ftid=0x487604eddc16ae99:0x9dc94a5b1285be0a,0x487604eddc16ae99:0x9dc94a5b1285be0a,,Zach J.,London (The British One),Dc1pjbzURxS4lLc15TJmfg,🧗,activity,visited,London (The British One),Dc1pjbzURxS4lLc15TJmfg,vibe,
Absinthe Bar „Die Grüne Fee“,"4500, Kronengasse 11, 4500 Solothurn, Switzerland",47.207463,7.5388182,,https://www.google.com/maps?ftid=0x4791d7f96b1660af:0xe431605db2434a95,0x4791d7f96b1660af:0xe431605db2434a95,/g/1tznl8p4,Zach J.,Switzerland Places,OvARGjqcJqUpQGyHwNiftD3eqtby6g,🍺,bar,visited,Switzerland Places,OvARGjqcJqUpQGyHwNiftD3eqtby6g,vibe,
Adhere The 13th Blue Bar,"13 Samsen Rd, Wat Sam Phraya, Phra Nakhon, Bangkok 10200",13.7630713,100.4986782,,https://www.google.com/maps?ftid=0x30e2996c4abc0f05:0x139bc3c77bd9d2f4,0x30e2996c4abc0f05:0x139bc3c77bd9d2f4,/g/1ptwjwd4r,Zach J.,Thailand Places,8ZLYjtP28NdeHaxAFNWuqLewhbemIw,🍺,bar,visited,Thailand Places,8ZLYjtP28NdeHaxAFNWuqLewhbemIw,vibe,
Alchemist Bar,"Shota Rustaveli St, 12, Kyiv, Ukraine, 02000",50.4395429,30.5209299,,https://www.google.com/maps?ftid=0x40d4cefe55d68037:0x8ce3bd1856510bfd,0x40d4cefe55d68037:0x8ce3bd1856510bfd,/g/11b8_kfhhj,Zach J.,Ukraine Places,rtZlzg3DJ3HuV0pqVKIPqr7kz2er6A,🍺,bar,visited,Ukraine Places,rtZlzg3DJ3HuV0pqVKIPqr7kz2er6A,vibe,
"Arcade Bar Haggis & Whisky House, celebrating 20 years of serving The Best 
Haggis in Town!","48 Cockburn St, Jackson's Cl, Edinburgh EH1 1PB, United Kingdom",55.950480799999994,-3.1888549,,https://www.google.com/maps?ftid=0x4887c78f87bdef2b:0x169d0484e12a890d,0x4887c78f87bdef2b:0x169d0484e12a890d,/g/1thw1qx0,Zach J.,Land of Scots,nrpv0PI_5p-7UBIdU0S_VRRVZzdshQ,🍺,bar,visited,Land of Scots,nrpv0PI_5p-7UBIdU0S_VRRVZzdshQ,vibe,
Artful Dodger Pub,"10 Isabella St, Toronto, ON M4Y 1N1, Canada",43.6678746,-79.3851322,Reddit meetup every second Saturday,https://www.google.com/maps?ftid=0x882b34b210187e35:0xb55389f50921b153,0x882b34b210187e35:0xb55389f50921b153,,Zach J.,Churono,_Goa88wVSLuG5ntawKc2cw,🍺,bar,visited,Churono,_Goa88wVSLuG5ntawKc2cw,vibe,
Bar 404,,43.6468626,-79.38971049999999,,https://www.google.com/maps?ftid=0x882b352da99d7c7b:0x3ac858aaf009a2e6,0x882b352da99d7c7b:0x3ac858aaf009a2e6,,Zach J.,Churono,_Goa88wVSLuG5ntawKc2cw,🍺,bar,visited,Churono,_Goa88wVSLuG5ntawKc2cw,vibe,
Bar Blackon バー ブラコン 黒紺 (R&B/SLOWJAM/ソウル/DJバー),,34.6681142,135.50477379999998,"Amazing bar to check out in Osaka, only big enough for five people.",https://www.google.com/maps?ftid=0x6000e75c6d9409e5:0x27169d33e653f456,0x6000e75c6d9409e5:0x27169d33e653f456,,Zach J.,Japan Places,4MFKvfwkuooLXdFwzLh7bJlLOhg8-A,🍺,bar,visited,Japan Places,4MFKvfwkuooLXdFwzLh7bJlLOhg8-A,vibe,
BAR G.O.A.T.,"1 Chome-19-11 Nishishinjuku, Shinjuku City, Tokyo 160-0023, Japan",35.6882728,139.6967015,"Great bar. Karaoke, local spot.",https://www.google.com/maps?ftid=0x60188db9d95deee9:0xaa5af0e268a8c74d,0x60188db9d95deee9:0xaa5af0e268a8c74d,/g/11tmzb2bh7,Zach J.,Japan Places,4MFKvfwkuooLXdFwzLh7bJlLOhg8-A,🍺,bar,visited,Japan Places,4MFKvfwkuooLXdFwzLh7bJlLOhg8-A,vibe,
Bar Hemingway,"15 Pl. Vendôme, 75001 Paris, France",48.868806299999996,2.3276317,,https://www.google.com/maps?ftid=0x47e66e31f5b37bf7:0xd2dd4f7b6338c773,0x47e66e31f5b37bf7:0xd2dd4f7b6338c773,/g/11gzt81y4,Zach J.,France,1a9PFoaE6QmGPm2JEsIX4DjQqMe7dQ,🍺,bar,visited,France,1a9PFoaE6QmGPm2JEsIX4DjQqMe7dQ,vibe,
Bar Oviso,"Carrer de n'Arai, 5, 08002 Barcelona, Spain",41.3807007,2.1771238,,https://www.google.com/maps?ftid=0x12a4a2562a63c5f5:0x36aa0cb994f583dd,0x12a4a2562a63c5f5:0x36aa0cb994f583dd,/g/119w5jgzt,Zach J.,Spain,9OTD759Vy7eRxRIn4AOrt-0eFJ0TtA,🍺,bar,visited,Spain,9OTD759Vy7eRxRIn4AOrt-0eFJ0TtA,vibe,
Bar Poet,"1090 Queen St W, Toronto, ON M6J 1H7",43.6437202,-79.42232659999999,,https://www.google.com/maps?ftid=0x882b358917bdb27d:0xcf5d5454e29d53ca,0x882b358917bdb27d:0xcf5d5454e29d53ca,/g/11h4gmvh9q,Zach J.,Churono,_Goa88wVSLuG5ntawKc2cw,🍺,bar,visited,Churono,_Goa88wVSLuG5ntawKc2cw,vibe,
Bar Volo,"17 St Nicholas St, Toronto, ON M4Y 1W5, Canada",43.665601099999996,-79.38557209999999,Small cozy bar,https://www.google.com/maps?ftid=0x882b35f9c15673cb:0x28ad11ca8cde5312,0x882b35f9c15673cb:0x28ad11ca8cde5312,/g/11fm485jrp,Zach J.,Churono,_Goa88wVSLuG5ntawKc2cw,🍺,bar,visited,Churono,_Goa88wVSLuG5ntawKc2cw,vibe,
BARBOSA Bar & Kitchen,,37.101991999999996,-8.6738271,,https://www.google.com/maps?ftid=0xd1b31ce87999989:0x7790459d264a1541,0xd1b31ce87999989:0x7790459d264a1541,,Zach J.,Portugal Places,PJetNvIfkAY8zDHfGEEQlDLG4G2qyg,🍺,bar,visited,Portugal Places,PJetNvIfkAY8zDHfGEEQlDLG4G2qyg,vibe,
Barcelona Bar,"923 8th Ave, New York, NY 10019, United States",40.7653306,-73.9841508,,https://www.google.com/maps?ftid=0x89c258581c52eeb5:0x838dac7398159d57,0x89c258581c52eeb5:0x838dac7398159d57,/g/1td5s5kg,Zach J.,"New York, New York",m7FS_hkzSJJEPgD5o0716tZ4PbE9XQ,🍺,bar,visited,"New York, New York",m7FS_hkzSJJEPgD5o0716tZ4PbE9XQ,vibe,
Bayside Lounge,"1755 Davie St, Vancouver, BC V6G 1W5",49.2872512,-123.14139999999999,Nice place for a beer and a sunset.,https://www.google.com/maps?ftid=0x5486722f4ab0ac8f:0x1c35d89429dccd7a,0x5486722f4ab0ac8f:0x1c35d89429dccd7a,/g/12q4y66fm,Zach J.,BC Places,J-HTPTrrRB2hdSQ_jx2gvA,🍺,bar,visited,BC Places,J-HTPTrrRB2hdSQ_jx2gvA,vibe,
Bull Pub Kraków,"Mikołajska 2, 31-027 Kraków, Poland",50.0617139,19.9406611,,https://www.google.com/maps?ftid=0x47165b118e115a05:0xed182a24bf7a50ef,0x47165b118e115a05:0xed182a24bf7a50ef,/g/1tk4pwzp,Zach J.,Poland Places,rJiYI8AwTOeCZ372vYFwILDmTQWZ1w,🍺,bar,visited,Poland Places,rJiYI8AwTOeCZ372vYFwILDmTQWZ1w,vibe,
Carbon Bar,"99 Queen St E, Toronto, ON M5C 1S1, Canada",43.653190099999996,-79.37479809999999,,https://www.google.com/maps?ftid=0x882b34cc527aa1bf:0xb2737c903b4dd42,0x882b34cc527aa1bf:0xb2737c903b4dd42,,Zach J.,Churono,_Goa88wVSLuG5ntawKc2cw,🍺,bar,visited,Churono,_Goa88wVSLuG5ntawKc2cw,vibe,
COCORO DOKORO (shibuya music bar),"Japan, 〒150-0042 Tokyo, Shibuya City, Udagawacho, 10−1, Park Bldg., 3F",35.6624811,139.6969814,,https://www.google.com/maps?ftid=0x60188ca94e710061:0xaaa1b5c22d19ddd3,0x60188ca94e710061:0xaaa1b5c22d19ddd3,/g/1thq0q2f,Zach J.,Japan Places,4MFKvfwkuooLXdFwzLh7bJlLOhg8-A,🍺,bar,visited,Japan Places,4MFKvfwkuooLXdFwzLh7bJlLOhg8-A,vibe,
Coctail Bar Max & Dom Whisky,"Nowy Świat 32, 00-373 Warszawa, Poland",52.2335747,21.019545,,https://www.google.com/maps?ftid=0x471eccf67f2a346d:0xf449b9464677f19f,0x471eccf67f2a346d:0xf449b9464677f19f,/g/11f2wq0dy4,Zach J.,Poland Places,rJiYI8AwTOeCZ372vYFwILDmTQWZ1w,🍺,bar,visited,Poland Places,rJiYI8AwTOeCZ372vYFwILDmTQWZ1w,vibe,
Crosstown Coffee Bar,"187 Highbourne Rd, Toronto, ON M5P 2J8, Canada",43.7045037,-79.4071104,,https://www.google.com/maps?ftid=0x882b3316bdfaff9f:0x1ab426a54ec5525b,0x882b3316bdfaff9f:0x1ab426a54ec5525b,/g/11bc7nkx_z,Zach J.,Churono,_Goa88wVSLuG5ntawKc2cw,🍺,bar,visited,Churono,_Goa88wVSLuG5ntawKc2cw,vibe,
Czeczotka bar,"Świętej Anny 2, 31-008 Kraków, Poland",50.0613526,19.9353136,,https://www.google.com/maps?ftid=0x47165b0dc49404e5:0x677409dd9059e9a9,0x47165b0dc49404e5:0x677409dd9059e9a9,/g/11f0wh9z1h,Zach J.,Poland Places,rJiYI8AwTOeCZ372vYFwILDmTQWZ1w,🍺,bar,visited,Poland Places,rJiYI8AwTOeCZ372vYFwILDmTQWZ1w,vibe,
Czupito Shot Bar,"Mazowiecka 9, 05-077 Warszawa, Poland",52.237069399999996,21.013038899999998,Lots of shots.,https://www.google.com/maps?ftid=0x471ecc6001d5e2f9:0xcfaf4d30e786843,0x471ecc6001d5e2f9:0xcfaf4d30e786843,/g/11bxfwnd1t,Zach J.,Poland Places,rJiYI8AwTOeCZ372vYFwILDmTQWZ1w,🍺,bar,visited,Poland Places,rJiYI8AwTOeCZ372vYFwILDmTQWZ1w,vibe,
DC Comedy Loft and Bier Baron Tavern,"1523 22nd St NW, Washington, DC 20037, United States",38.9103366,-77.0486366,,https://www.google.com/maps?ftid=0x89b7b7c90823645b:0x3815fdd1dab1417e,0x89b7b7c90823645b:0x3815fdd1dab1417e,/g/1ptwm43l1,Zach J.,Washington DC Places,LcNB3Ku1niTAsy0qH-HKT1v9d_odjw,🍺,bar,visited,Washington DC Places,LcNB3Ku1niTAsy0qH-HKT1v9d_odjw,vibe,
Donut Bar,,36.1678079,-115.1404668,,https://www.google.com/maps?ftid=0x80c8c3759a6ad9c1:0xa267ec68d5dac5f9,0x80c8c3759a6ad9c1:0xa267ec68d5dac5f9,,Zach J.,Las Vegas & Beyond,s8jsj3Ck0g54qiNSl6LBxHqr130VlA,🍺,bar,visited,Las Vegas & Beyond,s8jsj3Ck0g54qiNSl6LBxHqr130VlA,vibe,
Dry Bar Comedy,"295 W Center St, Provo, UT 84601, United States",40.2335494,-111.6638229,LDS/Mormon Comedy,https://www.google.com/maps?ftid=0x874d975519b2b16b:0x6a57609b621a7220,0x874d975519b2b16b:0x6a57609b621a7220,/g/11c30q11sc,Zach J.,Utah Places,yxf29Fw1SnujpoH_zKcqAA,🍺,bar,visited,Utah Places,yxf29Fw1SnujpoH_zKcqAA,vibe,
Dylan's Candy Bar,,40.7622095,-73.9658384,Famous candy place.,https://www.google.com/maps?ftid=0x89c258e5f97bd37d:0xeef57d32ae8f2d52,0x89c258e5f97bd37d:0xeef57d32ae8f2d52,,Zach J.,"New York, New York",m7FS_hkzSJJEPgD5o0716tZ4PbE9XQ,🍺,bar,visited,"New York, New York",m7FS_hkzSJJEPgD5o0716tZ4PbE9XQ,vibe,
EDY’S BAR,"2 Chome Kabukicho, Shinjuku City, Tokyo 160-0021, Japan",35.6976134,139.7027414,"Great bar, run by a cool dude.",https://www.google.com/maps?ftid=0x60188d453b849a2d:0x9b13355d1c21ecfe,0x60188d453b849a2d:0x9b13355d1c21ecfe,/g/11t0m90hc0,Zach J.,Japan Places,4MFKvfwkuooLXdFwzLh7bJlLOhg8-A,🍺,bar,visited,Japan Places,4MFKvfwkuooLXdFwzLh7bJlLOhg8-A,vibe,
Floris Bar,,50.8484535,4.3541487,,https://www.google.com/maps?ftid=0x47c3c38098298d73:0x4f98435cce127684,0x47c3c38098298d73:0x4f98435cce127684,,Zach J.,Belgium Places,XyATa3gcf-ULckrVtuXlIrtbkHutzw,🍺,bar,visited,Belgium Places,XyATa3gcf-ULckrVtuXlIrtbkHutzw,vibe,
For Sale Pub,"Budapest, Vámház krt. 2, 1053 Hungary",47.4875581,19.0581389,,https://www.google.com/maps?ftid=0x4741dd0053e85ff1:0x4136b0d8653e0c64,0x4741dd0053e85ff1:0x4136b0d8653e0c64,/g/11mcjc6bjp,Zach J.,Hungary Places,1a46QBe0HWmKrjJYm4D9EROGYD6JOw,🍺,bar,visited,Hungary Places,1a46QBe0HWmKrjJYm4D9EROGYD6JOw,vibe,
Foy's Irish Bar & Grill,"395 Kingsway, Vancouver, BC V5T 4W1",49.2603959,-123.096679,,https://www.google.com/maps?ftid=0x5486734f349e4383:0xd905034edfc91282,0x5486734f349e4383:0xd905034edfc91282,/g/11vbl86jfm,Zach J.,BC Places,J-HTPTrrRB2hdSQ_jx2gvA,🍺,bar,visited,BC Places,J-HTPTrrRB2hdSQ_jx2gvA,vibe,
Fran's Restaurant and Bar,,43.6614536,-79.3840553,"Classic TO diner, open late.",https://www.google.com/maps?ftid=0x882b34b5b33221fd:0x61a6eba0e5814fbe,0x882b34b5b33221fd:0x61a6eba0e5814fbe,,Zach J.,Churono,_Goa88wVSLuG5ntawKc2cw,🍺,bar,visited,Churono,_Goa88wVSLuG5ntawKc2cw,vibe,
Funhouse Lounge,"2432 SE 11th Ave, Portland, OR 97214, United States",45.5052409,-122.6544701,Comedy theatre and bar.,https://www.google.com/maps?ftid=0x54950a773b360719:0x1bb0d6391f8c51e0,0x54950a773b360719:0x1bb0d6391f8c51e0,/g/1hc6p6lbz,Zach J.,O-re-going Places,uPOFXqj2oXs8EjysOzM2PTCFTrpdog,🍺,bar,visited,O-re-going Places,uPOFXqj2oXs8EjysOzM2PTCFTrpdog,vibe,
Garage Sports Bar,"250 6 Ave SW #181, Calgary, AB T2P 3H7",51.0477832,-114.0674208,,https://www.google.com/maps?ftid=0x53716ffa3d1d5219:0x640867a6c13761d4,0x53716ffa3d1d5219:0x640867a6c13761d4,/g/1tg5z9g5,Zach J.,Alberta Places,3C2H3oIS4n013AChLgQc_odlaarv0A,🍺,bar,visited,Alberta Places,3C2H3oIS4n013AChLgQc_odlaarv0A,vibe,
GoodSpirit Whisky & Cocktail Bar,"Budapest, Veres Pálné u. 7, 1053 Hungary",47.490903499999995,19.056193699999998,,https://www.google.com/maps?ftid=0x4741dc4451ddb5c1:0xe224db632ae2f7e8,0x4741dc4451ddb5c1:0xe224db632ae2f7e8,/g/11cs32n990,Zach J.,Hungary Places,1a46QBe0HWmKrjJYm4D9EROGYD6JOw,🍺,bar,visited,Hungary Places,1a46QBe0HWmKrjJYm4D9EROGYD6JOw,vibe,
Greta Bar,"213 10 Ave SW, Calgary, AB T2R 0A4",51.043206899999994,-114.0666787,,https://www.google.com/maps?ftid=0x537171513b23776b:0x8dc2355302f3ded4,0x537171513b23776b:0x8dc2355302f3ded4,/g/11gsb9fn7q,Zach J.,Alberta Places,3C2H3oIS4n013AChLgQc_odlaarv0A,🍺,bar,visited,Alberta Places,3C2H3oIS4n013AChLgQc_odlaarv0A,vibe,
GRETA Bar YVR,"50 W Cordova St, Vancouver, BC V6B 1C8",49.282640699999995,-123.1057663,,https://www.google.com/maps?ftid=0x548671e27920e9cd:0x8af02a1e5bfa7fd9,0x548671e27920e9cd:0x8af02a1e5bfa7fd9,/g/11q9g9hjgg,Zach J.,BC Places,J-HTPTrrRB2hdSQ_jx2gvA,🍺,bar,visited,BC Places,J-HTPTrrRB2hdSQ_jx2gvA,vibe,
Ground Kontrol Classic Arcade and Bar,"115 NW 5th Ave, Portland, OR 97209, United States",45.5240953,-122.67565219999999,Classic arcade and games.,https://www.google.com/maps?ftid=0x54950a0121848fe7:0x87a8eff07e9b64c0,0x54950a0121848fe7:0x87a8eff07e9b64c0,/m/02q0jhf,Zach J.,O-re-going Places,uPOFXqj2oXs8EjysOzM2PTCFTrpdog,🍺,bar,visited,O-re-going Places,uPOFXqj2oXs8EjysOzM2PTCFTrpdog,vibe,
Harry's New York Bar,"5 Rue Daunou, 75002 Paris, France",48.8692375,2.3321273,,https://www.google.com/maps?ftid=0x47e66e30f9a044bb:0x2cff382141df8050,0x47e66e30f9a044bb:0x2cff382141df8050,/m/0b4pss,Zach J.,France,1a9PFoaE6QmGPm2JEsIX4DjQqMe7dQ,🍺,bar,visited,France,1a9PFoaE6QmGPm2JEsIX4DjQqMe7dQ,vibe,
Her Father's Cider Bar + Kitchen,,43.662406499999996,-79.4046235,,https://www.google.com/maps?ftid=0x882b3495121e3731:0x9b95533fca52f565,0x882b3495121e3731:0x9b95533fca52f565,,Zach J.,Churono,_Goa88wVSLuG5ntawKc2cw,🍺,bar,visited,Churono,_Goa88wVSLuG5ntawKc2cw,vibe,
Hudsons Canada's Pub,"1201 5 St SW, Calgary, AB T2R 0Y6",51.0415662,-114.0744271,,https://www.google.com/maps?ftid=0x5371701df639f54b:0xc07dfa56ccd9acb4,0x5371701df639f54b:0xc07dfa56ccd9acb4,/g/12hpnpfy2,Zach J.,Alberta Places,3C2H3oIS4n013AChLgQc_odlaarv0A,🍺,bar,visited,Alberta Places,3C2H3oIS4n013AChLgQc_odlaarv0A,vibe,
Hustlers Pool and Sports Bar,"Times Square Building B2-2A ซอย 14 Suk Chai Alley, Khlong Toei, Bangkok 10110",13.737776199999999,100.5587671,Staff will play with ya if you go alone.,https://www.google.com/maps?ftid=0x30e29ee3eabb4b35:0x8d73b75462c418a8,0x30e29ee3eabb4b35:0x8d73b75462c418a8,/g/1hf2__wkq,Zach J.,Thailand Places,8ZLYjtP28NdeHaxAFNWuqLewhbemIw,🍺,bar,visited,Thailand Places,8ZLYjtP28NdeHaxAFNWuqLewhbemIw,vibe,
Imperial Pub,,43.6562556,-79.3787739,,https://www.google.com/maps?ftid=0x0:0x5f51dff2c55b53d0,0x0:0x5f51dff2c55b53d0,,Zach J.,Churono,_Goa88wVSLuG5ntawKc2cw,🍺,bar,visited,Churono,_Goa88wVSLuG5ntawKc2cw,vibe,
James Simon Bar,,52.522218099999996,13.3984601,Bar,https://www.google.com/maps?ftid=0x47a851e7589d0e53:0x23f06a3c6bbb537a,0x47a851e7589d0e53:0x23f06a3c6bbb537a,,Zach J.,Deutschland Places,_xr3THKc69o0Q1Jj4xw49b6So0Yt2Q,🍺,bar,visited,Deutschland Places,_xr3THKc69o0Q1Jj4xw49b6So0Yt2Q,vibe,
Karl Sports Bar & Grill,"4528 Kingston Rd, Scarborough, ON M1E 2N8",43.7718698,-79.18619819999999,"A real dive, pool is free",https://www.google.com/maps?ftid=0x89d4da89cb35131b:0x8bbd805c6db5e4a4,0x89d4da89cb35131b:0x8bbd805c6db5e4a4,/g/1tg3668q,Zach J.,Churono,_Goa88wVSLuG5ntawKc2cw,🍺,bar,visited,Churono,_Goa88wVSLuG5ntawKc2cw,vibe,
Kennedy's Bar and Restaurant,"Sendlinger-Tor-Platz 11, 80336 München, Germany",48.134111499999996,11.5671289,,https://www.google.com/maps?ftid=0x479ddf58cb4a8ecf:0x793c2028134dab93,0x479ddf58cb4a8ecf:0x793c2028134dab93,/g/1td7s56t,Zach J.,Deutschland Places,_xr3THKc69o0Q1Jj4xw49b6So0Yt2Q,🍺,bar,visited,Deutschland Places,_xr3THKc69o0Q1Jj4xw49b6So0Yt2Q,vibe,
Kildare City Pub,"Barfußgäßchen 5-7, 04109 Leipzig, Germany",51.3407878,12.373511299999999,,https://www.google.com/maps?ftid=0x47a6f82143f1d653:0x3e03f5ec5ff40f26,0x47a6f82143f1d653:0x3e03f5ec5ff40f26,/g/1vc80v2b,Zach J.,Deutschland Places,_xr3THKc69o0Q1Jj4xw49b6So0Yt2Q,🍺,bar,visited,Deutschland Places,_xr3THKc69o0Q1Jj4xw49b6So0Yt2Q,vibe,
Kilians Irish Pub,"Frauenplatz 11, 80331 München, Germany",48.1388101,11.5746769,,https://www.google.com/maps?ftid=0x479e75f4b999eda3:0x2a6e96332a584658,0x479e75f4b999eda3:0x2a6e96332a584658,/g/1v3gqx9n,Zach J.,Deutschland Places,_xr3THKc69o0Q1Jj4xw49b6So0Yt2Q,🍺,bar,visited,Deutschland Places,_xr3THKc69o0Q1Jj4xw49b6So0Yt2Q,vibe,
KINKA IZAKAYA ORIGINAL,,43.6605741,-79.3790288,,https://www.google.com/maps?ftid=0x89d4cb4b2029ab6d:0xeb0019e4cb682d46,0x89d4cb4b2029ab6d:0xeb0019e4cb682d46,,Zach J.,Churono,_Goa88wVSLuG5ntawKc2cw,🍺,bar,visited,Churono,_Goa88wVSLuG5ntawKc2cw,vibe,
Kodaiko Ramen & Bar,"718 K St, Sacramento, CA 95814, United States",38.5799898,-121.497357,,https://www.google.com/maps?ftid=0x809ad1af85cdd015:0x5a613137085f267a,0x809ad1af85cdd015:0x5a613137085f267a,/g/11g4dh8yft,Zach J.,California Places,aTaCY8tke-6jFT8XQ0SVYBXQZ4k60Q,🍺,bar,visited,California Places,aTaCY8tke-6jFT8XQ0SVYBXQZ4k60Q,vibe,
Labyrinth Lounge,,43.6656076,-79.4075076,"An oldie, but good. Cheap drinks.",https://www.google.com/maps?ftid=0x0:0xbb29d4692292b41a,0x0:0xbb29d4692292b41a,,Zach J.,Churono,_Goa88wVSLuG5ntawKc2cw,🍺,bar,visited,Churono,_Goa88wVSLuG5ntawKc2cw,vibe,
Martin's Tavern,"1264 Wisconsin Ave NW, Washington, DC 20007, United States",38.9067726,-77.06323669999999,,https://www.google.com/maps?ftid=0x89b7b6499e010da5:0x27784b16d226ec77,0x89b7b6499e010da5:0x27784b16d226ec77,/m/043kt7v,Zach J.,Washington DC Places,LcNB3Ku1niTAsy0qH-HKT1v9d_odjw,🍺,bar,visited,Washington DC Places,LcNB3Ku1niTAsy0qH-HKT1v9d_odjw,vibe,
Milk Bar,"Shota Rustaveli St, 16, Kyiv, Ukraine, 02000",50.4389137,30.519500899999997,,https://www.google.com/maps?ftid=0x40d4cefef5178e53:0xadeb9e28254fc17f,0x40d4cefef5178e53:0xadeb9e28254fc17f,/g/11b6dkfzhn,Zach J.,Ukraine Places,rtZlzg3DJ3HuV0pqVKIPqr7kz2er6A,🍺,bar,visited,Ukraine Places,rtZlzg3DJ3HuV0pqVKIPqr7kz2er6A,vibe,
Milk Pub,"Drukarska St, 3, Lviv, Lviv Oblast, Ukraine, 79000",49.8429228,24.0319832,,https://www.google.com/maps?ftid=0x473add6d0e324f29:0x184b7d63a635800e,0x473add6d0e324f29:0x184b7d63a635800e,/g/11b5qzttm5,Zach J.,Ukraine Places,rtZlzg3DJ3HuV0pqVKIPqr7kz2er6A,🍺,bar,visited,Ukraine Places,rtZlzg3DJ3HuV0pqVKIPqr7kz2er6A,vibe,
Moondog's Bar & Grill,"Mykinon 7, Nicosia 1065, Cyprus",35.1645775,33.3606626,,https://www.google.com/maps?ftid=0x14de17583b69e91d:0x3bcc0ae74115b42a,0x14de17583b69e91d:0x3bcc0ae74115b42a,/g/1yg4fcdzy,Zach J.,Cyprus Places,op1yFHMtopjnsWL6BEbTl-cVqS5sDg,🍺,bar,visited,Cyprus Places,op1yFHMtopjnsWL6BEbTl-cVqS5sDg,vibe,
My Friends Bar,"59 Ram Buttri Aly, Chana Songkhram, Phra Nakhon, Bangkok 10200",13.7614939,100.4957913,,https://www.google.com/maps?ftid=0x30e29972818f2349:0x5034dc00446eb5f2,0x30e29972818f2349:0x5034dc00446eb5f2,/g/11ckv540tc,Zach J.,Thailand Places,8ZLYjtP28NdeHaxAFNWuqLewhbemIw,🍺,bar,visited,Thailand Places,8ZLYjtP28NdeHaxAFNWuqLewhbemIw,vibe,
nokishita711 Gin and cocktail labo,,35.002359999999996,135.7699884,,https://www.google.com/maps?ftid=0x600108bfe851b401:0x702e931fb5dd0151,0x600108bfe851b401:0x702e931fb5dd0151,,Zach J.,Japan Places,4MFKvfwkuooLXdFwzLh7bJlLOhg8-A,🍺,bar,visited,Japan Places,4MFKvfwkuooLXdFwzLh7bJlLOhg8-A,vibe,
NOLA BAR,"Wilcza 43, 00-678 Warszawa, Poland",52.2242685,21.0135324,,https://www.google.com/maps?ftid=0x471ecde34f266531:0x37a248320a6720b9,0x471ecde34f266531:0x37a248320a6720b9,/g/11r7s2p_zd,Zach J.,Poland Places,rJiYI8AwTOeCZ372vYFwILDmTQWZ1w,🍺,bar,visited,Poland Places,rJiYI8AwTOeCZ372vYFwILDmTQWZ1w,vibe,
Nomad Coffee Bar Kitsilano,"2143 Yew St, Vancouver, BC V6K 1V7",49.2665912,-123.1554439,,https://www.google.com/maps?ftid=0x5486735abbd4f681:0x45761579cce7d8fb,0x5486735abbd4f681:0x45761579cce7d8fb,/g/11yvkc87hs,Zach J.,BC Places,J-HTPTrrRB2hdSQ_jx2gvA,🍺,bar,visited,BC Places,J-HTPTrrRB2hdSQ_jx2gvA,vibe,
Nuts place Bar & Restaurant,"1 / 4 Rajamangala, Chiang Mai Soi 3, Mueang Chiang Mai District, 50200",18.7844898,98.9912528,Killer pool players.,https://www.google.com/maps?ftid=0x30da3b2f551f6545:0x116a41fc4db0e379,0x30da3b2f551f6545:0x116a41fc4db0e379,/g/11fk48v1gv,Zach J.,Thailand Places,8ZLYjtP28NdeHaxAFNWuqLewhbemIw,🍺,bar,visited,Thailand Places,8ZLYjtP28NdeHaxAFNWuqLewhbemIw,vibe,
Papa Joe's Jazz Bar,"Buttermarkt 37, 50667 Köln, Germany",50.9378974,6.9622243,,https://www.google.com/maps?ftid=0x47bf25b118a77d67:0xcf7c044a7b21f63d,0x47bf25b118a77d67:0xcf7c044a7b21f63d,/g/11g8169v6k,Zach J.,Deutschland Places,_xr3THKc69o0Q1Jj4xw49b6So0Yt2Q,🍺,bar,visited,Deutschland Places,_xr3THKc69o0Q1Jj4xw49b6So0Yt2Q,vibe,
Pecos Pit Bar-B-Que (SoDo),"2260 1st Ave S, Seattle, WA 98134, United States",47.58215,-122.3338854,,https://www.google.com/maps?ftid=0x549040264b4829d7:0x8aba121b6dca239d,0x549040264b4829d7:0x8aba121b6dca239d,/g/1vg_6_kb,Zach J.,Washington Places,WfdnMC3zRI3sfjHBnm_HrYeScehYSA,🍺,bar,visited,Washington Places,WfdnMC3zRI3sfjHBnm_HrYeScehYSA,vibe,
Prescription Cocktail Club,"23 Rue Mazarine, 75006 Paris",48.855000399999994,2.3379507,,https://www.google.com/maps?ftid=0x47e671d8c7a535ed:0x9d147b310bda215,0x47e671d8c7a535ed:0x9d147b310bda215,/g/1td_xxmb,Zach J.,France,1a9PFoaE6QmGPm2JEsIX4DjQqMe7dQ,🍺,bar,visited,France,1a9PFoaE6QmGPm2JEsIX4DjQqMe7dQ,vibe,
Pub Crawl Budapest,"Budapest, Oktogon 1, 1066 Hungary",47.5051205,19.0630188,"Good pub crawl tour. S
Best in the high season.",https://www.google.com/maps?ftid=0x4741dc71889976c1:0x8947b108f45b755c,0x4741dc71889976c1:0x8947b108f45b755c,/g/11ckr7kn33,Zach J.,Hungary Places,1a46QBe0HWmKrjJYm4D9EROGYD6JOw,🍺,bar,visited,Hungary Places,1a46QBe0HWmKrjJYm4D9EROGYD6JOw,vibe,
Salt Whisky Bar and Dining Room,,51.5142732,-0.1620179,,https://www.google.com/maps?ftid=0x4876054a89ff8411:0xdd6cadfc81828f80,0x4876054a89ff8411:0xdd6cadfc81828f80,,Zach J.,London (The British One),Dc1pjbzURxS4lLc15TJmfg,🍺,bar,visited,London (The British One),Dc1pjbzURxS4lLc15TJmfg,vibe,
Sean's Bar,"13 Main St, Athlone, Co. Westmeath, N37 DW76, Ireland",53.4226567,-7.942349999999999,One of the oldest bars in the world.,https://www.google.com/maps?ftid=0x485c4902490113ad:0x91275f28adc7bce0,0x485c4902490113ad:0x91275f28adc7bce0,/m/02q5qnt,Zach J.,Ireland,PZ1939FGYznLJLfbw23DtttFpkZvgg,🍺,bar,visited,Ireland,PZ1939FGYznLJLfbw23DtttFpkZvgg,vibe,
Shooting Bar EA（エアー）,"Japan, 〒180-0005 Tokyo, Musashino, Gotenyama, 1 Chome−5−5 沢田ビル 2F",35.701981499999995,139.5759106,A bar with guns.,https://www.google.com/maps?ftid=0x6018ee49cf03a3d3:0x334c0a4ee96331f8,0x6018ee49cf03a3d3:0x334c0a4ee96331f8,/g/1td4k49z,Zach J.,Japan Places,4MFKvfwkuooLXdFwzLh7bJlLOhg8-A,🍺,bar,visited,Japan Places,4MFKvfwkuooLXdFwzLh7bJlLOhg8-A,vibe,
Simmons Bar | Oxford Street,"203 Wardour St, London W1F 8ZH, United Kingdom",51.515678199999996,-0.1359222,,https://www.google.com/maps?ftid=0x48761b273dc9ddf9:0x8191518fc0144356,0x48761b273dc9ddf9:0x8191518fc0144356,/g/11h7kd422j,Zach J.,London (The British One),Dc1pjbzURxS4lLc15TJmfg,🍺,bar,visited,London (The British One),Dc1pjbzURxS4lLc15TJmfg,vibe,
Soho Bar & Billiards,"1283 Hamilton St, Vancouver, BC V6B 6K3",49.274166699999995,-123.12416669999999,,https://www.google.com/maps?ftid=0x548673d12cd1ff93:0x643220e7facda0d8,0x548673d12cd1ff93:0x643220e7facda0d8,/g/1tdfbt88,Zach J.,BC Places,J-HTPTrrRB2hdSQ_jx2gvA,🍺,bar,visited,BC Places,J-HTPTrrRB2hdSQ_jx2gvA,vibe,
Speedy's Sandwich Bar & Cafe,,51.526253,-0.13688,,https://www.google.com/maps?ftid=0x48761b263987dee9:0xe38fbbff76fd42e6,0x48761b263987dee9:0xe38fbbff76fd42e6,,Zach J.,London (The British One),Dc1pjbzURxS4lLc15TJmfg,🍺,bar,visited,London (The British One),Dc1pjbzURxS4lLc15TJmfg,vibe,
Teardrop Lounge,"1015 NW Everett St, Portland, OR 97209, United States",45.5251995,-122.6816363,"Experimental cocktails, low key bougie.",https://www.google.com/maps?ftid=0x54950a021d8b0819:0x17e3a0cc3b0a1d6e,0x54950a021d8b0819:0x17e3a0cc3b0a1d6e,/g/11gcgv2t5k,Zach J.,O-re-going Places,uPOFXqj2oXs8EjysOzM2PTCFTrpdog,🍺,bar,visited,O-re-going Places,uPOFXqj2oXs8EjysOzM2PTCFTrpdog,vibe,
Temakase Hand Roll Bar,"157 2nd Ave, New York, NY 10003, United States",40.729741399999995,-73.9872113,,https://www.google.com/maps?ftid=0x89c2599c4081116f:0x1fe31e89a8a9a7c8,0x89c2599c4081116f:0x1fe31e89a8a9a7c8,/g/11mfcy0c1c,Zach J.,"New York, New York",m7FS_hkzSJJEPgD5o0716tZ4PbE9XQ,🍺,bar,visited,"New York, New York",m7FS_hkzSJJEPgD5o0716tZ4PbE9XQ,vibe,
TEP BAR - Cultural Bar of Thailand,"69, 71 Yi Sip Song Karakadakhom 4 Alley, Pom Prap, Pom Prap Sattru Phai, Bangkok 10100",13.739674899999999,100.5144313,,https://www.google.com/maps?ftid=0x30e2992694b4ecbb:0xc79c782c19aca459,0x30e2992694b4ecbb:0xc79c782c19aca459,/g/11bttpn9d_,Zach J.,Thailand Places,8ZLYjtP28NdeHaxAFNWuqLewhbemIw,🍺,bar,visited,Thailand Places,8ZLYjtP28NdeHaxAFNWuqLewhbemIw,vibe,
The 86ers Lounge,"1309 E Main St, Barstow, CA 92311, United States",34.89628,-117.00494789999999,,https://www.google.com/maps?ftid=0x80c47ca3b9bf142d:0x74e071364c71fec9,0x80c47ca3b9bf142d:0x74e071364c71fec9,/g/11d_vcvfw6,Zach J.,California Places,aTaCY8tke-6jFT8XQ0SVYBXQZ4k60Q,🍺,bar,visited,California Places,aTaCY8tke-6jFT8XQ0SVYBXQZ4k60Q,vibe,
THE ALDGATE British Pub,"Japan, 〒150-0042 Tokyo, Shibuya, Udagawacho, 30−4 Shin-Iwasaki Bldg.",35.6607614,139.6979594,,https://www.google.com/maps?ftid=0x60188ca9a6c37cf5:0xc04bffb3d48df584,0x60188ca9a6c37cf5:0xc04bffb3d48df584,/g/1tfct6hd,Zach J.,Japan Places,4MFKvfwkuooLXdFwzLh7bJlLOhg8-A,🍺,bar,visited,Japan Places,4MFKvfwkuooLXdFwzLh7bJlLOhg8-A,vibe,
The Alfred Tennyson Pub Belgravia,"10 Motcomb St, London SW1X 8LA, United Kingdom",51.4996199,-0.156439,Pub Crawl #5,https://www.google.com/maps?ftid=0x4876053b8e4d2837:0x67739209083e63b1,0x4876053b8e4d2837:0x67739209083e63b1,/g/1tfq43rs,Zach J.,London (The British One),Dc1pjbzURxS4lLc15TJmfg,🍺,bar,visited,London (The British One),Dc1pjbzURxS4lLc15TJmfg,vibe,
The Corkonian Irish pub,"Alter Markt 51, 50667 Köln, Germany",50.938924099999994,6.9597606999999995,,https://www.google.com/maps?ftid=0x47bf25b05069d151:0xdb3f358e24ef0b17,0x47bf25b05069d151:0xdb3f358e24ef0b17,/g/1td0fmvr,Zach J.,Deutschland Places,_xr3THKc69o0Q1Jj4xw49b6So0Yt2Q,🍺,bar,visited,Deutschland Places,_xr3THKc69o0Q1Jj4xw49b6So0Yt2Q,vibe,
The Donut Pub,"203 W 14th St, New York, NY 10011, United States",40.738837,-73.999827,Donut shop. Pretty good.,https://www.google.com/maps?ftid=0x89c259bde7d530ed:0x8f80ffcbdc2babbe,0x89c259bde7d530ed:0x8f80ffcbdc2babbe,/g/1q5gjdxc4,Zach J.,"New York, New York",m7FS_hkzSJJEPgD5o0716tZ4PbE9XQ,🍺,bar,visited,"New York, New York",m7FS_hkzSJJEPgD5o0716tZ4PbE9XQ,vibe,
The Loveless Cafe & Bar,,43.649690299999996,-79.42965749999999,,https://www.google.com/maps?ftid=0x882b3456bddd3121:0xc3ebdcf9ee7aeebd,0x882b3456bddd3121:0xc3ebdcf9ee7aeebd,,Zach J.,Churono,_Goa88wVSLuG5ntawKc2cw,🍺,bar,visited,Churono,_Goa88wVSLuG5ntawKc2cw,vibe,
The Pharmacy Bar PDX,"2100 NW Glisan St, Portland, OR 97210, United States",45.5261764,-122.6945846,Fun bar with social staff. Good for a drink or five.,https://www.google.com/maps?ftid=0x549509f73f4c5813:0xc7bdbdfe9e676954,0x549509f73f4c5813:0xc7bdbdfe9e676954,/g/11bz00wj8x,Zach J.,O-re-going Places,uPOFXqj2oXs8EjysOzM2PTCFTrpdog,🍺,bar,visited,O-re-going Places,uPOFXqj2oXs8EjysOzM2PTCFTrpdog,vibe,
The Pool Bar,,52.3685701,4.8906426,,https://www.google.com/maps?ftid=0x47c609c1ba174d4b:0xc590f95644e931fe,0x47c609c1ba174d4b:0xc590f95644e931fe,,Zach J.,Netherlands Places,uUJAjJl3UL4Vb2neQptAbAc1dIoemQ,🍺,bar,visited,Netherlands Places,uUJAjJl3UL4Vb2neQptAbAc1dIoemQ,vibe,
"The Star Tavern, Belgravia","6 Belgrave Mews W, London SW1X 8HT, United Kingdom",51.4984451,-0.15579189999999998,Pub Crawl #6,https://www.google.com/maps?ftid=0x4876053c634b52b7:0xfcd156b8f33eb69,0x4876053c634b52b7:0xfcd156b8f33eb69,/m/010hmlfp,Zach J.,London (The British One),Dc1pjbzURxS4lLc15TJmfg,🍺,bar,visited,London (The British One),Dc1pjbzURxS4lLc15TJmfg,vibe,
The Tiny Pony Tavern,"57205 29 Palms Hwy, Yucca Valley, CA 92284, United States",34.1222002,-116.4156543,,https://www.google.com/maps?ftid=0x80dad9d920551aad:0xffe9cf890f63ecfe,0x80dad9d920551aad:0xffe9cf890f63ecfe,/g/11sn3f8y4z,Zach J.,California Places,aTaCY8tke-6jFT8XQ0SVYBXQZ4k60Q,🍺,bar,visited,California Places,aTaCY8tke-6jFT8XQ0SVYBXQZ4k60Q,vibe,
Tilt Arcade Bar,,43.6416627,-79.43086699999999,Best arcade in town.,https://www.google.com/maps?ftid=0x0:0xd302a2d1b4f13193,0x0:0xd302a2d1b4f13193,,Zach J.,Churono,_Goa88wVSLuG5ntawKc2cw,🍺,bar,visited,Churono,_Goa88wVSLuG5ntawKc2cw,vibe,
Torto - Bar & Cocktails,"R. de José Falcão 199, 4050-199 Porto, Portugal",41.1497093,-8.614329099999999,,https://www.google.com/maps?ftid=0xd2465d56a4c8b99:0xffb5ddf64d5b5225,0xd2465d56a4c8b99:0xffb5ddf64d5b5225,/g/11p5crly3f,Zach J.,Portugal Places,PJetNvIfkAY8zDHfGEEQlDLG4G2qyg,🍺,bar,visited,Portugal Places,PJetNvIfkAY8zDHfGEEQlDLG4G2qyg,vibe,
Try Me Thai Restaurant & Bar,"No, 170 Samsen 4 Alley, Bangkok, Phra Nakhon, Si Ayutthaya 13000",13.763564899999999,100.5000067,"Kind of a tourist location, food was good.",https://www.google.com/maps?ftid=0x30e299b6387fccdb:0x5b58a020e91cd7c7,0x30e299b6387fccdb:0x5b58a020e91cd7c7,/g/11txphf77t,Zach J.,Thailand Places,8ZLYjtP28NdeHaxAFNWuqLewhbemIw,🍺,bar,visited,Thailand Places,8ZLYjtP28NdeHaxAFNWuqLewhbemIw,vibe,
Twin Peaks Tavern,"401 Castro St, San Francisco, CA 94114, United States",37.762384,-122.43499849999999,,https://www.google.com/maps?ftid=0x808580a7e0b6e17b:0x1a931ba5fb37f5d,0x808580a7e0b6e17b:0x1a931ba5fb37f5d,/g/1vd7649j,Zach J.,California Places,aTaCY8tke-6jFT8XQ0SVYBXQZ4k60Q,🍺,bar,visited,California Places,aTaCY8tke-6jFT8XQ0SVYBXQZ4k60Q,vibe,
Village Idiot Pub,,43.654466899999996,-79.39163529999999,,https://www.google.com/maps?ftid=0x0:0x64e9226dd7dfa035,0x0:0x64e9226dd7dfa035,,Zach J.,Churono,_Goa88wVSLuG5ntawKc2cw,🍺,bar,visited,Churono,_Goa88wVSLuG5ntawKc2cw,vibe,
Vzorkovna - Dog Bar,"Národní 339/11, 110 00 Staré Město, Czechia",50.0817323,14.4159294,,https://www.google.com/maps?ftid=0x470b94ee4fec08c7:0x72f48cc6245d5088,0x470b94ee4fec08c7:0x72f48cc6245d5088,/g/11b6_cwjgx,Zach J.,Czech Republic Places,5Sbx3FnNAI1ouog5bO7G95yNPypkiA,🍺,bar,visited,Czech Republic Places,5Sbx3FnNAI1ouog5bO7G95yNPypkiA,vibe,
World's Smallest Whisky Bar Cask 88,"Edinburgh EH2 4BL, United Kingdom",55.9503515,-3.2079478,,https://www.google.com/maps?ftid=0x4887c7bd362b6e3d:0x85bea6170cd8326e,0x4887c7bd362b6e3d:0x85bea6170cd8326e,/g/11vj18w0lc,Zach J.,Land of Scots,nrpv0PI_5p-7UBIdU0S_VRRVZzdshQ,🍺,bar,visited,Land of Scots,nrpv0PI_5p-7UBIdU0S_VRRVZzdshQ,vibe,
"καφενείο-μαγειρείο Γιαγκίνι, cypriot tavern","Χατζηλοϊζή Μιχαηλίδη 6, Limassol 3041, Cyprus",34.6759525,33.0433205,"Traditional food, really good!",https://www.google.com/maps?ftid=0x14e733d1cf0ba0cf:0x4eb2d014ded0fe0b,0x14e733d1cf0ba0cf:0x4eb2d014ded0fe0b,/g/11f653tgqm,Zach J.,Cyprus Places,op1yFHMtopjnsWL6BEbTl-cVqS5sDg,🍺,bar,visited,Cyprus Places,op1yFHMtopjnsWL6BEbTl-cVqS5sDg,vibe,
Bandit Brewery,,43.6525372,-79.4495393,,https://www.google.com/maps?ftid=0x882b343646021e5d:0x1735f43cc19b0767,0x882b343646021e5d:0x1735f43cc19b0767,,Zach J.,Churono,_Goa88wVSLuG5ntawKc2cw,🍻,brewery,visited,Churono,_Goa88wVSLuG5ntawKc2cw,vibe,
Beere Brewing Company,"312 Esplanade E, North Vancouver, BC V7L 1A4",49.3083433,-123.07272649999999,,https://www.google.com/maps?ftid=0x54867052435479ef:0xfebef0275f5e5092,0x54867052435479ef:0xfebef0275f5e5092,/g/11d_715frd,Zach J.,BC Places | Van Beer List,J-HTPTrrRB2hdSQ_jx2gvA | aJLDTHgUQreKks22yMypEA,🍻,brewery,visited,BC Places | Van Beer List,J-HTPTrrRB2hdSQ_jx2gvA | aJLDTHgUQreKks22yMypEA,vibe,
Bellwoods Brewery,,43.647101299999996,-79.4200194,Sour beers.,https://www.google.com/maps?ftid=0x882b34fea0d39f7d:0x4d36cbff946bfd76,0x882b34fea0d39f7d:0x4d36cbff946bfd76,,Zach J.,Churono,_Goa88wVSLuG5ntawKc2cw,🍻,brewery,visited,Churono,_Goa88wVSLuG5ntawKc2cw,vibe,
Beva Brewing & Blending,,49.321307,-123.1082191,,https://www.google.com/maps?ftid=0x5486715199c95465:0xde1ec6c888f7e95d,0x5486715199c95465:0xde1ec6c888f7e95d,,Zach J.,Van Beer List,aJLDTHgUQreKks22yMypEA,🍻,brewery,visited,Van Beer List,aJLDTHgUQreKks22yMypEA,vibe,
Black Kettle Brewing Company,,49.317115699999995,-123.09260739999999,,https://www.google.com/maps?ftid=0x548671caec1afa4d:0xf286dc734a1ed63c,0x548671caec1afa4d:0xf286dc734a1ed63c,,Zach J.,Van Beer List,aJLDTHgUQreKks22yMypEA,🍻,brewery,visited,Van Beer List,aJLDTHgUQreKks22yMypEA,vibe,
Bomber Brewing,"1488 Adanac St, Vancouver, BC V5L 2C3",49.2775245,-123.0745262,,https://www.google.com/maps?ftid=0x548671150586ba2d:0xf7b748dedfa60ad2,0x548671150586ba2d:0xf7b748dedfa60ad2,/g/1pzvbsj27,Zach J.,BC Places,J-HTPTrrRB2hdSQ_jx2gvA,🍻,brewery,visited,BC Places,J-HTPTrrRB2hdSQ_jx2gvA,vibe,
Braggot Brewing,,49.3074716,-123.07071579999999,,https://www.google.com/maps?ftid=0x548671074f96c25b:0x8c55ddb77ba3855,0x548671074f96c25b:0x8c55ddb77ba3855,,Zach J.,Van Beer List,aJLDTHgUQreKks22yMypEA,🍻,brewery,visited,Van Beer List,aJLDTHgUQreKks22yMypEA,vibe,
Brewery and Cheese INO CHUJIRO,"I-1894, Katori, Chiba 287-0003, Japan",35.8874369,140.4975756,,https://www.google.com/maps?ftid=0x6022f7b8e5cee5fd:0x87d2daca2163e96f,0x6022f7b8e5cee5fd:0x87d2daca2163e96f,/g/11rtdx3pmw,Zach J.,Japan Places,4MFKvfwkuooLXdFwzLh7bJlLOhg8-A,🍻,brewery,visited,Japan Places,4MFKvfwkuooLXdFwzLh7bJlLOhg8-A,vibe,
Browns Socialhouse Brewery District,"296 E Columbia St, New Westminster, BC V3L 0E3",49.2249565,-122.8926391,,https://www.google.com/maps?ftid=0x548677ff2253423f:0x598485d25f22dd36,0x548677ff2253423f:0x598485d25f22dd36,/g/12hzl4l8c,Zach J.,BC Places,J-HTPTrrRB2hdSQ_jx2gvA,🍻,brewery,visited,BC Places,J-HTPTrrRB2hdSQ_jx2gvA,vibe,
Container Brewing Ltd.,"1216 Franklin St, Vancouver, BC V6A 1K1",49.282183499999995,-123.07870229999999,,https://www.google.com/maps?ftid=0x5486716b10400ea3:0xeb1fcceaf9367890,0x5486716b10400ea3:0xeb1fcceaf9367890,/g/11gyxdsdzb,Zach J.,BC Places,J-HTPTrrRB2hdSQ_jx2gvA,🍻,brewery,visited,BC Places,J-HTPTrrRB2hdSQ_jx2gvA,vibe,
Deep Ellum Brewing Company Taproom,"2823 St Louis St, Dallas, TX 75226, United States",32.780788799999996,-96.7817546,,https://www.google.com/maps?ftid=0x864e98e87786baa1:0x75eec0a87d4dea37,0x864e98e87786baa1:0x75eec0a87d4dea37,/g/1tjs5bsl,Zach J.,Texas,1S_gekS-v4RZuZLaRNwLRkv_EUSNYw,🍻,brewery,visited,Texas,1S_gekS-v4RZuZLaRNwLRkv_EUSNYw,vibe,
Evil Twin Brewing NYC,,40.6961394,-73.9041455,Recommended brewery,https://www.google.com/maps?ftid=0x89c25d9e6c318cbf:0x759aff40d622bfd,0x89c25d9e6c318cbf:0x759aff40d622bfd,,Zach J.,"New York, New York",m7FS_hkzSJJEPgD5o0716tZ4PbE9XQ,🍻,brewery,visited,"New York, New York",m7FS_hkzSJJEPgD5o0716tZ4PbE9XQ,vibe,
Fisher Brewing Company,"320 W 800 S, Salt Lake City, UT 84101, United States",40.7521342,-111.9004544,,https://www.google.com/maps?ftid=0x8752f51f692b4659:0xfef2ac50a16c0f0,0x8752f51f692b4659:0xfef2ac50a16c0f0,/g/11g6nh1wyz,Zach J.,Utah Places,yxf29Fw1SnujpoH_zKcqAA,🍻,brewery,visited,Utah Places,yxf29Fw1SnujpoH_zKcqAA,vibe,
Granite Brewery & Tied House,,43.7080556,-79.3897222,,https://www.google.com/maps?ftid=0x882b332fbbb0c383:0xd9cebd5e81389b99,0x882b332fbbb0c383:0xd9cebd5e81389b99,,Zach J.,Churono,_Goa88wVSLuG5ntawKc2cw,🍻,brewery,visited,Churono,_Goa88wVSLuG5ntawKc2cw,vibe,
Harushika Sake Brewery store,,34.677031,135.8343376,,https://www.google.com/maps?ftid=0x6001398cc4f1c9f5:0x96a80223114625c2,0x6001398cc4f1c9f5:0x96a80223114625c2,,Zach J.,Japan Places,4MFKvfwkuooLXdFwzLh7bJlLOhg8-A,🍻,brewery,visited,Japan Places,4MFKvfwkuooLXdFwzLh7bJlLOhg8-A,vibe,
La Cervecería Astilleros | Brewery & Craft Beer,"226 Esplanade E, North Vancouver, BC V7L 1B4",49.3094417,-123.0752478,,https://www.google.com/maps?ftid=0x548671c1443c9a0b:0xf3aeb2269697e898,0x548671c1443c9a0b:0xf3aeb2269697e898,/g/11fpqkkrs1,Zach J.,Van Beer List,aJLDTHgUQreKks22yMypEA,🍻,brewery,visited,Van Beer List,aJLDTHgUQreKks22yMypEA,vibe,
Luppolo Brewing Co.,"1123 Venables St, Vancouver, BC V6A 2E3",49.2770333,-123.0806274,Interesting brewery,https://www.google.com/maps?ftid=0x5486716b19bc7151:0x9548a3e57ff80b3,0x5486716b19bc7151:0x9548a3e57ff80b3,/g/11c44n84c1,Zach J.,BC Places,J-HTPTrrRB2hdSQ_jx2gvA,🍻,brewery,visited,BC Places,J-HTPTrrRB2hdSQ_jx2gvA,vibe,
North Point Brewing Co,"266 1st St E, North Vancouver, BC V7L 1B3",49.3096898,-123.07296869999999,,https://www.google.com/maps?ftid=0x54867109bf115d8d:0x8210bab9e2663f6e,0x54867109bf115d8d:0x8210bab9e2663f6e,/g/11h1dp71z2,Zach J.,BC Places,J-HTPTrrRB2hdSQ_jx2gvA,🍻,brewery,visited,BC Places,J-HTPTrrRB2hdSQ_jx2gvA,vibe,
Powell Brewery,"1357 Powell St, Vancouver, BC V5L 1G8",49.2833338,-123.0757311,,https://www.google.com/maps?ftid=0x54867110a79cdef1:0x68ab99b75013ad7c,0x54867110a79cdef1:0x68ab99b75013ad7c,/g/1232km3n1,Zach J.,BC Places,J-HTPTrrRB2hdSQ_jx2gvA,🍻,brewery,visited,BC Places,J-HTPTrrRB2hdSQ_jx2gvA,vibe,
Rorschach Brewing Co.,"1001 Eastern Ave, Toronto, ON M4L 1A8",43.6635357,-79.3199255,,https://www.google.com/maps?ftid=0x89d4cb8e3fc66cbb:0x6784a862446350ee,0x89d4cb8e3fc66cbb:0x6784a862446350ee,/g/11c5s2_pmd,Zach J.,Churono,_Goa88wVSLuG5ntawKc2cw,🍻,brewery,visited,Churono,_Goa88wVSLuG5ntawKc2cw,vibe,
Shacklands Brewing,,43.6723637,-79.4784322,,https://www.google.com/maps?ftid=0x882b36a478ab897f:0xc91b5a5bac876a02,0x882b36a478ab897f:0xc91b5a5bac876a02,,Zach J.,Churono,_Goa88wVSLuG5ntawKc2cw,🍻,brewery,visited,Churono,_Goa88wVSLuG5ntawKc2cw,vibe,
Shaketown Brewing,,49.308715,-123.07353959999999,,https://www.google.com/maps?ftid=0x548671300acf0f73:0xe000ef4c8e80be4e,0x548671300acf0f73:0xe000ef4c8e80be4e,,Zach J.,Van Beer List,aJLDTHgUQreKks22yMypEA,🍻,brewery,visited,Van Beer List,aJLDTHgUQreKks22yMypEA,vibe,
Streetcar Brewing,"123A 1st St E, North Vancouver, BC V7L 1B2",49.3111252,-123.0781391,,https://www.google.com/maps?ftid=0x5486704d01f68e37:0x579bfbeb8a275891,0x5486704d01f68e37:0x579bfbeb8a275891,/g/11c6lcnql1,Zach J.,BC Places | Van Beer List,J-HTPTrrRB2hdSQ_jx2gvA | aJLDTHgUQreKks22yMypEA,🍻,brewery,visited,BC Places | Van Beer List,J-HTPTrrRB2hdSQ_jx2gvA | aJLDTHgUQreKks22yMypEA,vibe,
49th Parallel Café & Lucky's Doughnuts - Main Street,"2902 Main St, Vancouver, BC V5T 3G3",49.2591508,-123.1009019,,https://www.google.com/maps?ftid=0x548673e3bb25bc2f:0xfc8e8d5d4e6d62fd,0x548673e3bb25bc2f:0xfc8e8d5d4e6d62fd,/g/12hm11zrh,Zach J.,BC Places,J-HTPTrrRB2hdSQ_jx2gvA,☕,cafe,visited,BC Places,J-HTPTrrRB2hdSQ_jx2gvA,vibe,
7 Cafe,"Rua dos Caldeireiros 7, Porto, Portugal",41.144683799999996,-8.612451799999999,,https://www.google.com/maps?ftid=0xd2465cf64b61a2d:0xd4e2f18978484519,0xd2465cf64b61a2d:0xd4e2f18978484519,/g/11fmnh35y3,Zach J.,Portugal Places,PJetNvIfkAY8zDHfGEEQlDLG4G2qyg,☕,cafe,visited,Portugal Places,PJetNvIfkAY8zDHfGEEQlDLG4G2qyg,vibe,
Analog Café,"Budapest, Kazinczy u. 35, 1075 Hungary",47.4988847,19.061489299999998,,https://www.google.com/maps?ftid=0x4741dc69b0b1ecf3:0x5df3c2fd9316b74b,0x4741dc69b0b1ecf3:0x5df3c2fd9316b74b,/g/11cls71pwg,Zach J.,Hungary Places,1a46QBe0HWmKrjJYm4D9EROGYD6JOw,☕,cafe,visited,Hungary Places,1a46QBe0HWmKrjJYm4D9EROGYD6JOw,vibe,
Analog Coffee,"338 Helmcken St, Vancouver, BC V6B 6C5",49.2757429,-123.12113819999999,,https://www.google.com/maps?ftid=0x548673bdc31b388f:0x3debb949aabdfac,0x548673bdc31b388f:0x3debb949aabdfac,/g/11tx27crlx,Zach J.,BC Places,J-HTPTrrRB2hdSQ_jx2gvA,☕,cafe,visited,BC Places,J-HTPTrrRB2hdSQ_jx2gvA,vibe,
Astir Cafe,"Grigori Auksentiou Square, Anexartisias, Limassol 3041, Cyprus",34.679219599999996,33.0438727,,https://www.google.com/maps?ftid=0x14e733053c3e64ef:0x7cbcb6d28baab395,0x14e733053c3e64ef:0x7cbcb6d28baab395,/g/11c57spqf5,Zach J.,Cyprus Places,op1yFHMtopjnsWL6BEbTl-cVqS5sDg,☕,cafe,visited,Cyprus Places,op1yFHMtopjnsWL6BEbTl-cVqS5sDg,vibe,
Beigel Bake Brick Lane Bakery,"159 Brick Ln, London E1 6SB, United Kingdom",51.5244985,-0.0717608,,https://www.google.com/maps?ftid=0x48761dad861a488d:0xc9e1e09acd76b50c,0x48761dad861a488d:0xc9e1e09acd76b50c,/m/0hzpb5p,Zach J.,London (The British One),Dc1pjbzURxS4lLc15TJmfg,☕,cafe,visited,London (The British One),Dc1pjbzURxS4lLc15TJmfg,vibe,
Cafe Du Monde French Market,"800 Decatur St, New Orleans, LA 70116, United States",29.957652699999997,-90.0618399,Famous coffee and French doughnuts.,https://www.google.com/maps?ftid=0x8620a5e09b473e4d:0xd68fe7e8e35b6f7,0x8620a5e09b473e4d:0xd68fe7e8e35b6f7,/g/11gslqmd8_,Zach J.,'Murica Road Trip,D0K89-5vgjBHw6XsSCispo4wxNwsVA,☕,cafe,visited,'Murica Road Trip,D0K89-5vgjBHw6XsSCispo4wxNwsVA,vibe,
Cafe Serano,"1055 Pape Ave, East York, ON M4K 3W3",43.6902931,-79.3490063,,https://www.google.com/maps?ftid=0x89d4cdcc315c815f:0x9c8a24aed11c62c4,0x89d4cdcc315c815f:0x9c8a24aed11c62c4,/g/11g0lgvnf0,Zach J.,Churono,_Goa88wVSLuG5ntawKc2cw,☕,cafe,visited,Churono,_Goa88wVSLuG5ntawKc2cw,vibe,
Cafe the Minds,,52.3708198,4.8893486,Dive bar.,https://www.google.com/maps?ftid=0x47c609c167b9db5f:0x8a0e517e7a93fdf8,0x47c609c167b9db5f:0x8a0e517e7a93fdf8,,Zach J.,Netherlands Places,uUJAjJl3UL4Vb2neQptAbAc1dIoemQ,☕,cafe,visited,Netherlands Places,uUJAjJl3UL4Vb2neQptAbAc1dIoemQ,vibe,
Café Central,"Herrengasse 14, 1010 Wien, Austria",48.2104274,16.3654339,"Best cafe to feel like a king in. Very decorative, lines can be long, go early.",https://www.google.com/maps?ftid=0x476d0797f70c3b2f:0x5bfa873ffb422e49,0x476d0797f70c3b2f:0x5bfa873ffb422e49,/m/08fpph,Zach J.,Austria-ish Places,JW6_PhOiwD9hqDmWcuJh6u67rjwIwA,☕,cafe,visited,Austria-ish Places,JW6_PhOiwD9hqDmWcuJh6u67rjwIwA,vibe,
Café de Flore,"172 Bd Saint-Germain, 75006 Paris, France",48.8541588,2.3326046,,https://www.google.com/maps?ftid=0x47e671d781fb9dab:0x18bba6dd45e173ff,0x47e671d781fb9dab:0x18bba6dd45e173ff,/m/08dyv8,Zach J.,France,1a9PFoaE6QmGPm2JEsIX4DjQqMe7dQ,☕,cafe,visited,France,1a9PFoaE6QmGPm2JEsIX4DjQqMe7dQ,vibe,
Café Nol,,52.37829,4.883390299999999,,https://www.google.com/maps?ftid=0x47c609cffc4c4523:0x657eff2f1488d186,0x47c609cffc4c4523:0x657eff2f1488d186,,Zach J.,Netherlands Places,uUJAjJl3UL4Vb2neQptAbAc1dIoemQ,☕,cafe,visited,Netherlands Places,uUJAjJl3UL4Vb2neQptAbAc1dIoemQ,vibe,
Café Pamenar,,43.6566693,-79.4027394,,https://www.google.com/maps?ftid=0x882b34c1e27439db:0x33f1bd80bb038efb,0x882b34c1e27439db:0x33f1bd80bb038efb,,Zach J.,Churono,_Goa88wVSLuG5ntawKc2cw,☕,cafe,visited,Churono,_Goa88wVSLuG5ntawKc2cw,vibe,
Coffee 'N' More,"34 Cockburn St, Edinburgh EH1 1PB, United Kingdom",55.9505226,-3.1893699,,https://www.google.com/maps?ftid=0x4887c75ae8642127:0xc219dff54719dbf,0x4887c75ae8642127:0xc219dff54719dbf,/g/11rfdjvtxd,Zach J.,Land of Scots,nrpv0PI_5p-7UBIdU0S_VRRVZzdshQ,☕,cafe,visited,Land of Scots,nrpv0PI_5p-7UBIdU0S_VRRVZzdshQ,vibe,
De Mello Coffee,"2489 Yonge St, Toronto, ON M4P 2H6",43.7118287,-79.3992564,,https://www.google.com/maps?ftid=0x882b3323dab06525:0x141b48a7d0f9e082,0x882b3323dab06525:0x141b48a7d0f9e082,/g/124t1_0hp,Zach J.,Churono,_Goa88wVSLuG5ntawKc2cw,☕,cafe,visited,Churono,_Goa88wVSLuG5ntawKc2cw,vibe,
Delirium Café,,50.8485002,4.3538834,,https://www.google.com/maps?ftid=0x47c3c380bd32d907:0x26e1f42d7ed8d292,0x47c3c380bd32d907:0x26e1f42d7ed8d292,,Zach J.,Belgium Places,XyATa3gcf-ULckrVtuXlIrtbkHutzw,☕,cafe,visited,Belgium Places,XyATa3gcf-ULckrVtuXlIrtbkHutzw,vibe,
Dominique Ansel Bakery,"189 Spring St, New York, NY 10012, United States",40.7252456,-74.0028777,Baked goods,https://www.google.com/maps?ftid=0x89c2598c5a8e423f:0x501f1a0240e2f39a,0x89c2598c5a8e423f:0x501f1a0240e2f39a,/m/0_yvc1x,Zach J.,"New York, New York",m7FS_hkzSJJEPgD5o0716tZ4PbE9XQ,☕,cafe,visited,"New York, New York",m7FS_hkzSJJEPgD5o0716tZ4PbE9XQ,vibe,
FIKA Cafe,"28 Kensington Ave, Toronto, ON M5T 2J9, Canada",43.6535811,-79.40045409999999,Nice coffee spot,https://www.google.com/maps?ftid=0x882b34c2515a4fb3:0x881bba7e1b6d98ea,0x882b34c2515a4fb3:0x881bba7e1b6d98ea,,Zach J.,Churono,_Goa88wVSLuG5ntawKc2cw,☕,cafe,visited,Churono,_Goa88wVSLuG5ntawKc2cw,vibe,
Golden Wheat Bakery & Pastry,,43.655170399999996,-79.41624449999999,Egg custards. Pastel de natas.,https://www.google.com/maps?ftid=0x882b34f1b1d32c03:0x3b8361b53c91c04a,0x882b34f1b1d32c03:0x3b8361b53c91c04a,,Zach J.,Churono,_Goa88wVSLuG5ntawKc2cw,☕,cafe,visited,Churono,_Goa88wVSLuG5ntawKc2cw,vibe,
Hinano Cafe,"15 Washington Blvd, Venice, CA 90292, United States",33.979450199999995,-118.4665167,,https://www.google.com/maps?ftid=0x80c2baa305cb6557:0x1d14608d608bffa8,0x80c2baa305cb6557:0x1d14608d608bffa8,/g/1tg4lnbd,Zach J.,California Places,aTaCY8tke-6jFT8XQ0SVYBXQZ4k60Q,☕,cafe,visited,California Places,aTaCY8tke-6jFT8XQ0SVYBXQZ4k60Q,vibe,
Huber's Cafe,"411 SW 3rd Ave, Portland, OR 97204, United States",45.520069,-122.67473799999999,"Classic diner/bar, oldest in Portland.",https://www.google.com/maps?ftid=0x54950a0678ec2433:0xa16ab91c11362c40,0x54950a0678ec2433:0xa16ab91c11362c40,/m/0cc6557,Zach J.,O-re-going Places,uPOFXqj2oXs8EjysOzM2PTCFTrpdog,☕,cafe,visited,O-re-going Places,uPOFXqj2oXs8EjysOzM2PTCFTrpdog,vibe,
Jam Cafe,,49.2802619,-123.1096419,,https://www.google.com/maps?ftid=0x5486717bdd4b8051:0x870dfa9f5b21e6ac,0x5486717bdd4b8051:0x870dfa9f5b21e6ac,,Zach J.,BC Places,J-HTPTrrRB2hdSQ_jx2gvA,☕,cafe,visited,BC Places,J-HTPTrrRB2hdSQ_jx2gvA,vibe,
John's Café,,45.5252708,-122.67772249999999,Old timey diner,https://www.google.com/maps?ftid=0x54950a01adc3f279:0xd9cb978fe1ebb19a,0x54950a01adc3f279:0xd9cb978fe1ebb19a,,Zach J.,O-re-going Places,uPOFXqj2oXs8EjysOzM2PTCFTrpdog,☕,cafe,visited,O-re-going Places,uPOFXqj2oXs8EjysOzM2PTCFTrpdog,vibe,
Konnichipan Bakery,"183 Chakrabongse Rd, Talat Yot, Phra Nakhon, Bangkok 10200",13.7618476,100.4977534,Nice little bake shoppy,https://www.google.com/maps?ftid=0x30e2996da7803633:0x425af2fc1403dd2,0x30e2996da7803633:0x425af2fc1403dd2,/g/12qg6ptfg,Zach J.,Thailand Places,8ZLYjtP28NdeHaxAFNWuqLewhbemIw,☕,cafe,visited,Thailand Places,8ZLYjtP28NdeHaxAFNWuqLewhbemIw,vibe,
Le Belisse Café,"1126 Robson St, Vancouver, BC V6E 1B2",49.284968199999994,-123.1257972,,https://www.google.com/maps?ftid=0x5486713b8c35a28d:0x19af8b8da0bd86c5,0x5486713b8c35a28d:0x19af8b8da0bd86c5,/g/11tbhn2qtp,Zach J.,BC Places,J-HTPTrrRB2hdSQ_jx2gvA,☕,cafe,visited,BC Places,J-HTPTrrRB2hdSQ_jx2gvA,vibe,
Levain Bakery - 74th Street,"167 W 74th St, New York, NY 10023, United States",40.779917,-73.9803493,Cookie Crawl Starting Point. Good thicc cookies.,https://www.google.com/maps?ftid=0x89c25889849e29e9:0x95599b59c678ed68,0x89c25889849e29e9:0x95599b59c678ed68,/g/1tf8t__y,Zach J.,"New York, New York",m7FS_hkzSJJEPgD5o0716tZ4PbE9XQ,☕,cafe,visited,"New York, New York",m7FS_hkzSJJEPgD5o0716tZ4PbE9XQ,vibe,
Levain Bakery - Upper East Side,"1484 3rd Ave, New York, NY 10028, United States",40.777355299999996,-73.9552613,Cookie Crawl Starting Point,https://www.google.com/maps?ftid=0x89c259ff4563b743:0xf3755323f76bb77a,0x89c259ff4563b743:0xf3755323f76bb77a,/g/11fmb9gxz_,Zach J.,"New York, New York",m7FS_hkzSJJEPgD5o0716tZ4PbE9XQ,☕,cafe,visited,"New York, New York",m7FS_hkzSJJEPgD5o0716tZ4PbE9XQ,vibe,
Max's Bakery & Delicatessen,,49.257646699999995,-123.12740919999999,,https://www.google.com/maps?ftid=0x548673ea7d462bb7:0x168c15b2b9961514,0x548673ea7d462bb7:0x168c15b2b9961514,,Zach J.,BC Places,J-HTPTrrRB2hdSQ_jx2gvA,☕,cafe,visited,BC Places,J-HTPTrrRB2hdSQ_jx2gvA,vibe,
Mi Tierra Cafe y Panaderia,"218 Produce Row, San Antonio, TX 78207, United States",29.4249637,-98.49970689999999,,https://www.google.com/maps?ftid=0x865c5f4cb22e83bb:0x77558d160950aa0e,0x865c5f4cb22e83bb:0x77558d160950aa0e,/m/051xnvq,Zach J.,Texas,1S_gekS-v4RZuZLaRNwLRkv_EUSNYw,☕,cafe,visited,Texas,1S_gekS-v4RZuZLaRNwLRkv_EUSNYw,vibe,
Moja Coffee,"1102 Commercial Dr, Vancouver, BC V5L 2N1",49.2747149,-123.0693893,,https://www.google.com/maps?ftid=0x5486713e528aff95:0x9607c9900b451e20,0x5486713e528aff95:0x9607c9900b451e20,/g/11bccgngl4,Zach J.,BC Places,J-HTPTrrRB2hdSQ_jx2gvA,☕,cafe,visited,BC Places,J-HTPTrrRB2hdSQ_jx2gvA,vibe,
Monaco Cafe,"356 Water St, Vancouver, BC V6B 1B6",49.284473,-123.11029169999999,,https://www.google.com/maps?ftid=0x548671108d8e0fc5:0xa4b1f69df3d66ab4,0x548671108d8e0fc5:0xa4b1f69df3d66ab4,/g/11ty7tcnn0,Zach J.,BC Places,J-HTPTrrRB2hdSQ_jx2gvA,☕,cafe,visited,BC Places,J-HTPTrrRB2hdSQ_jx2gvA,vibe,
Moonbean Coffee Company,,43.6542087,-79.4001974,Decent coffee and nice back patio.,https://www.google.com/maps?ftid=0x882b34c24ae326e5:0xa9941a192d2d18c6,0x882b34c24ae326e5:0xa9941a192d2d18c6,,Zach J.,Churono,_Goa88wVSLuG5ntawKc2cw,☕,cafe,visited,Churono,_Goa88wVSLuG5ntawKc2cw,vibe,
Nelson the Seagull Cafe | Sourdough Baked Daily,"315 Carrall St, Vancouver, BC V6B 2J4",49.2821602,-123.1045601,,https://www.google.com/maps?ftid=0x54867170a80fed7d:0xb95fd77d52a77c7f,0x54867170a80fed7d:0xb95fd77d52a77c7f,/g/1tdb8jj5,Zach J.,BC Places,J-HTPTrrRB2hdSQ_jx2gvA,☕,cafe,visited,BC Places,J-HTPTrrRB2hdSQ_jx2gvA,vibe,
Nemesis Coffee GNW,"555 Great Northern Wy, Vancouver, BC V5T 1E1",49.267036,-123.09258919999999,,https://www.google.com/maps?ftid=0x5486716f1d5d3c67:0x9451d875d16c2f29,0x5486716f1d5d3c67:0x9451d875d16c2f29,/g/11qpmzmbbx,Zach J.,BC Places,J-HTPTrrRB2hdSQ_jx2gvA,☕,cafe,visited,BC Places,J-HTPTrrRB2hdSQ_jx2gvA,vibe,
New York Café,"Budapest, Erzsébet krt. 9-11, 1073 Hungary",47.4987259,19.0704556,,https://www.google.com/maps?ftid=0x4741dc66e2a0e799:0x3b24d300deeee120,0x4741dc66e2a0e799:0x3b24d300deeee120,/g/1q6j8vbd5,Zach J.,Hungary Places,1a46QBe0HWmKrjJYm4D9EROGYD6JOw,☕,cafe,visited,Hungary Places,1a46QBe0HWmKrjJYm4D9EROGYD6JOw,vibe,
Nova Era Bakery,,43.6494692,-79.4221036,"Nice bakery, good pastel de natas.",https://www.google.com/maps?ftid=0x882b34f918dfb193:0x6566f87bb09ac625,0x882b34f918dfb193:0x6566f87bb09ac625,,Zach J.,Churono,_Goa88wVSLuG5ntawKc2cw,☕,cafe,visited,Churono,_Goa88wVSLuG5ntawKc2cw,vibe,
Nova Era Bakery,"1480 St Clair Ave W, Toronto, ON M6E 1C7",43.6757894,-79.453968,Nice bakery.,https://www.google.com/maps?ftid=0x882b340e19b05a25:0x9f2524f2e93bbbaa,0x882b340e19b05a25:0x9f2524f2e93bbbaa,/g/1tcts96s,Zach J.,Churono,_Goa88wVSLuG5ntawKc2cw,☕,cafe,visited,Churono,_Goa88wVSLuG5ntawKc2cw,vibe,
Ovaltine Cafe,"251 E Hastings St, Vancouver, BC V6A 1P2",49.281482999999994,-123.0983914,"Great old diner, neighborhood is a little rough.",https://www.google.com/maps?ftid=0x5486717053099e69:0xf1c1c198bc862e62,0x5486717053099e69:0xf1c1c198bc862e62,/g/1tx1sww6,Zach J.,BC Places,J-HTPTrrRB2hdSQ_jx2gvA,☕,cafe,visited,BC Places,J-HTPTrrRB2hdSQ_jx2gvA,vibe,
Pavillion Pastries Cafe,,43.6884951,-79.301842,Great pastel de natas,https://www.google.com/maps?ftid=0x89d4cc17f6432295:0x502d83c1e5acd28a,0x89d4cc17f6432295:0x502d83c1e5acd28a,,Zach J.,Churono,_Goa88wVSLuG5ntawKc2cw,☕,cafe,visited,Churono,_Goa88wVSLuG5ntawKc2cw,vibe,
Phipps Bakery & Dessert Shop,"420 Eglinton Ave W, Toronto, ON M5N 1A2",43.7041778,-79.411118,Small bakery.,https://www.google.com/maps?ftid=0x882b33117effdbff:0x92e6b0ccf9709a69,0x882b33117effdbff:0x92e6b0ccf9709a69,/g/1tgns8yw,Zach J.,Churono,_Goa88wVSLuG5ntawKc2cw,☕,cafe,visited,Churono,_Goa88wVSLuG5ntawKc2cw,vibe,
Serano Bakery,,43.682879799999995,-79.346769,,https://www.google.com/maps?ftid=0x89d4cc854d6ee9b7:0x4722ffe917ca30f9,0x89d4cc854d6ee9b7:0x4722ffe917ca30f9,,Zach J.,Churono,_Goa88wVSLuG5ntawKc2cw,☕,cafe,visited,Churono,_Goa88wVSLuG5ntawKc2cw,vibe,
Sneaky Pete's Pool Café,"424 McLean Dr, Vancouver, BC V5L 0C1",49.2808941,-123.0739907,Nice pool hall.,https://www.google.com/maps?ftid=0x5486715e698e3dcf:0x100a7d3e808d37b2,0x5486715e698e3dcf:0x100a7d3e808d37b2,/g/11qpvr7bc_,Zach J.,BC Places,J-HTPTrrRB2hdSQ_jx2gvA,☕,cafe,visited,BC Places,J-HTPTrrRB2hdSQ_jx2gvA,vibe,
The Only Cafe,"962 Danforth Ave, Toronto, ON M4J 1M1",43.6804293,-79.3379783,,https://www.google.com/maps?ftid=0x89d4cc8700dd4af3:0x8080c6a37a8122c2,0x89d4cc8700dd4af3:0x8080c6a37a8122c2,/g/1tj9c_0j,Zach J.,Churono,_Goa88wVSLuG5ntawKc2cw,☕,cafe,visited,Churono,_Goa88wVSLuG5ntawKc2cw,vibe,
Vela Cafe,"1000 I St, Sacramento, CA 95814, United States",38.581161699999996,-121.4928748,Nice spot for a breakfast burrito,https://www.google.com/maps?ftid=0x809ad12a22511a99:0xb8951e432554dd4b,0x809ad12a22511a99:0xb8951e432554dd4b,/g/11bywwhwr4,Zach J.,California Places,aTaCY8tke-6jFT8XQ0SVYBXQZ4k60Q,☕,cafe,visited,California Places,aTaCY8tke-6jFT8XQ0SVYBXQZ4k60Q,vibe,
White Squirrel Coffee Shop,,43.6453907,-79.41241099999999,,https://www.google.com/maps?ftid=0x882b34e319913039:0xdebcbf5650e953a4,0x882b34e319913039:0xdebcbf5650e953a4,,Zach J.,Churono,_Goa88wVSLuG5ntawKc2cw,☕,cafe,visited,Churono,_Goa88wVSLuG5ntawKc2cw,vibe,
111 Ramyun,"2156 Yonge St, Toronto, ON M4S 2A8",43.703793399999995,-79.3980593,,https://www.google.com/maps?ftid=0x882b33007c3e5273:0x44853b9d01cc43a,0x882b33007c3e5273:0x44853b9d01cc43a,/g/11lm_tlxm6,Zach J.,Churono,_Goa88wVSLuG5ntawKc2cw,🍜,food,visited,Churono,_Goa88wVSLuG5ntawKc2cw,vibe,
Avalanche Pizza,"4320 Gate Way Dr UNIT #104, Whistler, BC V8E 0Z8",50.1155269,-122.95531709999999,,https://www.google.com/maps?ftid=0x54873cb34e67be7d:0x900499ae0a749d49,0x54873cb34e67be7d:0x900499ae0a749d49,/g/11clw1xmw4,Zach J.,BC Places,J-HTPTrrRB2hdSQ_jx2gvA,🍜,food,visited,BC Places,J-HTPTrrRB2hdSQ_jx2gvA,vibe,
Awesome Kitchen,"205 12 Ave SW, Calgary, AB T2R 0V1",51.0414119,-114.06623719999999,,https://www.google.com/maps?ftid=0x53717002d1f91f8d:0xde24292e6decada4,0x53717002d1f91f8d:0xde24292e6decada4,/g/1tdg7gps,Zach J.,Alberta Places,3C2H3oIS4n013AChLgQc_odlaarv0A,🍜,food,visited,Alberta Places,3C2H3oIS4n013AChLgQc_odlaarv0A,vibe,
Baczewski Restaurant,"Shevska St, 8, Lviv, Lviv Oblast, Ukraine, 79000",49.8422275,24.0298975,,https://www.google.com/maps?ftid=0x473add6d9bb8fee5:0x29a70f7e015e9f26,0x473add6d9bb8fee5:0x29a70f7e015e9f26,/g/11bc73rb67,Zach J.,Ukraine Places,rtZlzg3DJ3HuV0pqVKIPqr7kz2er6A,🍜,food,visited,Ukraine Places,rtZlzg3DJ3HuV0pqVKIPqr7kz2er6A,vibe,
Bam Bams BBQ,"1708 S State St, Orem, UT 84058, United States",40.2658121,-111.68155759999999,,https://www.google.com/maps?ftid=0x874d9a63843a01fd:0x1e8e2e65368e273d,0x874d9a63843a01fd:0x1e8e2e65368e273d,/g/12llbtp2_,Zach J.,Utah Places,yxf29Fw1SnujpoH_zKcqAA,🍜,food,visited,Utah Places,yxf29Fw1SnujpoH_zKcqAA,vibe,
BEAR Steak Sandwiches,,43.6557805,-79.4119498,Decent steak sammies,https://www.google.com/maps?ftid=0x882b350ddc183c83:0x44117f5d5dce9191,0x882b350ddc183c83:0x44117f5d5dce9191,,Zach J.,Churono,_Goa88wVSLuG5ntawKc2cw,🍜,food,visited,Churono,_Goa88wVSLuG5ntawKc2cw,vibe,
Belvárosi Lugas Restaurant,"Budapest, Bajcsy-Zsilinszky út 15, 1065 Hungary",47.500850299999996,19.0552632,,https://www.google.com/maps?ftid=0x4741dc6ae3e25075:0xede53feb1e2c00ac,0x4741dc6ae3e25075:0xede53feb1e2c00ac,/g/1tgjk1t0,Zach J.,Hungary Places,1a46QBe0HWmKrjJYm4D9EROGYD6JOw,🍜,food,visited,Hungary Places,1a46QBe0HWmKrjJYm4D9EROGYD6JOw,vibe,
Big Mario's Pizza,"1009 E Pike St, Seattle, WA 98122, United States",47.613945799999996,-122.3188756,,https://www.google.com/maps?ftid=0x54906acc37f8ca15:0xf272617ce1d998e4,0x54906acc37f8ca15:0xf272617ce1d998e4,/g/1tgn4fhg,Zach J.,Washington Places,WfdnMC3zRI3sfjHBnm_HrYeScehYSA,🍜,food,visited,Washington Places,WfdnMC3zRI3sfjHBnm_HrYeScehYSA,vibe,
Bistro 422,"422 College St, Toronto, ON M5T 1T3, Canada",43.6567776,-79.4069799,The staff is kinda abrasive (but it's on purpose). Mini pitcher drinks that are super dangerous and decently priced.,https://www.google.com/maps?ftid=0x882b34ebdd1795c9:0xffed990ec09b8d5c,0x882b34ebdd1795c9:0xffed990ec09b8d5c,,Zach J.,Churono,_Goa88wVSLuG5ntawKc2cw,🍜,food,visited,Churono,_Goa88wVSLuG5ntawKc2cw,vibe,
Black's Barbecue Austin,"3110 Guadalupe St, Austin, TX 78705, United States",30.2985054,-97.7411186,,https://www.google.com/maps?ftid=0x8644b580043090c5:0xb38367e106d02919,0x8644b580043090c5:0xb38367e106d02919,/g/1q6j438pz,Zach J.,Texas,1S_gekS-v4RZuZLaRNwLRkv_EUSNYw,🍜,food,visited,Texas,1S_gekS-v4RZuZLaRNwLRkv_EUSNYw,vibe,
Bleecker Street Pizza,"69 7th Ave S, New York, NY 10014, United States",40.732198,-74.0034014,"""The Best Pizza""",https://www.google.com/maps?ftid=0x89c259939fca75ad:0xad63a7908a34c8ef,0x89c259939fca75ad:0xad63a7908a34c8ef,/g/1tfczq_0,Zach J.,"New York, New York",m7FS_hkzSJJEPgD5o0716tZ4PbE9XQ,🍜,food,visited,"New York, New York",m7FS_hkzSJJEPgD5o0716tZ4PbE9XQ,vibe,
Brooklyn Ice Cream Factory,"14 Old Fulton St, Brooklyn, NY 11201, United States",40.7026518,-73.9945911,,https://www.google.com/maps?ftid=0x89c25a3a754e06d9:0x288943dcd42c52bf,0x89c25a3a754e06d9:0x288943dcd42c52bf,/g/1tjs5vx1,Zach J.,"New York, New York",m7FS_hkzSJJEPgD5o0716tZ4PbE9XQ,🍜,food,visited,"New York, New York",m7FS_hkzSJJEPgD5o0716tZ4PbE9XQ,vibe,
Burger Crush,"755 Nelson St, Vancouver, BC V6Z 1V3",49.2797206,-123.12350269999999,Decent Burger,https://www.google.com/maps?ftid=0x548673f195d2e87f:0x2bf2351e6acee74c,0x548673f195d2e87f:0x2bf2351e6acee74c,/g/11jzh7f17l,Zach J.,BC Places,J-HTPTrrRB2hdSQ_jx2gvA,🍜,food,visited,BC Places,J-HTPTrrRB2hdSQ_jx2gvA,vibe,
"CiCi's Pizza & Wings, Toronto",,43.6398254,-79.4414857,Really good pizza. The kind that's just a saucy mess.,https://www.google.com/maps?ftid=0x882b35b14b15cd6f:0xad9b8545ab638eb4,0x882b35b14b15cd6f:0xad9b8545ab638eb4,,Zach J.,Churono,_Goa88wVSLuG5ntawKc2cw,🍜,food,visited,Churono,_Goa88wVSLuG5ntawKc2cw,vibe,
Descendant Detroit Style Pizza,"1168 Queen St E, Toronto, ON M4M 1L4, Canada",43.662880799999996,-79.3323872,,https://www.google.com/maps?ftid=0x882b35aaa7a3003f:0x72c64135baaf69a4,0x882b35aaa7a3003f:0x72c64135baaf69a4,,Zach J.,Churono,_Goa88wVSLuG5ntawKc2cw,🍜,food,visited,Churono,_Goa88wVSLuG5ntawKc2cw,vibe,
Dickey's Barbecue Pit,"140 11 Ave SW, Calgary, AB T2R 0B8",51.042730399999996,-114.0653906,Good BBQ,https://www.google.com/maps?ftid=0x53717141704011c7:0x448a2207fe02c615,0x53717141704011c7:0x448a2207fe02c615,/g/11y2mtz_40,Zach J.,Alberta Places,3C2H3oIS4n013AChLgQc_odlaarv0A,🍜,food,visited,Alberta Places,3C2H3oIS4n013AChLgQc_odlaarv0A,vibe,
Dreamland BBQ,"3855 University Dr NW, Huntsville, AL 35816, United States",34.7346009,-86.62429209999999,"Really good BBQ, more locations further south as well.",https://www.google.com/maps?ftid=0x88626b83b7f63b03:0xd960a878b63c586d,0x88626b83b7f63b03:0xd960a878b63c586d,/g/1tfyf93x,Zach J.,'Murica Road Trip,D0K89-5vgjBHw6XsSCispo4wxNwsVA,🍜,food,visited,'Murica Road Trip,D0K89-5vgjBHw6XsSCispo4wxNwsVA,vibe,
Earnest Ice Cream | Quebec St.,"1829 Quebec St, Vancouver, BC V5T 2Z3",49.268808199999995,-123.1029334,,https://www.google.com/maps?ftid=0x54867160547153bf:0xc0ef31dc28e9564f,0x54867160547153bf:0xc0ef31dc28e9564f,/g/11b6_n3qsr,Zach J.,BC Places,J-HTPTrrRB2hdSQ_jx2gvA,🍜,food,visited,BC Places,J-HTPTrrRB2hdSQ_jx2gvA,vibe,
Escape From New York Pizza,"622 NW 23rd Ave, Portland, OR 97210, United States",45.5273366,-122.6983819,The za,https://www.google.com/maps?ftid=0x549509f11f192951:0x35635399d977a11f,0x549509f11f192951:0x35635399d977a11f,/g/1tm883zf,Zach J.,O-re-going Places,uPOFXqj2oXs8EjysOzM2PTCFTrpdog,🍜,food,visited,O-re-going Places,uPOFXqj2oXs8EjysOzM2PTCFTrpdog,vibe,
Franklin Barbecue,"900 E 11th St, Austin, TX 78702, United States",30.270122399999998,-97.731343,,https://www.google.com/maps?ftid=0x8644b5a4ae3bcc33:0x31aba8abf8f64c84,0x8644b5a4ae3bcc33:0x31aba8abf8f64c84,/m/012vm5v8,Zach J.,Texas,1S_gekS-v4RZuZLaRNwLRkv_EUSNYw,🍜,food,visited,Texas,1S_gekS-v4RZuZLaRNwLRkv_EUSNYw,vibe,
Future Bistro,"483 Bloor St W, Toronto, ON M5S 1Y2, Canada",43.6657218,-79.4075522,Want cake at 1am? Go here.,https://www.google.com/maps?ftid=0x882b3496a73cab05:0xef5780fe58c5fd55,0x882b3496a73cab05:0xef5780fe58c5fd55,,Zach J.,Churono,_Goa88wVSLuG5ntawKc2cw,🍜,food,visited,Churono,_Goa88wVSLuG5ntawKc2cw,vibe,
Ginger Sushi,"1437 Commercial Dr, Vancouver, BC V5L 3X8",49.2717257,-123.06979919999999,,https://www.google.com/maps?ftid=0x5486713f51a2b511:0x67f8bf232fac3ce9,0x5486713f51a2b511:0x67f8bf232fac3ce9,/g/1thx89bx,Zach J.,BC Places,J-HTPTrrRB2hdSQ_jx2gvA,🍜,food,visited,BC Places,J-HTPTrrRB2hdSQ_jx2gvA,vibe,
Goat Hill Pizza,"300 Connecticut St, San Francisco, CA 94107, United States",37.7624176,-122.3977463,,https://www.google.com/maps?ftid=0x808f7fcbb16237dd:0x7513216e1f6e5c08,0x808f7fcbb16237dd:0x7513216e1f6e5c08,/g/1tf162wg,Zach J.,California Places,aTaCY8tke-6jFT8XQ0SVYBXQZ4k60Q,🍜,food,visited,California Places,aTaCY8tke-6jFT8XQ0SVYBXQZ4k60Q,vibe,
Golden Boy Pizza,"542 Green St, San Francisco, CA 94133, United States",37.7997227,-122.4080733,THE ZA,https://www.google.com/maps?ftid=0x808580f15be21d9b:0xe113f26b1f7d55ae,0x808580f15be21d9b:0xe113f26b1f7d55ae,/m/01znlny,Zach J.,California Places,aTaCY8tke-6jFT8XQ0SVYBXQZ4k60Q,🍜,food,visited,California Places,aTaCY8tke-6jFT8XQ0SVYBXQZ4k60Q,vibe,
Hill Country Barbecue Market,"410 7th St NW, Washington, DC 20004, United States",38.8951188,-77.02205719999999,,https://www.google.com/maps?ftid=0x89b7b7901d0b937b:0xfcd2c5fe2391f4da,0x89b7b7901d0b937b:0xfcd2c5fe2391f4da,/m/0kdbzn4,Zach J.,Washington DC Places,LcNB3Ku1niTAsy0qH-HKT1v9d_odjw,🍜,food,visited,Washington DC Places,LcNB3Ku1niTAsy0qH-HKT1v9d_odjw,vibe,
Historic Hi-Lo Restaurant,,35.372124899999996,-115.890565,,https://www.google.com/maps?ftid=0x80c5936fa4be764b:0xb6d9e4d4aa42ca4,0x80c5936fa4be764b:0xb6d9e4d4aa42ca4,,Zach J.,California Places,aTaCY8tke-6jFT8XQ0SVYBXQZ4k60Q,🍜,food,visited,California Places,aTaCY8tke-6jFT8XQ0SVYBXQZ4k60Q,vibe,
i.d.k. barbecue,"161 N Main St, Tropic, UT 84776, United States",37.6262848,-112.0822037,Try Apple Cobbler,https://www.google.com/maps?ftid=0x87356d85070de3ff:0x5af261d6477c5f55,0x87356d85070de3ff:0x5af261d6477c5f55,/g/11g86m8sfz,Zach J.,Utah Places,yxf29Fw1SnujpoH_zKcqAA,🍜,food,visited,Utah Places,yxf29Fw1SnujpoH_zKcqAA,vibe,
Ivan Ramen,"25 Clinton St, New York, NY 10002, United States",40.720569399999995,-73.9844372,Ramen joint. Good stuff.,https://www.google.com/maps?ftid=0x89c259818b17e1ad:0x397d7608ef2c28ff,0x89c259818b17e1ad:0x397d7608ef2c28ff,/g/11b66ff60y,Zach J.,"New York, New York",m7FS_hkzSJJEPgD5o0716tZ4PbE9XQ,🍜,food,visited,"New York, New York",m7FS_hkzSJJEPgD5o0716tZ4PbE9XQ,vibe,
Jack's BBQ - SoDo,"3924 Airport Wy S, Seattle, WA 98108, United States",47.5682775,-122.3223342,,https://www.google.com/maps?ftid=0x549041d3e5a7b22b:0x940f39cdf7aae3b4,0x549041d3e5a7b22b:0x940f39cdf7aae3b4,/g/11bbw_y69v,Zach J.,Washington Places,WfdnMC3zRI3sfjHBnm_HrYeScehYSA,🍜,food,visited,Washington Places,WfdnMC3zRI3sfjHBnm_HrYeScehYSA,vibe,
Joe's Pizza,"7 Carmine St, New York, NY 10014, United States",40.7306217,-74.0021438,A pizza institution,https://www.google.com/maps?ftid=0x89c259924a960df1:0x43b20488619b3f43,0x89c259924a960df1:0x43b20488619b3f43,/g/1tyyy0n3,Zach J.,"New York, New York",m7FS_hkzSJJEPgD5o0716tZ4PbE9XQ,🍜,food,visited,"New York, New York",m7FS_hkzSJJEPgD5o0716tZ4PbE9XQ,vibe,
Kozak Ukrainian Restaurant,"1 W Cordova St, Vancouver, BC V6C 3N8",49.2827218,-123.10461249999999,,https://www.google.com/maps?ftid=0x5486719345d2458f:0x7f16a5982a0ee698,0x5486719345d2458f:0x7f16a5982a0ee698,/g/11nxv5kpwv,Zach J.,BC Places,J-HTPTrrRB2hdSQ_jx2gvA,🍜,food,visited,BC Places,J-HTPTrrRB2hdSQ_jx2gvA,vibe,
Kulu Kulu Sushi,"76 Brewer St, London W1F 9TX, United Kingdom",51.510970099999994,-0.1367334,,https://www.google.com/maps?ftid=0x487604d43e49a22f:0x73b061c94441f269,0x487604d43e49a22f:0x73b061c94441f269,/g/1thx827_,Zach J.,London (The British One),Dc1pjbzURxS4lLc15TJmfg,🍜,food,visited,London (The British One),Dc1pjbzURxS4lLc15TJmfg,vibe,
Lawless Barbecue,"1520 SE 7th Ave, Portland, OR 97214, United States",45.5117402,-122.658436,For the meat lover.,https://www.google.com/maps?ftid=0x5495758e2b5f6c35:0x30164a1cc1b799c3,0x5495758e2b5f6c35:0x30164a1cc1b799c3,/g/11mw0zzydx,Zach J.,O-re-going Places,uPOFXqj2oXs8EjysOzM2PTCFTrpdog,🍜,food,visited,O-re-going Places,uPOFXqj2oXs8EjysOzM2PTCFTrpdog,vibe,
Marathon Burger,"1827 Ocean Front Walk, Venice, CA 90291, United States",33.9854036,-118.472286,,https://www.google.com/maps?ftid=0x80c2bb005412fb79:0x59f25b3cb713509e,0x80c2bb005412fb79:0x59f25b3cb713509e,/g/11xdx8_vmh,Zach J.,California Places,aTaCY8tke-6jFT8XQ0SVYBXQZ4k60Q,🍜,food,visited,California Places,aTaCY8tke-6jFT8XQ0SVYBXQZ4k60Q,vibe,
Memphis Blues BBQ House,"430 Robson St, Vancouver, BC V6B 2W2",49.2795863,-123.1173752,,https://www.google.com/maps?ftid=0x5486717e65be7a27:0x37680f9009f61fb9,0x5486717e65be7a27:0x37680f9009f61fb9,/g/11b5wj8sqq,Zach J.,BC Places,J-HTPTrrRB2hdSQ_jx2gvA,🍜,food,visited,BC Places,J-HTPTrrRB2hdSQ_jx2gvA,vibe,
Midnight Express Diner,"1715 2nd Ave, New York, NY 10128, United States",40.7797888,-73.9505899,,https://www.google.com/maps?ftid=0x89c258bb29ffdf21:0x38521f2351fa1937,0x89c258bb29ffdf21:0x38521f2351fa1937,/g/1tgd7fqc,Zach J.,"New York, New York",m7FS_hkzSJJEPgD5o0716tZ4PbE9XQ,🍜,food,visited,"New York, New York",m7FS_hkzSJJEPgD5o0716tZ4PbE9XQ,vibe,
Monkey Sushi,,43.7071362,-79.3957689,Really good sushi,https://www.google.com/maps?ftid=0x882b33fe40f5323b:0x5f0259d9c7218e60,0x882b33fe40f5323b:0x5f0259d9c7218e60,,Zach J.,Churono,_Goa88wVSLuG5ntawKc2cw,🍜,food,visited,Churono,_Goa88wVSLuG5ntawKc2cw,vibe,
Mother's Restaurant,"401 Poydras St, New Orleans, LA 70130, United States",29.9489846,-90.0670016,,https://www.google.com/maps?ftid=0x8620a672efa15d7d:0x1fa42be757413a44,0x8620a672efa15d7d:0x1fa42be757413a44,/g/1w96h2jm,Zach J.,'Murica Road Trip,D0K89-5vgjBHw6XsSCispo4wxNwsVA,🍜,food,visited,'Murica Road Trip,D0K89-5vgjBHw6XsSCispo4wxNwsVA,vibe,
New York Grill,,35.685499899999996,139.6907386,Amazing bar with a strict dress code and city skyline views.,https://www.google.com/maps?ftid=0x6018f32d2c7f9779:0xd467e4830ebbe1c2,0x6018f32d2c7f9779:0xd467e4830ebbe1c2,,Zach J.,Japan Places,4MFKvfwkuooLXdFwzLh7bJlLOhg8-A,🍜,food,visited,Japan Places,4MFKvfwkuooLXdFwzLh7bJlLOhg8-A,vibe,
Nonta-sushi Kamiyacho,"Japan, 〒730-0051 Hiroshima, Naka Ward, Otemachi, 1 Chome−4−5 アロハビル 2階",34.3947715,132.45593399999998,,https://www.google.com/maps?ftid=0x355aa20c447b5857:0x3886151d3968c344,0x355aa20c447b5857:0x3886151d3968c344,/g/11b7w3086q,Zach J.,Japan Places,4MFKvfwkuooLXdFwzLh7bJlLOhg8-A,🍜,food,visited,Japan Places,4MFKvfwkuooLXdFwzLh7bJlLOhg8-A,vibe,
PALA PIZZA ROMANA & BISTROT,"Room 1 BTS/MRT Soi Sukhumvit 23, Khlong Toei Nuea, Watthana, Bangkok 10110",13.7369303,100.56089829999999,,https://www.google.com/maps?ftid=0x30e29ee30600dd73:0x9271d945d544eebc,0x30e29ee30600dd73:0x9271d945d544eebc,/g/11_q_h2yj,Zach J.,Thailand Places,8ZLYjtP28NdeHaxAFNWuqLewhbemIw,🍜,food,visited,Thailand Places,8ZLYjtP28NdeHaxAFNWuqLewhbemIw,vibe,
Patrician Grill,"219 King St E, Toronto, ON M5A 1J9, Canada",43.6509979,-79.36903869999999,"Great diner, go early though.",https://www.google.com/maps?ftid=0x89d4cb309d691107:0x14ccb47b5a277b79,0x89d4cb309d691107:0x14ccb47b5a277b79,/g/1tgwt7gb,Zach J.,Churono,_Goa88wVSLuG5ntawKc2cw,🍜,food,visited,Churono,_Goa88wVSLuG5ntawKc2cw,vibe,
Pizza Slice,,35.653535399999996,139.70511349999998,,https://www.google.com/maps?ftid=0x60188b5b150ddc43:0x6774f31fd3f468c1,0x60188b5b150ddc43:0x6774f31fd3f468c1,,Zach J.,Japan Places,4MFKvfwkuooLXdFwzLh7bJlLOhg8-A,🍜,food,visited,Japan Places,4MFKvfwkuooLXdFwzLh7bJlLOhg8-A,vibe,
Prince St. Pizza,"27 Prince St A, New York, NY 10012, United States",40.7230103,-73.9945675,Pizza - Spicy Pepperoni. Thicc and served hot. Really good.,https://www.google.com/maps?ftid=0x89c25985f7ec1beb:0x3c39f655da433d9d,0x89c25985f7ec1beb:0x3c39f655da433d9d,/g/113f6l3sc,Zach J.,"New York, New York",m7FS_hkzSJJEPgD5o0716tZ4PbE9XQ,🍜,food,visited,"New York, New York",m7FS_hkzSJJEPgD5o0716tZ4PbE9XQ,vibe,
Q's Billiard Club & Restaurant,"11835 Wilshire Blvd, Los Angeles, CA 90025, United States",34.0476224,-118.46340959999999,,https://www.google.com/maps?ftid=0x80c2bb5df4075d1b:0x53f31418f3c61ae4,0x80c2bb5df4075d1b:0x53f31418f3c61ae4,/g/1v3gs4_9,Zach J.,California Places,aTaCY8tke-6jFT8XQ0SVYBXQZ4k60Q,🍜,food,visited,California Places,aTaCY8tke-6jFT8XQ0SVYBXQZ4k60Q,vibe,
Queen Margherita Pizza,"785 Annette St, Toronto, ON M6S 2E4",43.6582398,-79.4878109,,https://www.google.com/maps?ftid=0x882b368de5147cd9:0x4c098e1bcd38be70,0x882b368de5147cd9:0x4c098e1bcd38be70,/g/12hk525mw,Zach J.,Churono,_Goa88wVSLuG5ntawKc2cw,🍜,food,visited,Churono,_Goa88wVSLuG5ntawKc2cw,vibe,
ra'mien Restaurant,,48.200275,16.36152,,https://www.google.com/maps?ftid=0x476d078515cf8ba1:0x33a5013291b0af2a,0x476d078515cf8ba1:0x33a5013291b0af2a,,Zach J.,Austria-ish Places,JW6_PhOiwD9hqDmWcuJh6u67rjwIwA,🍜,food,visited,Austria-ish Places,JW6_PhOiwD9hqDmWcuJh6u67rjwIwA,vibe,
Ramen Danbo Robson,,49.287475699999995,-123.1289899,,https://www.google.com/maps?ftid=0x548671873f1308b7:0xebd167c91d089ca3,0x548671873f1308b7:0xebd167c91d089ca3,,Zach J.,BC Places,J-HTPTrrRB2hdSQ_jx2gvA,🍜,food,visited,BC Places,J-HTPTrrRB2hdSQ_jx2gvA,vibe,
Ramen Isshin,,43.6564561,-79.4069842,,https://www.google.com/maps?ftid=0x882b34ebddf6c437:0xa815f766d0687565,0x882b34ebddf6c437:0xa815f766d0687565,,Zach J.,Churono,_Goa88wVSLuG5ntawKc2cw,🍜,food,visited,Churono,_Goa88wVSLuG5ntawKc2cw,vibe,
Ramen Raijin on Wellesley,,43.6651063,-79.3860375,Pretty good ramen,https://www.google.com/maps?ftid=0x882b34b3e03cb3e1:0x325dbee57d4a9f4f,0x882b34b3e03cb3e1:0x325dbee57d4a9f4f,,Zach J.,Churono,_Goa88wVSLuG5ntawKc2cw,🍜,food,visited,Churono,_Goa88wVSLuG5ntawKc2cw,vibe,
Ramen Zundou-ya,"2 Chome-39-3 Kabukicho, Shinjuku City, Tokyo 160-0021, Japan",35.696776899999996,139.701975,,https://www.google.com/maps?ftid=0x60188cd806212c91:0x662ef5163ffa6d07,0x60188cd806212c91:0x662ef5163ffa6d07,/g/11b7227qvm,Zach J.,Japan Places,4MFKvfwkuooLXdFwzLh7bJlLOhg8-A,🍜,food,visited,Japan Places,4MFKvfwkuooLXdFwzLh7bJlLOhg8-A,vibe,
Ruth's Diner,"4160 Emigration Canyon Rd, Emigration Canyon, UT 84108, United States",40.7617707,-111.7806099,Nice old diner.,https://www.google.com/maps?ftid=0x87525e19420bcd35:0x94255ff71c36cb3a,0x87525e19420bcd35:0x94255ff71c36cb3a,/g/1ym82my5k,Zach J.,Utah Places,yxf29Fw1SnujpoH_zKcqAA,🍜,food,visited,Utah Places,yxf29Fw1SnujpoH_zKcqAA,vibe,
Sacred Taco,"1875 Union St, San Francisco, CA 94123, United States",37.797598,-122.43004889999999,"They have Happy Hour Tacos, basically half off!",https://www.google.com/maps?ftid=0x808581ad1e3f07a7:0xb2d9467cbbf2b070,0x808581ad1e3f07a7:0xb2d9467cbbf2b070,/g/11t77kplzd,Zach J.,California Places,aTaCY8tke-6jFT8XQ0SVYBXQZ4k60Q,🍜,food,visited,California Places,aTaCY8tke-6jFT8XQ0SVYBXQZ4k60Q,vibe,
Scarr's Pizza,"22 Orchard St, New York, NY 10002, United States",40.715713699999995,-73.9915748,Pizza - NY Slice,https://www.google.com/maps?ftid=0x89c25a29b69a4a39:0xb65f303d4ac5eb82,0x89c25a29b69a4a39:0xb65f303d4ac5eb82,/g/11cly85q0q,Zach J.,"New York, New York",m7FS_hkzSJJEPgD5o0716tZ4PbE9XQ,🍜,food,visited,"New York, New York",m7FS_hkzSJJEPgD5o0716tZ4PbE9XQ,vibe,
Smoke and Bones BBQ,"999 Marine Dr, North Vancouver, BC V7P 1S4",49.323575999999996,-123.101946,,https://www.google.com/maps?ftid=0x54866f9132d08667:0xbf897c463fd6a7f8,0x54866f9132d08667:0xbf897c463fd6a7f8,/g/11fzf4ch6g,Zach J.,BC Places,J-HTPTrrRB2hdSQ_jx2gvA,🍜,food,visited,BC Places,J-HTPTrrRB2hdSQ_jx2gvA,vibe,
Smoque BBQ,"3800 N Pulaski Rd, Chicago, IL 60641, United States",41.9501115,-87.727672,,https://www.google.com/maps?ftid=0x880fcdb09bae970d:0x13270b9006e774cf,0x880fcdb09bae970d:0x13270b9006e774cf,/g/1tmxrm8y,Zach J.,Illinois Places,jvmK2Q-VUEhCXxu8GrJbdro33fvGTw,🍜,food,visited,Illinois Places,jvmK2Q-VUEhCXxu8GrJbdro33fvGTw,vibe,
Sushi Aboard,,49.2889286,-123.13951139999999,,https://www.google.com/maps?ftid=0x5486737bdb673a07:0x1d3a452aa6053895,0x5486737bdb673a07:0x1d3a452aa6053895,,Zach J.,BC Places,J-HTPTrrRB2hdSQ_jx2gvA,🍜,food,visited,BC Places,J-HTPTrrRB2hdSQ_jx2gvA,vibe,
Sushi Zuki,,43.6945361,-79.4561303,,https://www.google.com/maps?ftid=0x882b33ee2d9e638f:0x989b8034d6c0d589,0x882b33ee2d9e638f:0x989b8034d6c0d589,,Zach J.,Churono,_Goa88wVSLuG5ntawKc2cw,🍜,food,visited,Churono,_Goa88wVSLuG5ntawKc2cw,vibe,
Terry Black's Barbecue,"1003 Barton Springs Rd, Austin, TX 78704, United States",30.259712099999998,-97.7548241,,https://www.google.com/maps?ftid=0x8644b51b0e822a65:0xc03ac22ba09158c7,0x8644b51b0e822a65:0xc03ac22ba09158c7,/g/1ptw839c8,Zach J.,Texas,1S_gekS-v4RZuZLaRNwLRkv_EUSNYw,🍜,food,visited,Texas,1S_gekS-v4RZuZLaRNwLRkv_EUSNYw,vibe,
Tesla Diner,"7001 Santa Monica Blvd, Los Angeles, CA 90038, United States",34.0909057,-118.3418573,,https://www.google.com/maps?ftid=0x80c2bf29156fffff:0x1542bf46f5cb6a0,0x80c2bf29156fffff:0x1542bf46f5cb6a0,/g/11xn5c1ghs,Zach J.,California Places,aTaCY8tke-6jFT8XQ0SVYBXQZ4k60Q,🍜,food,visited,California Places,aTaCY8tke-6jFT8XQ0SVYBXQZ4k60Q,vibe,
The Burger Shack,,43.7047461,-79.4057842,Classic burger place.,https://www.google.com/maps?ftid=0x882b3316f6c9d9bd:0xce093a06f83c619f,0x882b3316f6c9d9bd:0xce093a06f83c619f,,Zach J.,Churono,_Goa88wVSLuG5ntawKc2cw,🍜,food,visited,Churono,_Goa88wVSLuG5ntawKc2cw,vibe,
The Lakeview Restaurant,"1132 Dundas St W, Toronto, ON M6J 1X2, Canada",43.6494958,-79.4204156,"Classic diner, usually open",https://www.google.com/maps?ftid=0x882b34f965c36839:0xe6ec62c3892d7859,0x882b34f965c36839:0xe6ec62c3892d7859,/g/12xqwdcwt,Zach J.,Churono,_Goa88wVSLuG5ntawKc2cw,🍜,food,visited,Churono,_Goa88wVSLuG5ntawKc2cw,vibe,
The Most Expensive Galician Restaurant,"Rynok Square, 14, 2 Poverkh, Lviv, Lviv Oblast, Ukraine, 79000",49.841268,24.032280999999998,,https://www.google.com/maps?ftid=0x473add6c4d096119:0x976085ea86d794b7,0x473add6c4d096119:0x976085ea86d794b7,/g/12hkj81fc,Zach J.,Ukraine Places,rtZlzg3DJ3HuV0pqVKIPqr7kz2er6A,🍜,food,visited,Ukraine Places,rtZlzg3DJ3HuV0pqVKIPqr7kz2er6A,vibe,
The Real Jerk Restaurant,,43.6677892,-79.3432074,,https://www.google.com/maps?ftid=0x0:0x19d6dee0c3a956f7,0x0:0x19d6dee0c3a956f7,,Zach J.,Churono,_Goa88wVSLuG5ntawKc2cw,🍜,food,visited,Churono,_Goa88wVSLuG5ntawKc2cw,vibe,
Tony's Pizza Napoletana,"1570 Stockton St, San Francisco, CA 94133, United States",37.8003905,-122.4090475,,https://www.google.com/maps?ftid=0x808580f112dc711d:0xbfb3fcde3487fb40,0x808580f112dc711d:0xbfb3fcde3487fb40,/g/11b900mvkk,Zach J.,California Places,aTaCY8tke-6jFT8XQ0SVYBXQZ4k60Q,🍜,food,visited,California Places,aTaCY8tke-6jFT8XQ0SVYBXQZ4k60Q,vibe,
Uncle Fatih's Pizza - ABBOTT,"638 Abbott St, Vancouver, BC V6B 6N7",49.279246199999996,-123.10746379999999,,https://www.google.com/maps?ftid=0x5486717ba6f1dfc5:0x71e7ad9b17e9ab0f,0x5486717ba6f1dfc5:0x71e7ad9b17e9ab0f,/g/1vjdprjg,Zach J.,BC Places,J-HTPTrrRB2hdSQ_jx2gvA,🍜,food,visited,BC Places,J-HTPTrrRB2hdSQ_jx2gvA,vibe,
Výtopna Railway Restaurant - Wenceslas Square,"Václavské nám. 802/56, 110 00 Nové Město, Czechia",50.080202899999996,14.4285629,,https://www.google.com/maps?ftid=0x470b94929ef88247:0x95f8da59d136d8bc,0x470b94929ef88247:0x95f8da59d136d8bc,/g/11b6gpcws9,Zach J.,Czech Republic Places,5Sbx3FnNAI1ouog5bO7G95yNPypkiA,🍜,food,visited,Czech Republic Places,5Sbx3FnNAI1ouog5bO7G95yNPypkiA,vibe,
Wazema Ethiopian Restaurant,"1360 Danforth Ave, Toronto, ON M4J 1M9",43.6824438,-79.3285233,,https://www.google.com/maps?ftid=0x89d4cc64b6ace793:0xb3b85004b1f25121,0x89d4cc64b6ace793:0xb3b85004b1f25121,/g/1tknlfb2,Zach J.,Churono,_Goa88wVSLuG5ntawKc2cw,🍜,food,visited,Churono,_Goa88wVSLuG5ntawKc2cw,vibe,
Yamato Japanese Restaurant,,43.6706611,-79.3912971,Bougie sushi,https://www.google.com/maps?ftid=0x882b34af8f4fe47b:0xaa61416a7fb0459c,0x882b34af8f4fe47b:0xaa61416a7fb0459c,,Zach J.,Churono,_Goa88wVSLuG5ntawKc2cw,🍜,food,visited,Churono,_Goa88wVSLuG5ntawKc2cw,vibe,
Yoko Sushi & Bento,"96 Ermou,, Shop 4,, Larnaca 6022, Cyprus",34.914627599999996,33.6344588,Really good eel.,https://www.google.com/maps?ftid=0x14e082a387f81d01:0x214fb8db7a58d2a0,0x14e082a387f81d01:0x214fb8db7a58d2a0,/g/11dxm71299,Zach J.,Cyprus Places,op1yFHMtopjnsWL6BEbTl-cVqS5sDg,🍜,food,visited,Cyprus Places,op1yFHMtopjnsWL6BEbTl-cVqS5sDg,vibe,
ไชย เรสเตอรอง Chai Restaurant,"1 Prapokkloa Rd, Tambon Phra Sing, Mueang Chiang Mai District, Chiang Mai 50200",18.7815679,98.9888302,,https://www.google.com/maps?ftid=0x30da3bba4967f075:0xcfa54c0ce7f6c3c,0x30da3bba4967f075:0xcfa54c0ce7f6c3c,/g/11rd8chh6m,Zach J.,Thailand Places,8ZLYjtP28NdeHaxAFNWuqLewhbemIw,🍜,food,visited,Thailand Places,8ZLYjtP28NdeHaxAFNWuqLewhbemIw,vibe,
돼지명가 (Pig myeong-ga Korean BBQ) 홍대,"221 Donggyo-ro, Donggyo-dong, Mapo-gu, Seoul",37.5597364,126.9235896,Pretty good BBQ.,https://www.google.com/maps?ftid=0x357c99f45f8a6e8f:0x1cc2437d4cd2a4a4,0x357c99f45f8a6e8f:0x1cc2437d4cd2a4a4,/g/11ngynn_n1,Zach J.,South Korea Places,eq-jX2C0L9Am26jRVNLfIlkd0WnWLw,🍜,food,visited,South Korea Places,eq-jX2C0L9Am26jRVNLfIlkd0WnWLw,vibe,
ABURI Market Downtown,"609 Granville St Unit 101, Vancouver, BC V7Y 1H2",49.283527199999995,-123.1168951,Pretty Good Japan Store,https://www.google.com/maps?ftid=0x548671002cc1c3f5:0xf6f508497aedc5cd,0x548671002cc1c3f5:0xf6f508497aedc5cd,/g/11ymb4cdrw,Zach J.,BC Places,J-HTPTrrRB2hdSQ_jx2gvA,🛒,market,visited,BC Places,J-HTPTrrRB2hdSQ_jx2gvA,vibe,
Albert Cuyp Market,,52.355967299999996,4.8953871,,https://www.google.com/maps?ftid=0x47c609f28b745671:0xd2d8aeb9aaa10b4b,0x47c609f28b745671:0xd2d8aeb9aaa10b4b,,Zach J.,Netherlands Places,uUJAjJl3UL4Vb2neQptAbAc1dIoemQ,🛒,market,visited,Netherlands Places,uUJAjJl3UL4Vb2neQptAbAc1dIoemQ,vibe,
Borough Market,"London SE1 9AL, United Kingdom",51.5055826,-0.0904808,,https://www.google.com/maps?ftid=0x4876035775cf660f:0x3128e7e59ca044b9,0x4876035775cf660f:0x3128e7e59ca044b9,/m/01zp6v,Zach J.,London (The British One),Dc1pjbzURxS4lLc15TJmfg,🛒,market,visited,London (The British One),Dc1pjbzURxS4lLc15TJmfg,vibe,
Central Market Hall,"Budapest, Vámház krt. 1-3, 1093 Hungary",47.4870848,19.058493,,https://www.google.com/maps?ftid=0x4741dc4fe2b1c2f7:0xa08c351e7bba2ecc,0x4741dc4fe2b1c2f7:0xa08c351e7bba2ecc,/m/0ft1r5,Zach J.,Hungary Places,1a46QBe0HWmKrjJYm4D9EROGYD6JOw,🛒,market,visited,Hungary Places,1a46QBe0HWmKrjJYm4D9EROGYD6JOw,vibe,
Chatuchak Weekend Market,"587, 10 Kamphaeng Phet 2 Rd, Khwaeng Chatuchak, Chatuchak, Bangkok 10900",13.799781,100.55042449999999,,https://www.google.com/maps?ftid=0x30e29c14e883f8dd:0x91f191d784b87d4b,0x30e29c14e883f8dd:0x91f191d784b87d4b,/m/015g8y,Zach J.,Thailand Places,8ZLYjtP28NdeHaxAFNWuqLewhbemIw,🛒,market,visited,Thailand Places,8ZLYjtP28NdeHaxAFNWuqLewhbemIw,vibe,
Chiang Mai Night Bazaar,"Changklan Rd, Chang Moi Sub-district, Mueang Chiang Mai District, Chiang Mai 50100",18.7852244,99.0002986,,https://www.google.com/maps?ftid=0x30da3aa60ca74a5b:0xb2ef5007f26b01d,0x30da3aa60ca74a5b:0xb2ef5007f26b01d,/m/05c54fn,Zach J.,Thailand Places,8ZLYjtP28NdeHaxAFNWuqLewhbemIw,🛒,market,visited,Thailand Places,8ZLYjtP28NdeHaxAFNWuqLewhbemIw,vibe,
CRAFT Beer Market Calgary Downtown,"345 10 Ave SW, Calgary, AB T2R 0A5",51.0434384,-114.0705776,,https://www.google.com/maps?ftid=0x53716fe2bc55e4eb:0x18456cd8aab8fe39,0x53716fe2bc55e4eb:0x18456cd8aab8fe39,/g/1thkwysv,Zach J.,Alberta Places,3C2H3oIS4n013AChLgQc_odlaarv0A,🛒,market,visited,Alberta Places,3C2H3oIS4n013AChLgQc_odlaarv0A,vibe,
Dongmyo Flea Market,"102-8 Sungin-dong, Jongno District, Seoul",37.5732171,127.01764089999999,,https://www.google.com/maps?ftid=0x357ca392cc92f313:0xe29e4530cd88faa8,0x357ca392cc92f313:0xe29e4530cd88faa8,/g/11fcmp768l,Zach J.,South Korea Places,eq-jX2C0L9Am26jRVNLfIlkd0WnWLw,🛒,market,visited,South Korea Places,eq-jX2C0L9Am26jRVNLfIlkd0WnWLw,vibe,
Grand Bazaar,"Beyazıt, Kalpakçılar Cd. No:22, 34126 Fatih/İstanbul, Turkey",41.0106848,28.9680681,,https://www.google.com/maps?ftid=0x14cab99162d70527:0x64c8680b5ac198ab,0x14cab99162d70527:0x64c8680b5ac198ab,/m/01ym_8,Zach J.,Istanbul,T9mlMxDchiknHm63Z7-uttmXeOMrzg,🛒,market,visited,Istanbul,T9mlMxDchiknHm63Z7-uttmXeOMrzg,vibe,
Gwangjang Market,"88 Changgyeonggung-ro, Jongno District, Seoul",37.570039799999996,126.9996036,,https://www.google.com/maps?ftid=0x357ca2ed7e74759b:0xd656a34831089f44,0x357ca2ed7e74759b:0xd656a34831089f44,/m/012r1x6q,Zach J.,South Korea Places,eq-jX2C0L9Am26jRVNLfIlkd0WnWLw,🛒,market,visited,South Korea Places,eq-jX2C0L9Am26jRVNLfIlkd0WnWLw,vibe,
Indy Market Pinklao,"209 Charan Sanit Wong Rd, Bang Bumru, Bang Phlat, Bangkok 10700",13.777303499999999,100.4846779,,https://www.google.com/maps?ftid=0x30e29981fd6ab7ef:0x722f41c85c13c074,0x30e29981fd6ab7ef:0x722f41c85c13c074,/g/11f53h34hw,Zach J.,Thailand Places,8ZLYjtP28NdeHaxAFNWuqLewhbemIw,🛒,market,visited,Thailand Places,8ZLYjtP28NdeHaxAFNWuqLewhbemIw,vibe,
Kosciuszko Market Square,"Rynek Kościuszki, 15-004 Białystok, Poland",53.132353699999996,23.1594992,,https://www.google.com/maps?ftid=0x471ffdd8c4c0e7a1:0xd804810c68bbeb4d,0x471ffdd8c4c0e7a1:0xd804810c68bbeb4d,/g/11gnrqm9zk,Zach J.,Poland Places,rJiYI8AwTOeCZ372vYFwILDmTQWZ1w,🛒,market,visited,Poland Places,rJiYI8AwTOeCZ372vYFwILDmTQWZ1w,vibe,
Kuromon Market,,34.665351099999995,135.5062417,,https://www.google.com/maps?ftid=0x6000e741e541225d:0xac1d2c78be23c141,0x6000e741e541225d:0xac1d2c78be23c141,,Zach J.,Japan Places,4MFKvfwkuooLXdFwzLh7bJlLOhg8-A,🛒,market,visited,Japan Places,4MFKvfwkuooLXdFwzLh7bJlLOhg8-A,vibe,
Leadenhall Market,"Gracechurch St, London EC3V 1LT, United Kingdom",51.512766,-0.0835289,,https://www.google.com/maps?ftid=0x487603528c761b51:0x2ab521a67e1111b3,0x487603528c761b51:0x2ab521a67e1111b3,/m/03wdyh,Zach J.,London (The British One),Dc1pjbzURxS4lLc15TJmfg,🛒,market,visited,London (The British One),Dc1pjbzURxS4lLc15TJmfg,vibe,
Maeklong Railway Market,"CX4X+XCC, Mae Klong, Mueang Samut Songkhram District, Samut Songkhram 75000",13.4074289,99.9985032,,https://www.google.com/maps?ftid=0x30e2d38e975b4ad7:0x3bd8d8510345a1ee,0x30e2d38e975b4ad7:0x3bd8d8510345a1ee,/g/11cphhcp_8,Zach J.,Thailand Places,8ZLYjtP28NdeHaxAFNWuqLewhbemIw,🛒,market,visited,Thailand Places,8ZLYjtP28NdeHaxAFNWuqLewhbemIw,vibe,
MEININGER Budapest Great Market Hall,"Budapest, Csarnok tér 2, 1093 Hungary",47.4860362,19.060081399999998,,https://www.google.com/maps?ftid=0x4741dc5068876ccd:0x6125db923cc93b7,0x4741dc5068876ccd:0x6125db923cc93b7,/g/11c52gytjw,Zach J.,Hungary Places,1a46QBe0HWmKrjJYm4D9EROGYD6JOw,🛒,market,visited,Hungary Places,1a46QBe0HWmKrjJYm4D9EROGYD6JOw,vibe,
Mercado de La Boqueria,"La Rambla, 91, 08001 Barcelona, Spain",41.3817399,2.1715853,,https://www.google.com/maps?ftid=0x12a4a2f7b51e5a01:0x860ac654dc73add5,0x12a4a2f7b51e5a01:0x860ac654dc73add5,/m/02qcxkq,Zach J.,Spain,9OTD759Vy7eRxRIn4AOrt-0eFJ0TtA,🛒,market,visited,Spain,9OTD759Vy7eRxRIn4AOrt-0eFJ0TtA,vibe,
Modica Market,"109 Central Square Seaside, Santa Rosa Beach, FL 32459, United States",30.320073599999997,-86.1369698,The Truman Show main shop Jim Carrey visits.,https://www.google.com/maps?ftid=0x8893e4e32034e97b:0xff2405c1d1abc2c1,0x8893e4e32034e97b:0xff2405c1d1abc2c1,/g/1vnnk5dl,Zach J.,'Murica Road Trip,D0K89-5vgjBHw6XsSCispo4wxNwsVA,🛒,market,visited,'Murica Road Trip,D0K89-5vgjBHw6XsSCispo4wxNwsVA,vibe,
Namdaemun Market,"21 Namdaemunsijang 4-gil, Jung District, Seoul",37.559277,126.9777029,,https://www.google.com/maps?ftid=0x357ca2f516e5887d:0xcd371b16a3ec2061,0x357ca2f516e5887d:0xcd371b16a3ec2061,/m/0gwnpw,Zach J.,South Korea Places,eq-jX2C0L9Am26jRVNLfIlkd0WnWLw,🛒,market,visited,South Korea Places,eq-jX2C0L9Am26jRVNLfIlkd0WnWLw,vibe,
Nature Valley Market /Deli,"366 W 23 St, New York, NY 10011, United States",40.7462717,-74.00113429999999,,https://www.google.com/maps?ftid=0x89c25925f8b04a37:0xc3dd4a32e8345921,0x89c25925f8b04a37:0xc3dd4a32e8345921,/g/11tsl3m3hk,Zach J.,"New York, New York",m7FS_hkzSJJEPgD5o0716tZ4PbE9XQ,🛒,market,visited,"New York, New York",m7FS_hkzSJJEPgD5o0716tZ4PbE9XQ,vibe,
Nishiki Market,,35.0050258,135.764723,,https://www.google.com/maps?ftid=0x6001089ccd8ccb4f:0xb69ea31001ec6c9c,0x6001089ccd8ccb4f:0xb69ea31001ec6c9c,,Zach J.,Japan Places,4MFKvfwkuooLXdFwzLh7bJlLOhg8-A,🛒,market,visited,Japan Places,4MFKvfwkuooLXdFwzLh7bJlLOhg8-A,vibe,
Old Market Square,"Stary Rynek, 60-101 Poznań, Poland",52.4088249,16.9333568,,https://www.google.com/maps?ftid=0x47045b39cf647505:0xf56a159b8104f7d5,0x47045b39cf647505:0xf56a159b8104f7d5,/g/122n0fbw,Zach J.,Poland Places,rJiYI8AwTOeCZ372vYFwILDmTQWZ1w,🛒,market,visited,Poland Places,rJiYI8AwTOeCZ372vYFwILDmTQWZ1w,vibe,
Old Town Market Square,"Rynek Starego Miasta, 00-272 Warszawa, Poland",52.249789299999996,21.012170599999997,,https://www.google.com/maps?ftid=0x471ecc660bbbf633:0x1fa1ac7863f881b2,0x471ecc660bbbf633:0x1fa1ac7863f881b2,/m/0f50ns,Zach J.,Poland Places,rJiYI8AwTOeCZ372vYFwILDmTQWZ1w,🛒,market,visited,Poland Places,rJiYI8AwTOeCZ372vYFwILDmTQWZ1w,vibe,
Pike Place Market,"Pike Place Market, Seattle, WA, USA",47.609665899999996,-122.3421671,,https://www.google.com/maps?ftid=0x54906ab2c151d6cb:0x60441d5f633e9f1c,0x54906ab2c151d6cb:0x60441d5f633e9f1c,/m/02k953,Zach J.,Washington Places,WfdnMC3zRI3sfjHBnm_HrYeScehYSA,🛒,market,visited,Washington Places,WfdnMC3zRI3sfjHBnm_HrYeScehYSA,vibe,
Shinjuku used camera market,,35.689715,139.6969009,Camera store,https://www.google.com/maps?ftid=0x60188cd145497869:0x2e60a09bbd95490d,0x60188cd145497869:0x2e60a09bbd95490d,,Zach J.,Japan Places,4MFKvfwkuooLXdFwzLh7bJlLOhg8-A,🛒,market,visited,Japan Places,4MFKvfwkuooLXdFwzLh7bJlLOhg8-A,vibe,
The Detour,"2200A Market St, San Francisco, CA 94114, United States",37.7658315,-122.431404,,https://www.google.com/maps?ftid=0x808f7e1c4c103551:0xb197dacd7ef1ea80,0x808f7e1c4c103551:0xb197dacd7ef1ea80,/g/11b6nlr6kh,Zach J.,California Places,aTaCY8tke-6jFT8XQ0SVYBXQZ4k60Q,🛒,market,visited,California Places,aTaCY8tke-6jFT8XQ0SVYBXQZ4k60Q,vibe,
Aloft Dallas Downtown,"1033 Young St, Dallas, TX 75202, United States",32.7771833,-96.801087,,https://www.google.com/maps?ftid=0x864e991991edcc77:0xf1c1f13d6a6102a0,0x864e991991edcc77:0xf1c1f13d6a6102a0,/g/1tnpldr0,Zach J.,Texas,1S_gekS-v4RZuZLaRNwLRkv_EUSNYw,🏙️,neighborhood,visited,Texas,1S_gekS-v4RZuZLaRNwLRkv_EUSNYw,vibe,
Always Thaifood,"66 Prapokkloa Rd, Tambon Phra Sing, Mueang Chiang Mai District, Chiang Mai 50200",18.7829521,98.98881279999999,,https://www.google.com/maps?ftid=0x30da3a9fbaa43b15:0xcf64396a914e350,0x30da3a9fbaa43b15:0xcf64396a914e350,/g/11b8_8sldt,Zach J.,Thailand Places,8ZLYjtP28NdeHaxAFNWuqLewhbemIw,🏙️,neighborhood,visited,Thailand Places,8ZLYjtP28NdeHaxAFNWuqLewhbemIw,vibe,
Armenian Quarter,"Virmens'ka St, 7, Lviv, Lviv Oblast, Ukraine, 79000",49.8431237,24.0308447,,https://www.google.com/maps?ftid=0x473add6d71f8e5ab:0x1e78cff55bb50518,0x473add6d71f8e5ab:0x1e78cff55bb50518,/g/11b7f3dnpr,Zach J.,Ukraine Places,rtZlzg3DJ3HuV0pqVKIPqr7kz2er6A,🏙️,neighborhood,visited,Ukraine Places,rtZlzg3DJ3HuV0pqVKIPqr7kz2er6A,vibe,
Atlas Valley,"234 หมู่ที่ 5 Mae Hi, Pai District, Mae Hong Son 58130",19.3470975,98.44805269999999,,https://www.google.com/maps?ftid=0x30da8049c6e34407:0x777152f847690aef,0x30da8049c6e34407:0x777152f847690aef,/g/1td8fj2p,Zach J.,Thailand Places,8ZLYjtP28NdeHaxAFNWuqLewhbemIw,🏙️,neighborhood,visited,Thailand Places,8ZLYjtP28NdeHaxAFNWuqLewhbemIw,vibe,
Bangkok Bank (Siam T.V. branch),"111, 1 Chang Lor Rd, Tambon Phra Sing, Mueang Chiang Mai District, Chiang Mai 50100",18.781005999999998,98.9834788,Cash money,https://www.google.com/maps?ftid=0x30da3076272adc45:0x5666e73c149efb30,0x30da3076272adc45:0x5666e73c149efb30,/g/11byz7znlq,Zach J.,Thailand Places,8ZLYjtP28NdeHaxAFNWuqLewhbemIw,🏙️,neighborhood,visited,Thailand Places,8ZLYjtP28NdeHaxAFNWuqLewhbemIw,vibe,
Best Khao Soi Chang mai,"1 Bumrung Buri Rd, Tambon Phra Sing, Mueang Chiang Mai District, Chiang Mai 50200",18.7812114,98.98839889999999,,https://www.google.com/maps?ftid=0x30da3b68a05b5329:0xa7d1b3c8069e7225,0x30da3b68a05b5329:0xa7d1b3c8069e7225,/g/11m_jxlckd,Zach J.,Thailand Places,8ZLYjtP28NdeHaxAFNWuqLewhbemIw,🏙️,neighborhood,visited,Thailand Places,8ZLYjtP28NdeHaxAFNWuqLewhbemIw,vibe,
Bukchon Hanok Village,"Gyedong-gil, Jongno District, Seoul",37.5814696,126.9849519,,https://www.google.com/maps?ftid=0x357ca2daaff8c14f:0xcdbcbaa9ffc9e59a,0x357ca2daaff8c14f:0xcdbcbaa9ffc9e59a,/m/043pdws,Zach J.,South Korea Places,eq-jX2C0L9Am26jRVNLfIlkd0WnWLw,🏙️,neighborhood,visited,South Korea Places,eq-jX2C0L9Am26jRVNLfIlkd0WnWLw,vibe,
Cheonggyecheon,"Jongno District, Seoul",37.569101499999995,126.9786692,,https://www.google.com/maps?ftid=0x357ca2ece3930023:0xbd86fa6e88b74ed4,0x357ca2ece3930023:0xbd86fa6e88b74ed4,/m/08xtm2,Zach J.,South Korea Places,eq-jX2C0L9Am26jRVNLfIlkd0WnWLw,🏙️,neighborhood,visited,South Korea Places,eq-jX2C0L9Am26jRVNLfIlkd0WnWLw,vibe,
Chiang Mai,"Wat Ket, Mueang Chiang Mai District, Chiang Mai 50000",18.7836177,99.01680089999999,,https://www.google.com/maps?ftid=0x30da255440c00001:0x6f7446784abfe0b,0x30da255440c00001:0x6f7446784abfe0b,/m/0g94lp,Zach J.,Thailand Places,8ZLYjtP28NdeHaxAFNWuqLewhbemIw,🏙️,neighborhood,visited,Thailand Places,8ZLYjtP28NdeHaxAFNWuqLewhbemIw,vibe,
Chinatown,"Toronto, ON, Canada",43.652928599999996,-79.39805799999999,Street photography.,https://www.google.com/maps?ftid=0x882b34c4780028c7:0x1113062de1946014,0x882b34c4780028c7:0x1113062de1946014,,Zach J.,Toronto Photography,EBdYtSZKT2SzsVOBUpVjfw,🏙️,neighborhood,visited,Toronto Photography,EBdYtSZKT2SzsVOBUpVjfw,vibe,
Desolation Sound,"Desolation Sound, qathet Regional District, BC",50.0,-124.875,Warm waters.,https://www.google.com/maps?ftid=0x5487ffb0ede6c68f:0xc4e8eb4bb80d905f,0x5487ffb0ede6c68f:0xc4e8eb4bb80d905f,/m/0b87c1,Zach J.,BC Places,J-HTPTrrRB2hdSQ_jx2gvA,🏙️,neighborhood,visited,BC Places,J-HTPTrrRB2hdSQ_jx2gvA,vibe,
Downtown Camera Ltd,"89 Queen St E, Toronto, ON M5C 1S1",43.653219299999996,-79.37513129999999,,https://www.google.com/maps?ftid=0x89d4cb338559e645:0x162cb1711931f4d7,0x89d4cb338559e645:0x162cb1711931f4d7,/g/1tf881wf,Zach J.,Churono,_Goa88wVSLuG5ntawKc2cw,🏙️,neighborhood,visited,Churono,_Goa88wVSLuG5ntawKc2cw,vibe,
HI Vancouver Downtown,"1114 Burnaby St, Vancouver, BC V6E 1P1",49.279803699999995,-123.13282459999999,,https://www.google.com/maps?ftid=0x5486722cb2387215:0x5859db4f2777c7dd,0x5486722cb2387215:0x5859db4f2777c7dd,/g/1tjl5lqy,Zach J.,BC Places,J-HTPTrrRB2hdSQ_jx2gvA,🏙️,neighborhood,visited,BC Places,J-HTPTrrRB2hdSQ_jx2gvA,vibe,
Kazimierz The Former Jewish District,"30-001 Kraków, Poland",50.0495003,19.9429071,,https://www.google.com/maps?ftid=0x47165b698c310669:0x3844af7c063c3da1,0x47165b698c310669:0x3844af7c063c3da1,/g/11ggjdxxnz,Zach J.,Poland Places,rJiYI8AwTOeCZ372vYFwILDmTQWZ1w,🏙️,neighborhood,visited,Poland Places,rJiYI8AwTOeCZ372vYFwILDmTQWZ1w,vibe,
Luke's Busan,"687-13 Jeonpo-dong, Busanjin District, Busan",35.157189699999996,129.0604981,,https://www.google.com/maps?ftid=0x3568ebe73956eb81:0x9fb67d4904c47198,0x3568ebe73956eb81:0x9fb67d4904c47198,/g/11rzfhyhp7,Zach J.,South Korea Places,eq-jX2C0L9Am26jRVNLfIlkd0WnWLw,🏙️,neighborhood,visited,South Korea Places,eq-jX2C0L9Am26jRVNLfIlkd0WnWLw,vibe,
Mae Kha Canal,"9 Sridonchai Rd, Haiya Sub-district, Mueang Chiang Mai District, Chiang Mai 50100",18.777065699999998,98.9955681,,https://www.google.com/maps?ftid=0x30da3bb458d9dc27:0x2989451c5630692f,0x30da3bb458d9dc27:0x2989451c5630692f,/g/11r0wgcsw4,Zach J.,Thailand Places,8ZLYjtP28NdeHaxAFNWuqLewhbemIw,🏙️,neighborhood,visited,Thailand Places,8ZLYjtP28NdeHaxAFNWuqLewhbemIw,vibe,
Mugeun Dwaeji Kimchi Jjigae,"43 Gaya-daero 784beon-gil, Busanjin District, Busan",35.1555074,129.0574111,,https://www.google.com/maps?ftid=0x3568eb2257f531f3:0xa5e8bc97e9b078c,0x3568eb2257f531f3:0xa5e8bc97e9b078c,/g/11gzs5wvvs,Zach J.,South Korea Places,eq-jX2C0L9Am26jRVNLfIlkd0WnWLw,🏙️,neighborhood,visited,South Korea Places,eq-jX2C0L9Am26jRVNLfIlkd0WnWLw,vibe,
Myeongdong Street,"Myeong-dong, Jung District, Seoul",37.5637699,126.9844765,,https://www.google.com/maps?ftid=0x357ca2f1c7af3d5f:0x50d5593269776722,0x357ca2f1c7af3d5f:0x50d5593269776722,/g/11c5_vv5rv,Zach J.,South Korea Places,eq-jX2C0L9Am26jRVNLfIlkd0WnWLw,🏙️,neighborhood,visited,South Korea Places,eq-jX2C0L9Am26jRVNLfIlkd0WnWLw,vibe,
Namsangol Hanok Village,"28 Toegye-ro 34-gil, Jung District, Seoul",37.559315,126.99447699999999,,https://www.google.com/maps?ftid=0x357ca2fcfa6a299b:0x79c3be57e1edbdfe,0x357ca2fcfa6a299b:0x79c3be57e1edbdfe,/m/043qqp1,Zach J.,South Korea Places,eq-jX2C0L9Am26jRVNLfIlkd0WnWLw,🏙️,neighborhood,visited,South Korea Places,eq-jX2C0L9Am26jRVNLfIlkd0WnWLw,vibe,
Old Town Trainstop,"1031 Front St, Sacramento, CA 95814, United States",38.5829235,-121.5059416,,https://www.google.com/maps?ftid=0x809ad6cce1b26a61:0x37927205b464a1e5,0x809ad6cce1b26a61:0x37927205b464a1e5,/g/1tw_nhm7,Zach J.,California Places,aTaCY8tke-6jFT8XQ0SVYBXQZ4k60Q,🏙️,neighborhood,visited,California Places,aTaCY8tke-6jFT8XQ0SVYBXQZ4k60Q,vibe,
Palmerston - Little Italy,"Toronto, ON, Canada",43.6596414,-79.41891439999999,Street photography.,https://www.google.com/maps?ftid=0x882b34f394e429a9:0x539bbd82af0329ca,0x882b34f394e429a9:0x539bbd82af0329ca,,Zach J.,Toronto Photography,EBdYtSZKT2SzsVOBUpVjfw,🏙️,neighborhood,visited,Toronto Photography,EBdYtSZKT2SzsVOBUpVjfw,vibe,
Prague Jewish Quarter,"U Staré školy, 110 00 Staré Město, Czechia",50.0905184,14.4203456,,https://www.google.com/maps?ftid=0x470b94e9cbbce729:0x44008f074af9a449,0x470b94e9cbbce729:0x44008f074af9a449,/g/11b5qxkgqx,Zach J.,Czech Republic Places,5Sbx3FnNAI1ouog5bO7G95yNPypkiA,🏙️,neighborhood,visited,Czech Republic Places,5Sbx3FnNAI1ouog5bO7G95yNPypkiA,vibe,
Seomyeon Young Street,"동 Jungang-daero 702beon-gil, 부전2 Busanjin District, Busan",35.1554358,129.0612696,,https://www.google.com/maps?ftid=0x3568eb656bb62e77:0x7a14272371a19cb8,0x3568eb656bb62e77:0x7a14272371a19cb8,/g/11gd39hnh0,Zach J.,South Korea Places,eq-jX2C0L9Am26jRVNLfIlkd0WnWLw,🏙️,neighborhood,visited,South Korea Places,eq-jX2C0L9Am26jRVNLfIlkd0WnWLw,vibe,
Suntory Yamazaki Distillery,"5 Chome-2-1 Yamazaki, Shimamoto, Mishima District, Osaka 618-0001, Japan",34.8924574,135.6744508,,https://www.google.com/maps?ftid=0x60010363f5516cf9:0xa1f6b7e0e0166d1d,0x60010363f5516cf9:0xa1f6b7e0e0166d1d,/m/0bq7fs,Zach J.,Japan Places,4MFKvfwkuooLXdFwzLh7bJlLOhg8-A,🏙️,neighborhood,visited,Japan Places,4MFKvfwkuooLXdFwzLh7bJlLOhg8-A,vibe,
Thani,"Thani, Mueang Sukhothai District, Sukhothai 64000",17.0076429,99.8264435,,https://www.google.com/maps?ftid=0x30de55ce2948fb61:0x40346c5fa8bd370,0x30de55ce2948fb61:0x40346c5fa8bd370,/m/01fl23,Zach J.,Thailand Places,8ZLYjtP28NdeHaxAFNWuqLewhbemIw,🏙️,neighborhood,visited,Thailand Places,8ZLYjtP28NdeHaxAFNWuqLewhbemIw,vibe,
The Distillery Historic District,"55 Mill St, Toronto, ON M5A 3C4, Canada",43.6502455,-79.3591331,"Great for some old timey photos, busy on weekends though.",https://www.google.com/maps?ftid=0x882b36f015f04867:0x8e227962d3af3ca9,0x882b36f015f04867:0x8e227962d3af3ca9,,Zach J.,Toronto Photography,EBdYtSZKT2SzsVOBUpVjfw,🏙️,neighborhood,visited,Toronto Photography,EBdYtSZKT2SzsVOBUpVjfw,vibe,
The Latin Quarter,"22 High St, Galway, H91 VX4E, Ireland",53.270777599999995,-9.054488899999999,,https://www.google.com/maps?ftid=0x485b96fad99fe8f3:0x716e9cf9a53aca61,0x485b96fad99fe8f3:0x716e9cf9a53aca61,/g/11bx1yv3r1,Zach J.,Ireland,PZ1939FGYznLJLfbw23DtttFpkZvgg,🏙️,neighborhood,visited,Ireland,PZ1939FGYznLJLfbw23DtttFpkZvgg,vibe,
Wat Sam Phran,"92 8, Sam Phran, Sam Phran District, Nakhon Pathom 73110",13.7358272,100.2153441,,https://www.google.com/maps?ftid=0x30e2ebb93e0a861b:0x853781baa02919a2,0x30e2ebb93e0a861b:0x853781baa02919a2,/g/11cm3rlcpp,Zach J.,Thailand Places,8ZLYjtP28NdeHaxAFNWuqLewhbemIw,🏙️,neighborhood,visited,Thailand Places,8ZLYjtP28NdeHaxAFNWuqLewhbemIw,vibe,
Zoe in Yellow,"48, QXRR+F4X, 1 Ratvithi Rd, Si Phum, Mueang Chiang Mai District, Chiang Mai 50200",18.790890299999997,98.9904873,,https://www.google.com/maps?ftid=0x30da3a987446bbc5:0x9e3fb1d9821ccd95,0x30da3a987446bbc5:0x9e3fb1d9821ccd95,/g/1tg58jv0,Zach J.,Thailand Places,8ZLYjtP28NdeHaxAFNWuqLewhbemIw,🏙️,neighborhood,visited,Thailand Places,8ZLYjtP28NdeHaxAFNWuqLewhbemIw,vibe,
't Kaaswinkeltje,,52.0113072,4.712623799999999,,https://www.google.com/maps?ftid=0x47c5d402bdf3e397:0xdfe7672004221bac,0x47c5d402bdf3e397:0xdfe7672004221bac,,Zach J.,Netherlands Places,uUJAjJl3UL4Vb2neQptAbAc1dIoemQ,📍,place,visited,Netherlands Places,uUJAjJl3UL4Vb2neQptAbAc1dIoemQ,vibe,
150 North Riverside,,41.8855546,-87.6385241,,https://www.google.com/maps?ftid=0x880e2cc7ed999a0b:0x4fc33263be6edca3,0x880e2cc7ed999a0b:0x4fc33263be6edca3,,Zach J.,Illinois Places,jvmK2Q-VUEhCXxu8GrJbdro33fvGTw,📍,place,visited,Illinois Places,jvmK2Q-VUEhCXxu8GrJbdro33fvGTw,vibe,
172 W Madison St,,41.8821756,-87.63322099999999,Ferris Buller parking lot.,https://www.google.com/maps?ftid=0x880e2cbbd9d02f23:0x53caccf60b9aee0,0x880e2cbbd9d02f23:0x53caccf60b9aee0,,Zach J.,Illinois Places,jvmK2Q-VUEhCXxu8GrJbdro33fvGTw,📍,place,visited,Illinois Places,jvmK2Q-VUEhCXxu8GrJbdro33fvGTw,vibe,
2nd Flamingo,"Japan, 〒155-0031 Tokyo, Setagaya City, Kitazawa, 2 Chome−37−2 パラッツィーナビル １Ｆ",35.6633937,139.6671466,Vintage clothing.,https://www.google.com/maps?ftid=0x6018f375e35e8c8b:0xb4c38988e2fc66ac,0x6018f375e35e8c8b:0xb4c38988e2fc66ac,/g/11g3y4yjwc,Zach J.,Japan Places,4MFKvfwkuooLXdFwzLh7bJlLOhg8-A,📍,place,visited,Japan Places,4MFKvfwkuooLXdFwzLh7bJlLOhg8-A,vibe,
"36°09'24.6""N 115°25'15.9""W",,36.156841,-115.42108499999999,,"https://www.google.com/maps?q=36.156841,-115.42108499999999",,,Zach J.,Las Vegas & Beyond,s8jsj3Ck0g54qiNSl6LBxHqr130VlA,📍,place,visited,Las Vegas & Beyond,s8jsj3Ck0g54qiNSl6LBxHqr130VlA,vibe,
5-chōme-6-16 Daizawa,,35.6555981,139.6672048,Marisas old place,https://www.google.com/maps?ftid=0x6018f3689e7dcfe3:0xff647b3e9afde35c,0x6018f3689e7dcfe3:0xff647b3e9afde35c,,Zach J.,Japan Places,4MFKvfwkuooLXdFwzLh7bJlLOhg8-A,📍,place,visited,Japan Places,4MFKvfwkuooLXdFwzLh7bJlLOhg8-A,vibe,
"50°37'55.4""N 5°35'55.8""E",,50.632053,5.598839,Abandoned base,"https://www.google.com/maps?q=50.632053,5.598839",,,Zach J.,Belgium Places,XyATa3gcf-ULckrVtuXlIrtbkHutzw,📍,place,visited,Belgium Places,XyATa3gcf-ULckrVtuXlIrtbkHutzw,vibe,
"52°22'03.0""N 4°53'10.6""E",,52.367504999999994,4.886273,,"https://www.google.com/maps?q=52.367504999999994,4.886273",,,Zach J.,Netherlands Places,uUJAjJl3UL4Vb2neQptAbAc1dIoemQ,📍,place,visited,Netherlands Places,uUJAjJl3UL4Vb2neQptAbAc1dIoemQ,vibe,
8. November 1939,,48.150898299999994,11.576645899999999,"Famous place, event.",https://www.google.com/maps?ftid=0x479e75eb98626875:0xe247a24da96da8a4,0x479e75eb98626875:0xe247a24da96da8a4,,Zach J.,Deutschland Places,_xr3THKc69o0Q1Jj4xw49b6So0Yt2Q,📍,place,visited,Deutschland Places,_xr3THKc69o0Q1Jj4xw49b6So0Yt2Q,vibe,
9 Thomas More St,"9 Thomas More St, London E1W 1WY, UK",51.507707599999996,-0.0681721,IT Crowd,https://www.google.com/maps?ftid=0x48760336f5e77d8d:0x261f075e0ca7aa4f,0x48760336f5e77d8d:0x261f075e0ca7aa4f,/g/11csjnvmlr,Zach J.,London (The British One),Dc1pjbzURxS4lLc15TJmfg,📍,place,visited,London (The British One),Dc1pjbzURxS4lLc15TJmfg,vibe,
Abri de combat FT3 ou PC118,"55100 Fleury-devant-Douaumont, France",49.205504499999996,5.4183825,,https://www.google.com/maps?ftid=0x47eb1e65b346f091:0x8b5708a8fe847162,0x47eb1e65b346f091:0x8b5708a8fe847162,/g/11g9q1ch54,Zach J.,France,1a9PFoaE6QmGPm2JEsIX4DjQqMe7dQ,📍,place,visited,France,1a9PFoaE6QmGPm2JEsIX4DjQqMe7dQ,vibe,
Abri de combat PC 119,"55100 Fleury-devant-Douaumont, France",49.203728399999996,5.413849,,https://www.google.com/maps?ftid=0x47eb1e7b52c0cecd:0x338eef9632534ce4,0x47eb1e7b52c0cecd:0x338eef9632534ce4,/g/11fzbl8tpq,Zach J.,France,1a9PFoaE6QmGPm2JEsIX4DjQqMe7dQ,📍,place,visited,France,1a9PFoaE6QmGPm2JEsIX4DjQqMe7dQ,vibe,
Ace of Spades,"1417 R St, Sacramento, CA 95811, United States",38.569853699999996,-121.49074019999999,,https://www.google.com/maps?ftid=0x809ad1204717982f:0x2278a589cf2f9070,0x809ad1204717982f:0x2278a589cf2f9070,/m/0k05yfj,Zach J.,California Places,aTaCY8tke-6jFT8XQ0SVYBXQZ4k60Q,📍,place,visited,California Places,aTaCY8tke-6jFT8XQ0SVYBXQZ4k60Q,vibe,
Active AKIBA Golf Club,"Japan, 〒101-0028 Tokyo, Chiyoda City, Kanda Hanaokacho, 1-1 ヨドバシAKIBA9階",35.698971199999995,139.77468299999998,,https://www.google.com/maps?ftid=0x60188ea7d9c490b1:0xc84b1667710404a4,0x60188ea7d9c490b1:0xc84b1667710404a4,/g/1tlw91x3,Zach J.,Japan Places,4MFKvfwkuooLXdFwzLh7bJlLOhg8-A,📍,place,visited,Japan Places,4MFKvfwkuooLXdFwzLh7bJlLOhg8-A,vibe,
Adega do ribatejo,"R. do Diário de Notícias 23, 1200-283 Lisboa, Portugal",38.711346299999995,-9.144174999999999,Nice place,https://www.google.com/maps?ftid=0xd19347fb8b4aafb:0x124868018fe00875,0xd19347fb8b4aafb:0x124868018fe00875,/g/1tdbb2wq,Zach J.,Portugal Places,PJetNvIfkAY8zDHfGEEQlDLG4G2qyg,📍,place,visited,Portugal Places,PJetNvIfkAY8zDHfGEEQlDLG4G2qyg,vibe,
ALBATROSS G,,35.6940914,139.7046513,"Neat tiny bar in the Golden Gai area, very touristy.",https://www.google.com/maps?ftid=0x60188cd971cfa96b:0xa2ed1a57c9d50180,0x60188cd971cfa96b:0xa2ed1a57c9d50180,,Zach J.,Japan Places,4MFKvfwkuooLXdFwzLh7bJlLOhg8-A,📍,place,visited,Japan Places,4MFKvfwkuooLXdFwzLh7bJlLOhg8-A,vibe,
Alentejo,"Alentejo, Portugal",38.2003808,-7.800084999999999,,https://www.google.com/maps?ftid=0xd1b7119e7099da1:0x967a8ef2a673a03f,0xd1b7119e7099da1:0x967a8ef2a673a03f,/g/128dgx6tm,Zach J.,Portugal Places,PJetNvIfkAY8zDHfGEEQlDLG4G2qyg,📍,place,visited,Portugal Places,PJetNvIfkAY8zDHfGEEQlDLG4G2qyg,vibe,
Alexanderplatz,,52.521981399999994,13.413305999999999,"Famous place, center of town.",https://www.google.com/maps?ftid=0x47a84e1edb11286f:0x30fc01c366e4166e,0x47a84e1edb11286f:0x30fc01c366e4166e,,Zach J.,Deutschland Places,_xr3THKc69o0Q1Jj4xw49b6So0Yt2Q,📍,place,visited,Deutschland Places,_xr3THKc69o0Q1Jj4xw49b6So0Yt2Q,vibe,
Alibi Room,"157 Alexander St #200, Vancouver, BC V6A 1B8",49.2842507,-123.10026889999999,,https://www.google.com/maps?ftid=0x5486717134b59557:0xe75b59253865b201,0x5486717134b59557:0xe75b59253865b201,/g/1v42fh7h,Zach J.,BC Places,J-HTPTrrRB2hdSQ_jx2gvA,📍,place,visited,BC Places,J-HTPTrrRB2hdSQ_jx2gvA,vibe,
Allen's Camera,,40.7248022,-111.8875642,,https://www.google.com/maps?ftid=0x875262678350cb3d:0x3a35fb9fea6844e5,0x875262678350cb3d:0x3a35fb9fea6844e5,,Zach J.,Utah Places,yxf29Fw1SnujpoH_zKcqAA,📍,place,visited,Utah Places,yxf29Fw1SnujpoH_zKcqAA,vibe,
Allwyn's,"404 Queen St W, Toronto, ON M5V 2A6",43.6486841,-79.3972668,Best Jerk chicken sammie,https://www.google.com/maps?ftid=0x882b357b6e9482b3:0xe08926e348436c20,0x882b357b6e9482b3:0xe08926e348436c20,/g/11h0b1rqmn,Zach J.,Churono,_Goa88wVSLuG5ntawKc2cw,📍,place,visited,Churono,_Goa88wVSLuG5ntawKc2cw,vibe,
American Grub,"365 El Camino Real, Tustin, CA 92780, United States",33.7424208,-117.82334549999999,,https://www.google.com/maps?ftid=0x80dcdbddb30b80df:0xc93feb53db416ab3,0x80dcdbddb30b80df:0xc93feb53db416ab3,/g/11cm10yb2b,Zach J.,California Places,aTaCY8tke-6jFT8XQ0SVYBXQZ4k60Q,📍,place,visited,California Places,aTaCY8tke-6jFT8XQ0SVYBXQZ4k60Q,vibe,
Amsterdam Billiards,"110 E 11th St, New York, NY 10003, United States",40.7317088,-73.98994239999999,,https://www.google.com/maps?ftid=0x89c2599950bdd7ed:0xc02c2b5762a102f1,0x89c2599950bdd7ed:0xc02c2b5762a102f1,/g/1vqthq07,Zach J.,"New York, New York",m7FS_hkzSJJEPgD5o0716tZ4PbE9XQ,📍,place,visited,"New York, New York",m7FS_hkzSJJEPgD5o0716tZ4PbE9XQ,vibe,
Amsterdam Falafelshop,"2425 18th St NW, Washington, DC 20009, United States",38.9211653,-77.0419443,,https://www.google.com/maps?ftid=0x89b7b7dbca568117:0xc1bc95cc35ceef75,0x89b7b7dbca568117:0xc1bc95cc35ceef75,/m/052n0_7,Zach J.,Washington DC Places,LcNB3Ku1niTAsy0qH-HKT1v9d_odjw,📍,place,visited,Washington DC Places,LcNB3Ku1niTAsy0qH-HKT1v9d_odjw,vibe,
Amsterdam Forest,,52.3149817,4.832342,,https://www.google.com/maps?ftid=0x47c5e1b1f2eb0961:0x8fb6f82a2bc45ab6,0x47c5e1b1f2eb0961:0x8fb6f82a2bc45ab6,,Zach J.,Netherlands Places,uUJAjJl3UL4Vb2neQptAbAc1dIoemQ,📍,place,visited,Netherlands Places,uUJAjJl3UL4Vb2neQptAbAc1dIoemQ,vibe,
"Amsterdamse Poort, Haarlem",,52.380516199999995,4.6465988,,https://www.google.com/maps?ftid=0x47c5ef663e696523:0x6b7eed60d6568553,0x47c5ef663e696523:0x6b7eed60d6568553,,Zach J.,Netherlands Places,uUJAjJl3UL4Vb2neQptAbAc1dIoemQ,📍,place,visited,Netherlands Places,uUJAjJl3UL4Vb2neQptAbAc1dIoemQ,vibe,
Angel,"Islington High St, London N1 8XX, United Kingdom",51.532249,-0.106029,,https://www.google.com/maps?ftid=0x48761b4332ecac5b:0xd4028cc7ead6e5ce,0x48761b4332ecac5b:0xd4028cc7ead6e5ce,/g/11xgh0nn6,Zach J.,London (The British One),Dc1pjbzURxS4lLc15TJmfg,📍,place,visited,London (The British One),Dc1pjbzURxS4lLc15TJmfg,vibe,
Annex Billiards Club,"507 Bloor St W, Toronto, ON M5S 1Y2",43.665625299999995,-79.4083359,,https://www.google.com/maps?ftid=0x882b3494011ff6c7:0xb6cccf850f7a7182,0x882b3494011ff6c7:0xb6cccf850f7a7182,/g/1tff3nw7,Zach J.,Churono,_Goa88wVSLuG5ntawKc2cw,📍,place,visited,Churono,_Goa88wVSLuG5ntawKc2cw,vibe,
Aphrodite Sunset,"QCF2+RH, Paphos 8015, Cyprus",34.774602,32.4014731,,https://www.google.com/maps?ftid=0x14e707e312d55293:0x6bfa9b40db76be74,0x14e707e312d55293:0x6bfa9b40db76be74,/g/11vkfb2hz4,Zach J.,Cyprus Places,op1yFHMtopjnsWL6BEbTl-cVqS5sDg,📍,place,visited,Cyprus Places,op1yFHMtopjnsWL6BEbTl-cVqS5sDg,vibe,
Arc de Triomphe,"Pl. Charles de Gaulle, 75008 Paris, France",48.8737917,2.2950274999999998,,https://www.google.com/maps?ftid=0x47e66fec70fb1d8f:0xd9b5676e112e643d,0x47e66fec70fb1d8f:0xd9b5676e112e643d,/m/0zv_,Zach J.,France,1a9PFoaE6QmGPm2JEsIX4DjQqMe7dQ,📍,place,visited,France,1a9PFoaE6QmGPm2JEsIX4DjQqMe7dQ,vibe,
Archaeological Site of Amathous,"Agios Tychon 4532, Cyprus",34.7106491,33.1426173,,https://www.google.com/maps?ftid=0x14e0cbb7b246b7e7:0x198986daa370c5ed,0x14e0cbb7b246b7e7:0x198986daa370c5ed,/m/0k70y4v,Zach J.,Cyprus Places,op1yFHMtopjnsWL6BEbTl-cVqS5sDg,📍,place,visited,Cyprus Places,op1yFHMtopjnsWL6BEbTl-cVqS5sDg,vibe,
Archaeological Site of the Tombs of the Kings,"Tombs of the Kings Ave 63, Chlorakas 8015, Cyprus",34.7749405,32.4073084,,https://www.google.com/maps?ftid=0x14e706fc9261fc75:0xdd4fb5099af95a51,0x14e706fc9261fc75:0xdd4fb5099af95a51,/m/06yjt3,Zach J.,Cyprus Places,op1yFHMtopjnsWL6BEbTl-cVqS5sDg,📍,place,visited,Cyprus Places,op1yFHMtopjnsWL6BEbTl-cVqS5sDg,vibe,
Arsenalna,"Kyiv, Ukraine, 02000",50.443062399999995,30.5471574,Deep metro station,https://www.google.com/maps?ftid=0x40d4cfae55d6e637:0xae41c78515729aa2,0x40d4cfae55d6e637:0xae41c78515729aa2,/m/0cvmwl,Zach J.,Ukraine Places,rtZlzg3DJ3HuV0pqVKIPqr7kz2er6A,📍,place,visited,Ukraine Places,rtZlzg3DJ3HuV0pqVKIPqr7kz2er6A,vibe,
Artist's Point,"Unnamed Road,, Kayenta, AZ 86033, United States",36.9572831,-110.0592076,,https://www.google.com/maps?ftid=0x87373377c8ed2493:0x2d570cccc62fc09,0x87373377c8ed2493:0x2d570cccc62fc09,/g/11c0xhhrh3,Zach J.,Utah Places,yxf29Fw1SnujpoH_zKcqAA,📍,place,visited,Utah Places,yxf29Fw1SnujpoH_zKcqAA,vibe,
Arts et Métiers,"75003 Paris, France",48.8654739,2.3555131,Cool metro station,https://www.google.com/maps?ftid=0x47e66e1aadfdfd79:0x8afbfa5c75f5910f,0x47e66e1aadfdfd79:0x8afbfa5c75f5910f,/g/11bc63jlc3,Zach J.,France,1a9PFoaE6QmGPm2JEsIX4DjQqMe7dQ,📍,place,visited,France,1a9PFoaE6QmGPm2JEsIX4DjQqMe7dQ,vibe,
Atatürk Myd.,"59H6+892, Girne Cd, Lefkoşa 9901",35.1782531,33.360904999999995,,https://www.google.com/maps?ftid=0x14de17460def8531:0x61ad3abbfc947377,0x14de17460def8531:0x61ad3abbfc947377,/m/0h988nf,Zach J.,Cyprus Places,op1yFHMtopjnsWL6BEbTl-cVqS5sDg,📍,place,visited,Cyprus Places,op1yFHMtopjnsWL6BEbTl-cVqS5sDg,vibe,
Atomic Bomb Dome,,34.395483,132.453592,A-bomb site.,https://www.google.com/maps?ftid=0x355aa20cdb2780a9:0x34e6677ae0c6c096,0x355aa20cdb2780a9:0x34e6677ae0c6c096,,Zach J.,Japan Places,4MFKvfwkuooLXdFwzLh7bJlLOhg8-A,📍,place,visited,Japan Places,4MFKvfwkuooLXdFwzLh7bJlLOhg8-A,vibe,
Atomium,,50.8948787,4.3415547,,https://www.google.com/maps?ftid=0x47c3c3ac00000001:0x5293071d68a63709,0x47c3c3ac00000001:0x5293071d68a63709,,Zach J.,Belgium Places,XyATa3gcf-ULckrVtuXlIrtbkHutzw,📍,place,visited,Belgium Places,XyATa3gcf-ULckrVtuXlIrtbkHutzw,vibe,
Aunty Lucy's Burgers,"296 Brunswick Ave, Toronto, ON M5S 1X9",43.6662519,-79.40730959999999,,https://www.google.com/maps?ftid=0x882b35908feffe55:0x8aa6ce2d15f94a08,0x882b35908feffe55:0x8aa6ce2d15f94a08,/g/11fwx1p92r,Zach J.,Churono,_Goa88wVSLuG5ntawKc2cw,📍,place,visited,Churono,_Goa88wVSLuG5ntawKc2cw,vibe,
Austrian National Library,,48.2062609,16.3668953,Stunning library,https://www.google.com/maps?ftid=0x476d0799632723f5:0x57ddf9c606b46f47,0x476d0799632723f5:0x57ddf9c606b46f47,,Zach J.,Austria-ish Places,JW6_PhOiwD9hqDmWcuJh6u67rjwIwA,📍,place,visited,Austria-ish Places,JW6_PhOiwD9hqDmWcuJh6u67rjwIwA,vibe,
Autoworld,,50.8393417,4.3934238,,https://www.google.com/maps?ftid=0x47c3c4a615c17ca5:0x9c447024613c091b,0x47c3c4a615c17ca5:0x9c447024613c091b,,Zach J.,Belgium Places,XyATa3gcf-ULckrVtuXlIrtbkHutzw,📍,place,visited,Belgium Places,XyATa3gcf-ULckrVtuXlIrtbkHutzw,vibe,
Aveiro,,40.640505499999996,-8.6537539,,https://www.google.com/maps?ftid=0xd23980ed5b2e78d:0x3042e1cd013c1f07,0xd23980ed5b2e78d:0x3042e1cd013c1f07,,Zach J.,Portugal Places,PJetNvIfkAY8zDHfGEEQlDLG4G2qyg,📍,place,visited,Portugal Places,PJetNvIfkAY8zDHfGEEQlDLG4G2qyg,vibe,
Avis Autovermietung - Zürich Letzipark,"Letzipark, Baslerstrasse 52, 8048 Zürich, Switzerland",47.3878073,8.4994753,Rental car,https://www.google.com/maps?ftid=0x47900a3523eacb6b:0x1e88aec06b0f06f6,0x47900a3523eacb6b:0x1e88aec06b0f06f6,/g/1tdfxmrg,Zach J.,Switzerland Places,OvARGjqcJqUpQGyHwNiftD3eqtby6g,📍,place,visited,Switzerland Places,OvARGjqcJqUpQGyHwNiftD3eqtby6g,vibe,
Avo Armenian Food,"Onasagorou, Nicosia 1011, Cyprus",35.1712463,33.3616331,Criminally cheap food.,https://www.google.com/maps?ftid=0x14de175ac207499f:0xd18ed706146fe13a,0x14de175ac207499f:0xd18ed706146fe13a,/g/1hc1qpqm_,Zach J.,Cyprus Places,op1yFHMtopjnsWL6BEbTl-cVqS5sDg,📍,place,visited,Cyprus Places,op1yFHMtopjnsWL6BEbTl-cVqS5sDg,vibe,
Ayia Napa,"Ayia Napa, Cyprus",34.988736599999996,34.0002782,,https://www.google.com/maps?ftid=0x14dfc568a7918259:0x96582c199eafaa40,0x14dfc568a7918259:0x96582c199eafaa40,/m/04hdx9,Zach J.,Cyprus Places,op1yFHMtopjnsWL6BEbTl-cVqS5sDg,📍,place,visited,Cyprus Places,op1yFHMtopjnsWL6BEbTl-cVqS5sDg,vibe,
Azenhas do Mar,,38.8368623,-9.460322,,https://www.google.com/maps?ftid=0xd1edc093cd21ebf:0x2600ebbed3cc9822,0xd1edc093cd21ebf:0x2600ebbed3cc9822,,Zach J.,Portugal Places,PJetNvIfkAY8zDHfGEEQlDLG4G2qyg,📍,place,visited,Portugal Places,PJetNvIfkAY8zDHfGEEQlDLG4G2qyg,vibe,
B&C Camera,,36.143685,-115.20161279999999,,https://www.google.com/maps?ftid=0x80c8c14e2e83e0c3:0xd70232da73a99b0,0x80c8c14e2e83e0c3:0xd70232da73a99b0,,Zach J.,Las Vegas & Beyond,s8jsj3Ck0g54qiNSl6LBxHqr130VlA,📍,place,visited,Las Vegas & Beyond,s8jsj3Ck0g54qiNSl6LBxHqr130VlA,vibe,
B-Side Label,"Japan, 〒155-0031 Tokyo, Setagaya City, Kitazawa, 2 Chome−36−2 ヒルズ下北沢 1F",35.663318499999995,139.667282,Sticker shop.,https://www.google.com/maps?ftid=0x6018f36b1693431d:0xa1436b3fc04a05ea,0x6018f36b1693431d:0xa1436b3fc04a05ea,/g/11btz3dy21,Zach J.,Japan Places,4MFKvfwkuooLXdFwzLh7bJlLOhg8-A,📍,place,visited,Japan Places,4MFKvfwkuooLXdFwzLh7bJlLOhg8-A,vibe,
B-SIDE LABEL 心斎橋店,,34.6718775,135.5010319,Cool sticker store.,https://www.google.com/maps?ftid=0x6000e74e483722b7:0xd75a86868243c2a7,0x6000e74e483722b7:0xd75a86868243c2a7,,Zach J.,Japan Places,4MFKvfwkuooLXdFwzLh7bJlLOhg8-A,📍,place,visited,Japan Places,4MFKvfwkuooLXdFwzLh7bJlLOhg8-A,vibe,
Badgastein,,47.114088699999996,13.132660999999999,,https://www.google.com/maps?ftid=0x477730f276ac1c2b:0x3a674a880857db8c,0x477730f276ac1c2b:0x3a674a880857db8c,,Zach J.,Austria-ish Places,JW6_PhOiwD9hqDmWcuJh6u67rjwIwA,📍,place,visited,Austria-ish Places,JW6_PhOiwD9hqDmWcuJh6u67rjwIwA,vibe,
Bahnhof Wittenbergplatz,,52.501839,13.343,Neat metro station.,https://www.google.com/maps?ftid=0x47a8505406f4e1e1:0x8f3646a750d35ebf,0x47a8505406f4e1e1:0x8f3646a750d35ebf,,Zach J.,Deutschland Places,_xr3THKc69o0Q1Jj4xw49b6So0Yt2Q,📍,place,visited,Deutschland Places,_xr3THKc69o0Q1Jj4xw49b6So0Yt2Q,vibe,
Balat Renkli Evler,"Balat, Kiremit Cd. No:34, 34087 Fatih/İstanbul, Turkey",41.0295835,28.947590199999997,,https://www.google.com/maps?ftid=0x14cabb7e926929b5:0xc62a0bca54b6f7b0,0x14cabb7e926929b5:0xc62a0bca54b6f7b0,/g/11rn4nm45j,Zach J.,Istanbul,T9mlMxDchiknHm63Z7-uttmXeOMrzg,📍,place,visited,Istanbul,T9mlMxDchiknHm63Z7-uttmXeOMrzg,vibe,
Banff,"Banff, AB",51.178430399999996,-115.5707903,,https://www.google.com/maps?ftid=0x5370ca45910c4afd:0xcaafaebedaac9463,0x5370ca45910c4afd:0xcaafaebedaac9463,/m/01_60w,Zach J.,Alberta Places,3C2H3oIS4n013AChLgQc_odlaarv0A,📍,place,visited,Alberta Places,3C2H3oIS4n013AChLgQc_odlaarv0A,vibe,
Banh Mi Boys,"392 Queen St W, Toronto, ON M5V 2A9, Canada",43.6487425,-79.3969345,,https://www.google.com/maps?ftid=0x882b34db7b63b8ff:0x8b4a2a536ba2163f,0x882b34db7b63b8ff:0x8b4a2a536ba2163f,,Zach J.,Churono,_Goa88wVSLuG5ntawKc2cw,📍,place,visited,Churono,_Goa88wVSLuG5ntawKc2cw,vibe,
BAOGO,,50.8488153,4.3529506,,https://www.google.com/maps?ftid=0x47c3c380b13cd9df:0x2f2b5ba9e38a6192,0x47c3c380b13cd9df:0x2f2b5ba9e38a6192,,Zach J.,Belgium Places,XyATa3gcf-ULckrVtuXlIrtbkHutzw,📍,place,visited,Belgium Places,XyATa3gcf-ULckrVtuXlIrtbkHutzw,vibe,
Barbican Conservatory,,51.520002999999996,-0.0931621,,https://www.google.com/maps?ftid=0x48761caa036cfde1:0x8deeedcd900573b6,0x48761caa036cfde1:0x8deeedcd900573b6,,Zach J.,London (The British One),Dc1pjbzURxS4lLc15TJmfg,📍,place,visited,London (The British One),Dc1pjbzURxS4lLc15TJmfg,vibe,
Barbican Estate,,51.5195691,-0.09468209999999999,,https://www.google.com/maps?ftid=0x48761b55f0051347:0x75da544c00574051,0x48761b55f0051347:0x75da544c00574051,,Zach J.,London (The British One),Dc1pjbzURxS4lLc15TJmfg,📍,place,visited,London (The British One),Dc1pjbzURxS4lLc15TJmfg,vibe,
Barschwein,"Franzstraße 3, 80802 München, Germany",48.1608346,11.5870961,,https://www.google.com/maps?ftid=0x479e75b8f7285f73:0x7d0d8e15b7dbfeda,0x479e75b8f7285f73:0x7d0d8e15b7dbfeda,/g/1tf3mxjm,Zach J.,Deutschland Places,_xr3THKc69o0Q1Jj4xw49b6So0Yt2Q,📍,place,visited,Deutschland Places,_xr3THKc69o0Q1Jj4xw49b6So0Yt2Q,vibe,
Bartholomew,"1026 Mainland St, Vancouver, BC V6B 2T4",49.2760153,-123.1196449,,https://www.google.com/maps?ftid=0x548673af76c89735:0x7f09dc690ef9e0c8,0x548673af76c89735:0x7f09dc690ef9e0c8,/g/11h4nqymx9,Zach J.,BC Places,J-HTPTrrRB2hdSQ_jx2gvA,📍,place,visited,BC Places,J-HTPTrrRB2hdSQ_jx2gvA,vibe,
Barton Springs Municipal Pool,"2131 William Barton Dr, Austin, TX 78746, United States",30.2637258,-97.7714002,,https://www.google.com/maps?ftid=0x8644ca3d4e6d9977:0xd09efa9cfe432aa6,0x8644ca3d4e6d9977:0xd09efa9cfe432aa6,/m/0164mk,Zach J.,Texas,1S_gekS-v4RZuZLaRNwLRkv_EUSNYw,📍,place,visited,Texas,1S_gekS-v4RZuZLaRNwLRkv_EUSNYw,vibe,
Battlefield Vegas,,36.139128299999996,-115.16854199999999,,https://www.google.com/maps?ftid=0x80c8c40c78db9475:0xb385ffb3121f8065,0x80c8c40c78db9475:0xb385ffb3121f8065,,Zach J.,Las Vegas & Beyond,s8jsj3Ck0g54qiNSl6LBxHqr130VlA,📍,place,visited,Las Vegas & Beyond,s8jsj3Ck0g54qiNSl6LBxHqr130VlA,vibe,
Bazar,"Lviv, Lviv Oblast, Ukraine, 79000",49.838703699999996,24.0339991,Grocery Store,https://www.google.com/maps?ftid=0x473add93a15b652d:0x64d455d0f453d3c5,0x473add93a15b652d:0x64d455d0f453d3c5,/g/11gt8fjpz8,Zach J.,Ukraine Places,rtZlzg3DJ3HuV0pqVKIPqr7kz2er6A,📍,place,visited,Ukraine Places,rtZlzg3DJ3HuV0pqVKIPqr7kz2er6A,vibe,
Beaches N' Cream,,43.6665795,-79.2972965,For Lt. Dan,https://www.google.com/maps?ftid=0x89d4cbf93d60a59f:0x8561e1b7b439a22f,0x89d4cbf93d60a59f:0x8561e1b7b439a22f,,Zach J.,Churono,_Goa88wVSLuG5ntawKc2cw,📍,place,visited,Churono,_Goa88wVSLuG5ntawKc2cw,vibe,
Beethoven-Haus Bonn,"Bonngasse 22-24, 53111 Bonn, Germany",50.7369154,7.1012007,,https://www.google.com/maps?ftid=0x47bee10b0000ec0f:0xf0e0317f82ae4690,0x47bee10b0000ec0f:0xf0e0317f82ae4690,/m/065_h04,Zach J.,Deutschland Places,_xr3THKc69o0Q1Jj4xw49b6So0Yt2Q,📍,place,visited,Deutschland Places,_xr3THKc69o0Q1Jj4xw49b6So0Yt2Q,vibe,
Belly Buster Submarines,,43.6456313,-79.3935558,"Massive subs, a city favourite.",https://www.google.com/maps?ftid=0x882b34da26fc6371:0x35b5f5111f2a136b,0x882b34da26fc6371:0x35b5f5111f2a136b,,Zach J.,Churono,_Goa88wVSLuG5ntawKc2cw,📍,place,visited,Churono,_Goa88wVSLuG5ntawKc2cw,vibe,
Belvédère Rhonegletscher,"Belvédère, 3999 Obergoms VS, Switzerland",46.577195599999996,8.3877971,,https://www.google.com/maps?ftid=0x47857eb83e0b1e7f:0xcd705255c604d8b4,0x47857eb83e0b1e7f:0xcd705255c604d8b4,/g/1tfq3j8y,Zach J.,Switzerland Places,OvARGjqcJqUpQGyHwNiftD3eqtby6g,📍,place,visited,Switzerland Places,OvARGjqcJqUpQGyHwNiftD3eqtby6g,vibe,
Benagil Caves,,37.087250999999995,-8.4237597,,https://www.google.com/maps?ftid=0xd1ad69c7d48aefb:0x7596818ce920a376,0xd1ad69c7d48aefb:0x7596818ce920a376,,Zach J.,Portugal Places,PJetNvIfkAY8zDHfGEEQlDLG4G2qyg,📍,place,visited,Portugal Places,PJetNvIfkAY8zDHfGEEQlDLG4G2qyg,vibe,
Berghof,,47.633471199999995,13.041970099999999,The remains of Hitler's house.,https://www.google.com/maps?ftid=0x4776eb68323a0885:0xa3c683360a4528a8,0x4776eb68323a0885:0xa3c683360a4528a8,,Zach J.,Austria-ish Places,JW6_PhOiwD9hqDmWcuJh6u67rjwIwA,📍,place,visited,Austria-ish Places,JW6_PhOiwD9hqDmWcuJh6u67rjwIwA,vibe,
Berlin Currywurst,"75 9th Ave, New York, NY 10011, United States",40.7422323,-74.0056267,German foods,https://www.google.com/maps?ftid=0x89c259bf5c1654f3:0xb8f2d88ff9bd036d,0x89c259bf5c1654f3:0xb8f2d88ff9bd036d,/g/11cmncb838,Zach J.,"New York, New York",m7FS_hkzSJJEPgD5o0716tZ4PbE9XQ,📍,place,visited,"New York, New York",m7FS_hkzSJJEPgD5o0716tZ4PbE9XQ,vibe,
Bethesda Terrace,"72 Terrace Dr, New York, NY 10021, United States",40.773952799999996,-73.9709657,,https://www.google.com/maps?ftid=0x89c25892a6168611:0x9d94703beba53b51,0x89c25892a6168611:0x9d94703beba53b51,/m/09z4t6,Zach J.,"New York, New York",m7FS_hkzSJJEPgD5o0716tZ4PbE9XQ,📍,place,visited,"New York, New York",m7FS_hkzSJJEPgD5o0716tZ4PbE9XQ,vibe,
Between 2 Buns Burgers,"105 E Pender St, Vancouver, BC V6A 2R8",49.280567399999995,-123.10196699999999,"Bob's Burgers, but Vancouver. Pretty good, friendly staff.",https://www.google.com/maps?ftid=0x54867147e9511c29:0x9f8b8000000c33ea,0x54867147e9511c29:0x9f8b8000000c33ea,/g/11q2qyvrvd,Zach J.,BC Places,J-HTPTrrRB2hdSQ_jx2gvA,📍,place,visited,BC Places,J-HTPTrrRB2hdSQ_jx2gvA,vibe,
Bier Markt,"58 The Esplanade, Toronto, ON M5E 1R2, Canada",43.647172999999995,-79.3740076,,https://www.google.com/maps?ftid=0x89d4cb2e7202ef91:0x10775bf0b5583067,0x89d4cb2e7202ef91:0x10775bf0b5583067,,Zach J.,Churono,_Goa88wVSLuG5ntawKc2cw,📍,place,visited,Churono,_Goa88wVSLuG5ntawKc2cw,vibe,
Big Ben,,51.500729199999995,-0.1246254,,https://www.google.com/maps?ftid=0x487604c38c8cd1d9:0xb78f2474b9a45aa9,0x487604c38c8cd1d9:0xb78f2474b9a45aa9,,Zach J.,London (The British One),Dc1pjbzURxS4lLc15TJmfg,📍,place,visited,London (The British One),Dc1pjbzURxS4lLc15TJmfg,vibe,
BIG TEX,"3921 Martin Luther King Jr Blvd, Dallas, TX 75210, United States",32.7797724,-96.7622581,,https://www.google.com/maps?ftid=0x864e99791b6df949:0xe7a2f3566b2695b4,0x864e99791b6df949:0xe7a2f3566b2695b4,/m/02bdy9,Zach J.,Texas,1S_gekS-v4RZuZLaRNwLRkv_EUSNYw,📍,place,visited,Texas,1S_gekS-v4RZuZLaRNwLRkv_EUSNYw,vibe,
Binbirdirek Sarnıcı,"Binbirdirek, İmran Öktem Cd. No:2/1, 34122 Fatih/İstanbul, Turkey",41.007542099999995,28.974460999999998,,https://www.google.com/maps?ftid=0x14cab9964ce01685:0xafdb7747cb786216,0x14cab9964ce01685:0xafdb7747cb786216,/m/03yfhtn,Zach J.,Istanbul,T9mlMxDchiknHm63Z7-uttmXeOMrzg,📍,place,visited,Istanbul,T9mlMxDchiknHm63Z7-uttmXeOMrzg,vibe,
Birmingham,"Birmingham, AL, USA",33.5185892,-86.8103567,"Nice place to drive through, should revisit.",https://www.google.com/maps?ftid=0x888911df5885bfd3:0x25507409eaba54ce,0x888911df5885bfd3:0x25507409eaba54ce,/m/0lphb,Zach J.,'Murica Road Trip,D0K89-5vgjBHw6XsSCispo4wxNwsVA,📍,place,visited,'Murica Road Trip,D0K89-5vgjBHw6XsSCispo4wxNwsVA,vibe,
Birreria Volo,,43.6551836,-79.4145824,,https://www.google.com/maps?ftid=0x882b34f1da7b223f:0x30946e620b4300af,0x882b34f1da7b223f:0x30946e620b4300af,,Zach J.,Churono,_Goa88wVSLuG5ntawKc2cw,📍,place,visited,Churono,_Goa88wVSLuG5ntawKc2cw,vibe,
Blarney Stone,"216 Carrall St, Vancouver, BC V6B 2J1",49.2827737,-123.1041391,,https://www.google.com/maps?ftid=0x548671774bf85d3b:0x5053d1a75a7f642a,0x548671774bf85d3b:0x5053d1a75a7f642a,/g/1tdzfpk9,Zach J.,BC Places,J-HTPTrrRB2hdSQ_jx2gvA,📍,place,visited,BC Places,J-HTPTrrRB2hdSQ_jx2gvA,vibe,
Blockbuster,"211 NE Revere Ave #3, Bend, OR 97701, United States",44.0673041,-121.3036393,"The last Blockbuster, ever.",https://www.google.com/maps?ftid=0x54b8c8a3c8ba7bf1:0xc928e1d42380f10,0x54b8c8a3c8ba7bf1:0xc928e1d42380f10,/g/11r3_6g13j,Zach J.,O-re-going Places,uPOFXqj2oXs8EjysOzM2PTCFTrpdog,📍,place,visited,O-re-going Places,uPOFXqj2oXs8EjysOzM2PTCFTrpdog,vibe,
Blockfabrik,,48.1905758,16.360484,,https://www.google.com/maps?ftid=0x476da8298c958ae3:0x55b24c2297713c8f,0x476da8298c958ae3:0x55b24c2297713c8f,,Zach J.,Austria-ish Places,JW6_PhOiwD9hqDmWcuJh6u67rjwIwA,📍,place,visited,Austria-ish Places,JW6_PhOiwD9hqDmWcuJh6u67rjwIwA,vibe,
bloomer's Queen,"715 Queen St W, Toronto, ON M6J 1E6",43.646670799999995,-79.4060307,"7/10 Doughnuts, not bad.",https://www.google.com/maps?ftid=0x882b3548d081e14d:0x568d94e8165d8cbd,0x882b3548d081e14d:0x568d94e8165d8cbd,/g/11fmq05qkv,Zach J.,Churono,_Goa88wVSLuG5ntawKc2cw,📍,place,visited,Churono,_Goa88wVSLuG5ntawKc2cw,vibe,
Blue Amsterdam,,52.367426599999995,4.8914922,Bar with a city view.,https://www.google.com/maps?ftid=0x47c609c1d36e8c23:0x2b17f39f55ca6f7b,0x47c609c1d36e8c23:0x2b17f39f55ca6f7b,,Zach J.,Netherlands Places,uUJAjJl3UL4Vb2neQptAbAc1dIoemQ,📍,place,visited,Netherlands Places,uUJAjJl3UL4Vb2neQptAbAc1dIoemQ,vibe,
Bluebird,,52.3699855,4.9008639,Weed shop.,https://www.google.com/maps?ftid=0x47c609be908b1669:0x30f8ba1720b5ff7,0x47c609be908b1669:0x30f8ba1720b5ff7,,Zach J.,Netherlands Places,uUJAjJl3UL4Vb2neQptAbAc1dIoemQ,📍,place,visited,Netherlands Places,uUJAjJl3UL4Vb2neQptAbAc1dIoemQ,vibe,
Bomonti,"Bomonti, Merkez, 34381 Şişli/İstanbul, Turkey",41.0573909,28.982636,Great area,https://www.google.com/maps?ftid=0x14cab71065a39eb9:0x88d8b8a8c749727,0x14cab71065a39eb9:0x88d8b8a8c749727,/g/1hc0gq3h9,Zach J.,Istanbul,T9mlMxDchiknHm63Z7-uttmXeOMrzg,📍,place,visited,Istanbul,T9mlMxDchiknHm63Z7-uttmXeOMrzg,vibe,
Bon Voyage Vintage,"110 S Washington St, Seattle, WA 98104, United States",47.6009859,-122.3336921,,https://www.google.com/maps?ftid=0x54906abacb1687df:0xe33ac60a4a5a784d,0x54906abacb1687df:0xe33ac60a4a5a784d,/g/11b6hr58bd,Zach J.,Washington Places,WfdnMC3zRI3sfjHBnm_HrYeScehYSA,📍,place,visited,Washington Places,WfdnMC3zRI3sfjHBnm_HrYeScehYSA,vibe,
Boulder World Munich East,,48.125872,11.6110615,Bouldering & Rock Climbing,https://www.google.com/maps?ftid=0x479ddf86475a875f:0x1fb8f80cc2e9a4bb,0x479ddf86475a875f:0x1fb8f80cc2e9a4bb,,Zach J.,Deutschland Places,_xr3THKc69o0Q1Jj4xw49b6So0Yt2Q,📍,place,visited,Deutschland Places,_xr3THKc69o0Q1Jj4xw49b6So0Yt2Q,vibe,
boulderbar Wienerberg,,48.1613344,16.3357591,,https://www.google.com/maps?ftid=0x476da85a705d0a75:0x75f3a69192315d0b,0x476da85a705d0a75:0x75f3a69192315d0b,,Zach J.,Austria-ish Places,JW6_PhOiwD9hqDmWcuJh6u67rjwIwA,📍,place,visited,Austria-ish Places,JW6_PhOiwD9hqDmWcuJh6u67rjwIwA,vibe,
Boulderhalle Salzburg,,47.8258333,13.033055599999999,,https://www.google.com/maps?ftid=0x47769abd4d01cde3:0x366c724621d8e0ed,0x47769abd4d01cde3:0x366c724621d8e0ed,,Zach J.,Austria-ish Places,JW6_PhOiwD9hqDmWcuJh6u67rjwIwA,📍,place,visited,Austria-ish Places,JW6_PhOiwD9hqDmWcuJh6u67rjwIwA,vibe,
Bourbon St,"New Orleans, LA, USA",29.9547116,-90.069155,Famous street.,https://www.google.com/maps?ftid=0x8620a611d6a2855d:0xb6d817d06be158bd,0x8620a611d6a2855d:0xb6d817d06be158bd,/m/03txch,Zach J.,'Murica Road Trip,D0K89-5vgjBHw6XsSCispo4wxNwsVA,📍,place,visited,'Murica Road Trip,D0K89-5vgjBHw6XsSCispo4wxNwsVA,vibe,
Bowie,,43.648348,-79.4205229,,https://www.google.com/maps?ftid=0x882b359f734d5edf:0x26dee7360f91e32e,0x882b359f734d5edf:0x26dee7360f91e32e,,Zach J.,Churono,_Goa88wVSLuG5ntawKc2cw,📍,place,visited,Churono,_Goa88wVSLuG5ntawKc2cw,vibe,
Boyau De Londres,"D913D, 55100 Fleury-devant-Douaumont, France",49.2129001,5.434664499999999,,https://www.google.com/maps?ftid=0x47eb1e43e6914d77:0x4755e0fef2216076,0x47eb1e43e6914d77:0x4755e0fef2216076,/g/11f158lzpr,Zach J.,France,1a9PFoaE6QmGPm2JEsIX4DjQqMe7dQ,📍,place,visited,France,1a9PFoaE6QmGPm2JEsIX4DjQqMe7dQ,vibe,
Braga,,41.5454486,-8.426506999999999,,https://www.google.com/maps?ftid=0xd24febc6cf5d867:0xbc5d054162d1e218,0xd24febc6cf5d867:0xbc5d054162d1e218,,Zach J.,Portugal Places,PJetNvIfkAY8zDHfGEEQlDLG4G2qyg,📍,place,visited,Portugal Places,PJetNvIfkAY8zDHfGEEQlDLG4G2qyg,vibe,
Bratwurst Glöckl-Wuppertal,"Kirchstraße 3, 42103 Wuppertal, Germany",51.2567826,7.147810799999999,,https://www.google.com/maps?ftid=0x47b8d7b31a38b7af:0xdfe64e2e0234defb,0x47b8d7b31a38b7af:0xdfe64e2e0234defb,/g/11fxvnlybk,Zach J.,Deutschland Places,_xr3THKc69o0Q1Jj4xw49b6So0Yt2Q,📍,place,visited,Deutschland Places,_xr3THKc69o0Q1Jj4xw49b6So0Yt2Q,vibe,
Brick Ln,"London, UK",51.5220098,-0.07170499999999999,Hipster area.,https://www.google.com/maps?ftid=0x48761cb640ab7f25:0xe1078eb9c803248e,0x48761cb640ab7f25:0xe1078eb9c803248e,/m/025x08,Zach J.,London (The British One),Dc1pjbzURxS4lLc15TJmfg,📍,place,visited,London (The British One),Dc1pjbzURxS4lLc15TJmfg,vibe,
Broken Shaker at Freehand Chicago,"19 E Ohio St, Chicago, IL 60611, United States",41.8922643,-87.6273346,Dope bar,https://www.google.com/maps?ftid=0x880e2cad98bd799f:0x4e15a828a0de8bdc,0x880e2cad98bd799f:0x4e15a828a0de8bdc,/g/11bc7sfdm_,Zach J.,Illinois Places,jvmK2Q-VUEhCXxu8GrJbdro33fvGTw,📍,place,visited,Illinois Places,jvmK2Q-VUEhCXxu8GrJbdro33fvGTw,vibe,
Brouwerij 't IJ,,52.3666791,4.926444099999999,,https://www.google.com/maps?ftid=0x47c6090b41c8f893:0x77fe1349de1f4bc4,0x47c6090b41c8f893:0x77fe1349de1f4bc4,,Zach J.,Netherlands Places,uUJAjJl3UL4Vb2neQptAbAc1dIoemQ,📍,place,visited,Netherlands Places,uUJAjJl3UL4Vb2neQptAbAc1dIoemQ,vibe,
Bruce Lee and Brandon Lee Grave Sites,"1554 15th Ave E, Seattle, WA 98112, United States",47.633768499999995,-122.3158751,,https://www.google.com/maps?ftid=0x549014d8ec11959b:0xac6c348b38412c53,0x549014d8ec11959b:0xac6c348b38412c53,/g/119v3ls5c,Zach J.,Washington Places,WfdnMC3zRI3sfjHBnm_HrYeScehYSA,📍,place,visited,Washington Places,WfdnMC3zRI3sfjHBnm_HrYeScehYSA,vibe,
Bruck an der Großglocknerstraße,,47.287302499999996,12.8248556,,https://www.google.com/maps?ftid=0x47771c1bc1e18773:0x40097572de66410,0x47771c1bc1e18773:0x40097572de66410,,Zach J.,Austria-ish Places,JW6_PhOiwD9hqDmWcuJh6u67rjwIwA,📍,place,visited,Austria-ish Places,JW6_PhOiwD9hqDmWcuJh6u67rjwIwA,vibe,
Brudern House,"Budapest, Ferenciek tere 10, 1053 Hungary",47.493294399999996,19.055301999999998,,https://www.google.com/maps?ftid=0x4741dc440751259b:0xc26303d4039e8b80,0x4741dc440751259b:0xc26303d4039e8b80,/g/15dqb8vl,Zach J.,Hungary Places,1a46QBe0HWmKrjJYm4D9EROGYD6JOw,📍,place,visited,Hungary Places,1a46QBe0HWmKrjJYm4D9EROGYD6JOw,vibe,
Bruges Beer Experience,,51.2085453,3.2254326,,https://www.google.com/maps?ftid=0x47c350cff7183a7d:0xb77a091a3606c081,0x47c350cff7183a7d:0xb77a091a3606c081,,Zach J.,Belgium Places,XyATa3gcf-ULckrVtuXlIrtbkHutzw,📍,place,visited,Belgium Places,XyATa3gcf-ULckrVtuXlIrtbkHutzw,vibe,
Brunnen-Helferei Zwingliplatz,"Zwinglipl. 4, 8001 Zürich, Switzerland",47.370283099999995,8.544696199999999,,https://www.google.com/maps?ftid=0x479aa10a98071917:0xf38fe0a93c7a8d74,0x479aa10a98071917:0xf38fe0a93c7a8d74,/g/11qnr0ntkk,Zach J.,Switzerland Places,OvARGjqcJqUpQGyHwNiftD3eqtby6g,📍,place,visited,Switzerland Places,OvARGjqcJqUpQGyHwNiftD3eqtby6g,vibe,
Bubble Toast,"plac Szczepański 5, 31-011 Kraków, Poland",50.0642305,19.9356082,,https://www.google.com/maps?ftid=0x47165b48fd9ada77:0xdb8f499dbfd7dfc2,0x47165b48fd9ada77:0xdb8f499dbfd7dfc2,/g/11h96ftbp0,Zach J.,Poland Places,rJiYI8AwTOeCZ372vYFwILDmTQWZ1w,📍,place,visited,Poland Places,rJiYI8AwTOeCZ372vYFwILDmTQWZ1w,vibe,
Buc-ee's,"2760 I-35, New Braunfels, TX 78130, United States",29.7264461,-98.0786414,,https://www.google.com/maps?ftid=0x865cbccd44bfe4b3:0x695760c690117684,0x865cbccd44bfe4b3:0x695760c690117684,/g/1hf071jr4,Zach J.,Texas,1S_gekS-v4RZuZLaRNwLRkv_EUSNYw,📍,place,visited,Texas,1S_gekS-v4RZuZLaRNwLRkv_EUSNYw,vibe,
Burghausen,,48.1725613,12.8310753,Nice small German town.,https://www.google.com/maps?ftid=0x4775d1df5b741437:0x41d25a40937b5b0,0x4775d1df5b741437:0x41d25a40937b5b0,,Zach J.,Deutschland Places,_xr3THKc69o0Q1Jj4xw49b6So0Yt2Q,📍,place,visited,Deutschland Places,_xr3THKc69o0Q1Jj4xw49b6So0Yt2Q,vibe,
Burn O'Vat,"Aboyne AB34 5NB, United Kingdom",57.0838659,-2.9502462,,https://www.google.com/maps?ftid=0x4885cd0dd3346fe3:0x1ce3743fa4fb8db8,0x4885cd0dd3346fe3:0x1ce3743fa4fb8db8,/g/11t0dxcc3n,Zach J.,Land of Scots,nrpv0PI_5p-7UBIdU0S_VRRVZzdshQ,📍,place,visited,Land of Scots,nrpv0PI_5p-7UBIdU0S_VRRVZzdshQ,vibe,
Bus Stop,"1901 Union St, San Francisco, CA 94123, United States",37.7976083,-122.4307327,,https://www.google.com/maps?ftid=0x808580db4ece278b:0xc5b460e75afbac76,0x808580db4ece278b:0xc5b460e75afbac76,/g/1tgs14sx,Zach J.,California Places,aTaCY8tke-6jFT8XQ0SVYBXQZ4k60Q,📍,place,visited,California Places,aTaCY8tke-6jFT8XQ0SVYBXQZ4k60Q,vibe,
BUSHWICK SUDS LAUNDROMAT,"258 Bushwick Ave #1L, Brooklyn, NY 11206",40.707249,-73.9399352,Cheap laundry.,https://www.google.com/maps?ftid=0x89c25b00627c6585:0xe6a94326ea58f8c2,0x89c25b00627c6585:0xe6a94326ea58f8c2,,Zach J.,"New York, New York",m7FS_hkzSJJEPgD5o0716tZ4PbE9XQ,📍,place,visited,"New York, New York",m7FS_hkzSJJEPgD5o0716tZ4PbE9XQ,vibe,
Büyük Han,"Büyük Khan,Nicosia,Cyprus, Lefkoşa 99010",35.176293199999996,33.3626394,,https://www.google.com/maps?ftid=0x14de17442d655555:0xdaaac2b4c66ee3b9,0x14de17442d655555:0xdaaac2b4c66ee3b9,/m/0dlk3g8,Zach J.,Cyprus Places,op1yFHMtopjnsWL6BEbTl-cVqS5sDg,📍,place,visited,Cyprus Places,op1yFHMtopjnsWL6BEbTl-cVqS5sDg,vibe,
Caldas de Monchique,,37.2791384,-8.5519043,,https://www.google.com/maps?ftid=0xd1b2174134954ff:0x2600ebbed3cc85d2,0xd1b2174134954ff:0x2600ebbed3cc85d2,,Zach J.,Portugal Places,PJetNvIfkAY8zDHfGEEQlDLG4G2qyg,📍,place,visited,Portugal Places,PJetNvIfkAY8zDHfGEEQlDLG4G2qyg,vibe,
canon,"928 12th Ave, Seattle, WA 98122, United States",47.6112889,-122.3166098,Ask to see the whiskey list.,https://www.google.com/maps?ftid=0x54906acedccc024d:0x7dfc130bbac8f648,0x54906acedccc024d:0x7dfc130bbac8f648,/g/1hhl277bm,Zach J.,Washington Places,WfdnMC3zRI3sfjHBnm_HrYeScehYSA,📍,place,visited,Washington Places,WfdnMC3zRI3sfjHBnm_HrYeScehYSA,vibe,
Capital Laughs,"2323 18th St NW, Washington, DC 20009, United States",38.9203207,-77.0416963,,https://www.google.com/maps?ftid=0x89b7b7dbae302d8b:0xb99d83a8aa0c4c9a,0x89b7b7dbae302d8b:0xb99d83a8aa0c4c9a,/g/11f08gf2zj,Zach J.,Washington DC Places,LcNB3Ku1niTAsy0qH-HKT1v9d_odjw,📍,place,visited,Washington DC Places,LcNB3Ku1niTAsy0qH-HKT1v9d_odjw,vibe,
Carnitas Don Jose,"88 W Pender St, Vancouver, BC V6B 6N9",49.2803701,-123.1069716,Best tacos,https://www.google.com/maps?ftid=0x5486715c91ba73a9:0x4cf2dfe03b8c41a8,0x5486715c91ba73a9:0x4cf2dfe03b8c41a8,/g/11s3vxkj18,Zach J.,BC Places,J-HTPTrrRB2hdSQ_jx2gvA,📍,place,visited,BC Places,J-HTPTrrRB2hdSQ_jx2gvA,vibe,
Casa Batlló,"Pg. de Gràcia, 43, 08007 Barcelona, Spain",41.3917,2.164918,,https://www.google.com/maps?ftid=0x12a4a2ed494b4161:0x40d2782f9e2e4e0f,0x12a4a2ed494b4161:0x40d2782f9e2e4e0f,/m/0nv9,Zach J.,Spain,9OTD759Vy7eRxRIn4AOrt-0eFJ0TtA,📍,place,visited,Spain,9OTD759Vy7eRxRIn4AOrt-0eFJ0TtA,vibe,
Casa Lolea Barcelona,"C/ de Sant Pere Més Alt, 49, 08003 Barcelona, Spain",41.3889,2.1771556,,https://www.google.com/maps?ftid=0x12a4a2fb032b8c79:0x45d2629ce4b2b4,0x12a4a2fb032b8c79:0x45d2629ce4b2b4,/g/11b6vbt32c,Zach J.,Spain,9OTD759Vy7eRxRIn4AOrt-0eFJ0TtA,📍,place,visited,Spain,9OTD759Vy7eRxRIn4AOrt-0eFJ0TtA,vibe,
Casa Loma,"Casa Loma, CA 95701, USA",39.198127899999996,-120.777481,,https://www.google.com/maps?ftid=0x809b98e918753201:0x7f2d78075c269010,0x809b98e918753201:0x7f2d78075c269010,/m/0488vr8,Zach J.,California Places,aTaCY8tke-6jFT8XQ0SVYBXQZ4k60Q,📍,place,visited,California Places,aTaCY8tke-6jFT8XQ0SVYBXQZ4k60Q,vibe,
Casa Loma,"1 Austin Terrace, Toronto, ON M5R 1X8, Canada",43.6780371,-79.4094439,Castle-ish thing.,https://www.google.com/maps?ftid=0x882b349dcf25a1b3:0x617cc8c102d6584f,0x882b349dcf25a1b3:0x617cc8c102d6584f,,Zach J.,Toronto Photography,EBdYtSZKT2SzsVOBUpVjfw,📍,place,visited,Toronto Photography,EBdYtSZKT2SzsVOBUpVjfw,vibe,
Cascata Queda do Vigário - Alte,,37.2319149,-8.1804468,,https://www.google.com/maps?ftid=0xd1ac6fe4426e203:0xb7564b222409dd47,0xd1ac6fe4426e203:0xb7564b222409dd47,,Zach J.,Portugal Places,PJetNvIfkAY8zDHfGEEQlDLG4G2qyg,📍,place,visited,Portugal Places,PJetNvIfkAY8zDHfGEEQlDLG4G2qyg,vibe,
Casino El Camino,"517 E 6th St, Austin, TX 78701, United States",30.2664941,-97.73765949999999,,https://www.google.com/maps?ftid=0x8644b5a6421d7451:0x4dc40014c9a274b6,0x8644b5a6421d7451:0x4dc40014c9a274b6,/m/020yrhz,Zach J.,Texas,1S_gekS-v4RZuZLaRNwLRkv_EUSNYw,📍,place,visited,Texas,1S_gekS-v4RZuZLaRNwLRkv_EUSNYw,vibe,
Cassidy Arch,"Torrey, UT 84775, United States",38.2611047,-111.2254365,,https://www.google.com/maps?ftid=0x874a197b482aaf5b:0x64318f98e94754f7,0x874a197b482aaf5b:0x64318f98e94754f7,/g/1tf6mpdq,Zach J.,Utah Places,yxf29Fw1SnujpoH_zKcqAA,📍,place,visited,Utah Places,yxf29Fw1SnujpoH_zKcqAA,vibe,
Cathédrale Notre-Dame de Paris,"6 Parvis Notre-Dame - Pl. Jean-Paul II, 75004 Paris, France",48.8529918,2.3498739,,https://www.google.com/maps?ftid=0x47e67178107e4d37:0x8bddd746500753b4,0x47e67178107e4d37:0x8bddd746500753b4,/m/0gtxh,Zach J.,France,1a9PFoaE6QmGPm2JEsIX4DjQqMe7dQ,📍,place,visited,France,1a9PFoaE6QmGPm2JEsIX4DjQqMe7dQ,vibe,
Central Pacific Railroad Passenger Station,"930 Front St, Sacramento, CA 95814, United States",38.5839248,-121.50556499999999,,https://www.google.com/maps?ftid=0x809ad7466841c549:0xd0f88b39a7a7f567,0x809ad7466841c549:0xd0f88b39a7a7f567,/g/11gvz8n_4d,Zach J.,California Places,aTaCY8tke-6jFT8XQ0SVYBXQZ4k60Q,📍,place,visited,California Places,aTaCY8tke-6jFT8XQ0SVYBXQZ4k60Q,vibe,
Centro Historico,"Polonia, plac Zamkowy 10, Warszawa, Poland",52.2482137,21.0140274,,https://www.google.com/maps?ftid=0x471ecc68a9faeb99:0x15476bb665fca433,0x471ecc68a9faeb99:0x15476bb665fca433,/g/11cs1k62f_,Zach J.,Poland Places,rJiYI8AwTOeCZ372vYFwILDmTQWZ1w,📍,place,visited,Poland Places,rJiYI8AwTOeCZ372vYFwILDmTQWZ1w,vibe,
Charlotte,"Charlotte, NC, USA",35.2270768,-80.84089329999999,,https://www.google.com/maps?ftid=0x88541fc4fc381a81:0x884650e6bf43d164,0x88541fc4fc381a81:0x884650e6bf43d164,/m/0fsb8,Zach J.,'Murica Road Trip,D0K89-5vgjBHw6XsSCispo4wxNwsVA,📍,place,visited,'Murica Road Trip,D0K89-5vgjBHw6XsSCispo4wxNwsVA,vibe,
Checkpoint Charlie,,52.5074434,13.3903913,"Famous place, WW2 and Cold war.",https://www.google.com/maps?ftid=0x47a851d15c26d8cd:0x23a50042477d89c8,0x47a851d15c26d8cd:0x23a50042477d89c8,,Zach J.,Deutschland Places,_xr3THKc69o0Q1Jj4xw49b6So0Yt2Q,📍,place,visited,Deutschland Places,_xr3THKc69o0Q1Jj4xw49b6So0Yt2Q,vibe,
Chez Maman West,"401 Gough St, San Francisco, CA 94102, United States",37.7769712,-122.4231339,,https://www.google.com/maps?ftid=0x80858098963fa0ef:0x8532bdc78c1208e9,0x80858098963fa0ef:0x8532bdc78c1208e9,/g/12lppsv1k,Zach J.,California Places,aTaCY8tke-6jFT8XQ0SVYBXQZ4k60Q,📍,place,visited,California Places,aTaCY8tke-6jFT8XQ0SVYBXQZ4k60Q,vibe,
Chicken + Whiskey,"1738 14th St NW, Washington, DC 20009, United States",38.913844499999996,-77.03213939999999,,https://www.google.com/maps?ftid=0x89b7b7e835d813d7:0x86efd7cb8c81677c,0x89b7b7e835d813d7:0x86efd7cb8c81677c,/g/11g8p269qh,Zach J.,Washington DC Places,LcNB3Ku1niTAsy0qH-HKT1v9d_odjw,📍,place,visited,Washington DC Places,LcNB3Ku1niTAsy0qH-HKT1v9d_odjw,vibe,
Children's Pool La Jolla,"Children's Pool La Jolla, 834 Coast S Blvd, La Jolla, CA 92037, United States",32.8475475,-117.27854749999999,,https://www.google.com/maps?ftid=0x80dc03fa687bc0a9:0xe30c0acfd461ae16,0x80dc03fa687bc0a9:0xe30c0acfd461ae16,/m/028bh_9,Zach J.,California Places,aTaCY8tke-6jFT8XQ0SVYBXQZ4k60Q,📍,place,visited,California Places,aTaCY8tke-6jFT8XQ0SVYBXQZ4k60Q,vibe,
Churchill War Rooms,,51.5021585,-0.1293572,,https://www.google.com/maps?ftid=0x487604dad55789ab:0xcd8d10d8b2cf95e4,0x487604dad55789ab:0xcd8d10d8b2cf95e4,,Zach J.,London (The British One),Dc1pjbzURxS4lLc15TJmfg,📍,place,visited,London (The British One),Dc1pjbzURxS4lLc15TJmfg,vibe,
Cistern of Theodosius,"Binbirdirek, Piyer Loti Cd. No:2/1, 34122 Fatih/İstanbul, Turkey",41.007390099999995,28.972384199999997,,https://www.google.com/maps?ftid=0x14cab9971cebad0f:0x4ae2a38610837e6c,0x14cab9971cebad0f:0x4ae2a38610837e6c,/m/03wfd7p,Zach J.,Istanbul,T9mlMxDchiknHm63Z7-uttmXeOMrzg,📍,place,visited,Istanbul,T9mlMxDchiknHm63Z7-uttmXeOMrzg,vibe,
Clapham Common Station,"8-1, The Pavement, London SW4 7AJ, United Kingdom",51.4617867,-0.138353,,https://www.google.com/maps?ftid=0x4876044d7a67497d:0x6f61ff6e93edc55d,0x4876044d7a67497d:0x6f61ff6e93edc55d,/g/12vrwbxb3,Zach J.,London (The British One),Dc1pjbzURxS4lLc15TJmfg,📍,place,visited,London (The British One),Dc1pjbzURxS4lLc15TJmfg,vibe,
Clapham North,,51.4650932,-0.1295309,,https://www.google.com/maps?ftid=0x4876045089964e81:0x758312ea80e0643a,0x4876045089964e81:0x758312ea80e0643a,,Zach J.,London (The British One),Dc1pjbzURxS4lLc15TJmfg,📍,place,visited,London (The British One),Dc1pjbzURxS4lLc15TJmfg,vibe,
Cockney Kings Fish & Chips,"1935 Cornwall Ave, Vancouver, BC V6J 1C8",49.272593099999995,-123.1485237,,https://www.google.com/maps?ftid=0x548673cbe85970c7:0xc63b587c53f2bbf,0x548673cbe85970c7:0xc63b587c53f2bbf,/g/11svjssjdz,Zach J.,BC Places,J-HTPTrrRB2hdSQ_jx2gvA,📍,place,visited,BC Places,J-HTPTrrRB2hdSQ_jx2gvA,vibe,
Coin-Op Game Room,"908 K St, Sacramento, CA 95814, United States",38.5791985,-121.49483319999999,,https://www.google.com/maps?ftid=0x809ad1296471269b:0x3751333b05850926,0x809ad1296471269b:0x3751333b05850926,/g/11b7rxg0s5,Zach J.,California Places,aTaCY8tke-6jFT8XQ0SVYBXQZ4k60Q,📍,place,visited,California Places,aTaCY8tke-6jFT8XQ0SVYBXQZ4k60Q,vibe,
Commodore Lanes,"838 Granville St, Vancouver, BC V6B 2C9",49.2808147,-123.12040139999999,Bowling alleys and pool tables.,https://www.google.com/maps?ftid=0x5486717fb614009d:0x8e1a8bf42c55efe,0x5486717fb614009d:0x8e1a8bf42c55efe,/g/1tx8sxft,Zach J.,BC Places,J-HTPTrrRB2hdSQ_jx2gvA,📍,place,visited,BC Places,J-HTPTrrRB2hdSQ_jx2gvA,vibe,
Competitive Cameras Ltd,"2025 Irving Blvd Suite 107, Dallas, TX 75207, United States",32.7949134,-96.8297893,,https://www.google.com/maps?ftid=0x864e99512dc4b957:0x8dbd6f7dd0a09f12,0x864e99512dc4b957:0x8dbd6f7dd0a09f12,/g/1tdpmh9v,Zach J.,Texas,1S_gekS-v4RZuZLaRNwLRkv_EUSNYw,📍,place,visited,Texas,1S_gekS-v4RZuZLaRNwLRkv_EUSNYw,vibe,
Conserveira de Lisboa,"R. dos Bacalhoeiros 34, 1100-071 Lisboa, Portugal",38.7093092,-9.1346965,,https://www.google.com/maps?ftid=0xd193479e31fda2b:0x6fa7ab9e13ffcd7b,0xd193479e31fda2b:0x6fa7ab9e13ffcd7b,/g/1tgnnbm3,Zach J.,Portugal Places,PJetNvIfkAY8zDHfGEEQlDLG4G2qyg,📍,place,visited,Portugal Places,PJetNvIfkAY8zDHfGEEQlDLG4G2qyg,vibe,
Copperpenny Distilling Co.,"288 Esplanade East Unit 103, North Vancouver, BC V7L 1A3",49.3087999,-123.0738511,,https://www.google.com/maps?ftid=0x548671c5e08ece85:0xce2647843b4c4834,0x548671c5e08ece85:0xce2647843b4c4834,/g/11r9nyc0zg,Zach J.,Van Beer List,aJLDTHgUQreKks22yMypEA,📍,place,visited,Van Beer List,aJLDTHgUQreKks22yMypEA,vibe,
COPS,"89 Lewis St, Toronto, ON M4M 2H2",43.658836,-79.34835079999999,,https://www.google.com/maps?ftid=0x89d4cb43670a6aa1:0xdaadc56d74809370,0x89d4cb43670a6aa1:0xdaadc56d74809370,/g/11ppffnwml,Zach J.,Churono,_Goa88wVSLuG5ntawKc2cw,📍,place,visited,Churono,_Goa88wVSLuG5ntawKc2cw,vibe,
Corktown Common,"155 Bayview Ave, Toronto, ON M5A 0G4, Canada",43.654181699999995,-79.35259309999999,Street photography & skyline.,https://www.google.com/maps?ftid=0x89d4cb149d27ece5:0x5d6c0b9f6d49aacc,0x89d4cb149d27ece5:0x5d6c0b9f6d49aacc,,Zach J.,Toronto Photography,EBdYtSZKT2SzsVOBUpVjfw,📍,place,visited,Toronto Photography,EBdYtSZKT2SzsVOBUpVjfw,vibe,
Couch Club,"Klenzestraße 89, 80469 München, Germany",48.1270089,11.5702225,,https://www.google.com/maps?ftid=0x479ddf5d64ebc671:0xc39b62bf4d759987,0x479ddf5d64ebc671:0xc39b62bf4d759987,/g/1v96ksjd,Zach J.,Deutschland Places,_xr3THKc69o0Q1Jj4xw49b6So0Yt2Q,📍,place,visited,Deutschland Places,_xr3THKc69o0Q1Jj4xw49b6So0Yt2Q,vibe,
CPR 5931 2-10-4 T1C Selkirk,"5931 14 St SW, Calgary, AB T2V 1R1",50.9802342,-114.09538069999999,,https://www.google.com/maps?ftid=0x537171729699ba75:0x1cf61cc0a7d2de74,0x537171729699ba75:0x1cf61cc0a7d2de74,/g/11v5wjyl1v,Zach J.,Alberta Places,3C2H3oIS4n013AChLgQc_odlaarv0A,📍,place,visited,Alberta Places,3C2H3oIS4n013AChLgQc_odlaarv0A,vibe,
Crostini & Java,"899 Hyde St, San Francisco, CA 94109, United States",37.788955,-122.4171691,Cheap coffee and breakfast with a view.,https://www.google.com/maps?ftid=0x8085809399c87481:0xaaf15aef841b7ecd,0x8085809399c87481:0xaaf15aef841b7ecd,/g/11gdtvky0g,Zach J.,California Places,aTaCY8tke-6jFT8XQ0SVYBXQZ4k60Q,📍,place,visited,California Places,aTaCY8tke-6jFT8XQ0SVYBXQZ4k60Q,vibe,
Curry & Co.,"Louisenstraße 62, 01099 Dresden, Germany",51.065768399999996,13.755835399999999,,https://www.google.com/maps?ftid=0x4709cf395bae4441:0x73e94831a5acff4d,0x4709cf395bae4441:0x73e94831a5acff4d,/g/1th5yhtg,Zach J.,Deutschland Places,_xr3THKc69o0Q1Jj4xw49b6So0Yt2Q,📍,place,visited,Deutschland Places,_xr3THKc69o0Q1Jj4xw49b6So0Yt2Q,vibe,
CVAR - Severis Foundation,"Ermou 285, Nicosia 1017, Cyprus",35.1757122,33.3687446,,https://www.google.com/maps?ftid=0x14de17419b4a7821:0x99d5d847abca06ff,0x14de17419b4a7821:0x99d5d847abca06ff,/g/11b6bwf3_w,Zach J.,Cyprus Places,op1yFHMtopjnsWL6BEbTl-cVqS5sDg,📍,place,visited,Cyprus Places,op1yFHMtopjnsWL6BEbTl-cVqS5sDg,vibe,
Dan Sung Sa,"3317 W 6th St, Los Angeles, CA 90020, United States",34.0637447,-118.29454709999999,"Very, very good Korean food. Long wait, prepare for 30 mins avg.",https://www.google.com/maps?ftid=0x80c2c77c91ab6b01:0x72786640a7da4b2,0x80c2c77c91ab6b01:0x72786640a7da4b2,/g/1tg_g9sk,Zach J.,California Places,aTaCY8tke-6jFT8XQ0SVYBXQZ4k60Q,📍,place,visited,California Places,aTaCY8tke-6jFT8XQ0SVYBXQZ4k60Q,vibe,
Dante's,"350 W Burnside St, Portland, OR 97209, United States",45.5229638,-122.6737374,"Live music, karaoke from time to time.",https://www.google.com/maps?ftid=0x54950a072ecb862d:0xfd4da891e27aaab9,0x54950a072ecb862d:0xfd4da891e27aaab9,/m/0g3kbt,Zach J.,O-re-going Places,uPOFXqj2oXs8EjysOzM2PTCFTrpdog,📍,place,visited,O-re-going Places,uPOFXqj2oXs8EjysOzM2PTCFTrpdog,vibe,
Das Göhltalmuseum,,50.7151539,6.017673299999999,,https://www.google.com/maps?ftid=0x47c09a99a50bceaf:0x3de1a5091362469d,0x47c09a99a50bceaf:0x3de1a5091362469d,,Zach J.,Belgium Places,XyATa3gcf-ULckrVtuXlIrtbkHutzw,📍,place,visited,Belgium Places,XyATa3gcf-ULckrVtuXlIrtbkHutzw,vibe,
DAV Kletter- und Boulderzentrum München-Nord,,48.2067635,11.617958999999999,Bouldering & Rock Climbing,https://www.google.com/maps?ftid=0x479e747835528a95:0x322ec5c8f15f551d,0x479e747835528a95:0x322ec5c8f15f551d,,Zach J.,Deutschland Places,_xr3THKc69o0Q1Jj4xw49b6So0Yt2Q,📍,place,visited,Deutschland Places,_xr3THKc69o0Q1Jj4xw49b6So0Yt2Q,vibe,
DAV Kletter- und Boulderzentrum München-Süd,,48.106947299999995,11.5458041,Bouldering & Rock Climbing,https://www.google.com/maps?ftid=0x479ddf2e2cba3edb:0xd1c48d31fb082c05,0x479ddf2e2cba3edb:0xd1c48d31fb082c05,,Zach J.,Deutschland Places,_xr3THKc69o0Q1Jj4xw49b6So0Yt2Q,📍,place,visited,Deutschland Places,_xr3THKc69o0Q1Jj4xw49b6So0Yt2Q,vibe,
Dave's Genuine Deli,,43.7058575,-79.4557758,Far trek for a sandwhich.,https://www.google.com/maps?ftid=0x882b2fb6ba0a7d3b:0x509e1d9a9b4f2457,0x882b2fb6ba0a7d3b:0x509e1d9a9b4f2457,,Zach J.,Churono,_Goa88wVSLuG5ntawKc2cw,📍,place,visited,Churono,_Goa88wVSLuG5ntawKc2cw,vibe,
Deacon's Corner,"101 Main St, Vancouver, BC V6A 1B5",49.2839874,-123.09986599999999,,https://www.google.com/maps?ftid=0x54867171342802a7:0x6daf50f3b2ac7275,0x54867171342802a7:0x6daf50f3b2ac7275,/m/05ssks7,Zach J.,BC Places,J-HTPTrrRB2hdSQ_jx2gvA,📍,place,visited,BC Places,J-HTPTrrRB2hdSQ_jx2gvA,vibe,
Delirium Taphouse,"Imp. de la Fidélité 4, 1000 Bruxelles, Belgium",50.8485863,4.3538431,,https://www.google.com/maps?ftid=0x47c3c3fd88881bc9:0xfa5552f77595ae8c,0x47c3c3fd88881bc9:0xfa5552f77595ae8c,/g/11ghdk0wm3,Zach J.,Belgium Places,XyATa3gcf-ULckrVtuXlIrtbkHutzw,📍,place,visited,Belgium Places,XyATa3gcf-ULckrVtuXlIrtbkHutzw,vibe,
Der Stiefel,"Zülpicher Str. 16, 50674 Köln, Germany",50.929934499999995,6.9383272,,https://www.google.com/maps?ftid=0x47bf250e7e24a061:0x4ab2af70b61c4e7,0x47bf250e7e24a061:0x4ab2af70b61c4e7,/g/1thvxdhv,Zach J.,Deutschland Places,_xr3THKc69o0Q1Jj4xw49b6So0Yt2Q,📍,place,visited,Deutschland Places,_xr3THKc69o0Q1Jj4xw49b6So0Yt2Q,vibe,
Dionysus Mansion,"16th June Street, Nr 5, Limassol 3022, Cyprus",34.678927,33.0395822,"Good food, all made on site fresh.",https://www.google.com/maps?ftid=0x14e7330427699aab:0xb96b2e2a54f46e07,0x14e7330427699aab:0xb96b2e2a54f46e07,/g/11cmcfh57h,Zach J.,Cyprus Places,op1yFHMtopjnsWL6BEbTl-cVqS5sDg,📍,place,visited,Cyprus Places,op1yFHMtopjnsWL6BEbTl-cVqS5sDg,vibe,
Dive 75,"101 W 75th St, New York, NY 10023, United States",40.779631099999996,-73.9777118,,https://www.google.com/maps?ftid=0x89c258895100c229:0x798d14c709fbeafe,0x89c258895100c229:0x798d14c709fbeafe,/g/1tfk5bmk,Zach J.,"New York, New York",m7FS_hkzSJJEPgD5o0716tZ4PbE9XQ,📍,place,visited,"New York, New York",m7FS_hkzSJJEPgD5o0716tZ4PbE9XQ,vibe,
Dobry Kumpel,"Floriańska 47, 31-019 Kraków, Poland",50.064181999999995,19.941072,,https://www.google.com/maps?ftid=0x47165b102e3324cb:0x36c02d888869524f,0x47165b102e3324cb:0x36c02d888869524f,/g/1tv3mf1p,Zach J.,Poland Places,rJiYI8AwTOeCZ372vYFwILDmTQWZ1w,📍,place,visited,Poland Places,rJiYI8AwTOeCZ372vYFwILDmTQWZ1w,vibe,
Doktoro Lázaro Lvdoviko Zamenhof Kreinto de Esperanto,"00-001 Warsaw, Poland",52.2452939,20.9760664,Esperanto creators grave.,https://www.google.com/maps?ftid=0x471ecbb13225689b:0x54dae17fcc45f5f2,0x471ecbb13225689b:0x54dae17fcc45f5f2,/g/11hzpmm_l3,Zach J.,Poland Places,rJiYI8AwTOeCZ372vYFwILDmTQWZ1w,📍,place,visited,Poland Places,rJiYI8AwTOeCZ372vYFwILDmTQWZ1w,vibe,
Dolce Vita,"Berka Joselewicza 6, 31-051 Kraków, Poland",50.0540709,19.9453753,,https://www.google.com/maps?ftid=0x47165b6ada682b8f:0xfb4cefe77ff3095e,0x47165b6ada682b8f:0xfb4cefe77ff3095e,/g/11b8v9r4hl,Zach J.,Poland Places,rJiYI8AwTOeCZ372vYFwILDmTQWZ1w,📍,place,visited,Poland Places,rJiYI8AwTOeCZ372vYFwILDmTQWZ1w,vibe,
Dora Observatory,"310 Je3ttanggul-ro, Jangdan-myeon, 개성 Gyeonggi-do",37.908885,126.70468419999999,,https://www.google.com/maps?ftid=0x357cf3fb161ae2e3:0xe347f17b096bcf19,0x357cf3fb161ae2e3:0xe347f17b096bcf19,/m/0d6_5m,Zach J.,South Korea Places,eq-jX2C0L9Am26jRVNLfIlkd0WnWLw,📍,place,visited,South Korea Places,eq-jX2C0L9Am26jRVNLfIlkd0WnWLw,vibe,
Dotombori,,34.6687234,135.5012971,Main shopping and neon light area in Osaka.,https://www.google.com/maps?ftid=0x6000e713818af9fd:0xb8bb1326b48ba590,0x6000e713818af9fd:0xb8bb1326b48ba590,,Zach J.,Japan Places,4MFKvfwkuooLXdFwzLh7bJlLOhg8-A,📍,place,visited,Japan Places,4MFKvfwkuooLXdFwzLh7bJlLOhg8-A,vibe,
Douaumont Ossuary,"Pl. Mgr Ginisty, 55100 Douaumont-Vaux, France",49.208253799999994,5.4236543,,https://www.google.com/maps?ftid=0x47eb1e67d0387405:0xe5852704f96a13a4,0x47eb1e67d0387405:0xe5852704f96a13a4,/m/0b4mdx,Zach J.,France,1a9PFoaE6QmGPm2JEsIX4DjQqMe7dQ,📍,place,visited,France,1a9PFoaE6QmGPm2JEsIX4DjQqMe7dQ,vibe,
Downlow Chicken Shack,"905 Commercial Dr, Vancouver, BC V5L 2H2",49.2763292,-123.0696978,"Pretty good chicken, but real expensive.",https://www.google.com/maps?ftid=0x54867157a438ebc3:0x75969767dbca6887,0x54867157a438ebc3:0x75969767dbca6887,/g/11f657glq0,Zach J.,BC Places,J-HTPTrrRB2hdSQ_jx2gvA,📍,place,visited,BC Places,J-HTPTrrRB2hdSQ_jx2gvA,vibe,
DPM Diving Koh Tao,"1 Tambon Village / building, 9 Soi dpm diving, Koh Tao, Surat Thani 84360",10.0867717,99.8263139,Easiest dive cert possible.,https://www.google.com/maps?ftid=0x3055a1764a4f3a4f:0x26668282ffd7a71b,0x3055a1764a4f3a4f:0x26668282ffd7a71b,/g/11bbt40k50,Zach J.,Thailand Places,8ZLYjtP28NdeHaxAFNWuqLewhbemIw,📍,place,visited,Thailand Places,8ZLYjtP28NdeHaxAFNWuqLewhbemIw,vibe,
Duke of Wellington,"63 Eaton Terrace, London SW1W 8TR, United Kingdom",51.4930661,-0.1533333,Pub Crawl #8,https://www.google.com/maps?ftid=0x48760517efcb9dab:0x6ccabe6f32a6d9fb,0x48760517efcb9dab:0x6ccabe6f32a6d9fb,/g/11c2k702w2,Zach J.,London (The British One),Dc1pjbzURxS4lLc15TJmfg,📍,place,visited,London (The British One),Dc1pjbzURxS4lLc15TJmfg,vibe,
Dulle Griet,,51.057299099999994,3.7241507,,https://www.google.com/maps?ftid=0x47c371477f7c58d5:0x7562e22fc4d50caa,0x47c371477f7c58d5:0x7562e22fc4d50caa,,Zach J.,Belgium Places,XyATa3gcf-ULckrVtuXlIrtbkHutzw,📍,place,visited,Belgium Places,XyATa3gcf-ULckrVtuXlIrtbkHutzw,vibe,
Dunkirk's The Mole,"Rue Militaire, 59140 Dunkerque, France",51.0515744,2.3665479,Part of the British evacuation of Dunkirk,https://www.google.com/maps?ftid=0x47dc8dcf08973335:0x1f1daacea5bc672,0x47dc8dcf08973335:0x1f1daacea5bc672,/g/11h6t9dyd6,Zach J.,France,1a9PFoaE6QmGPm2JEsIX4DjQqMe7dQ,📍,place,visited,France,1a9PFoaE6QmGPm2JEsIX4DjQqMe7dQ,vibe,
Dupont Underground,"19 Dupont Cir NW, Washington, DC 20036, United States",38.910502,-77.0435323,,https://www.google.com/maps?ftid=0x89b7b7c65aaf3435:0x2910d8edbb00974f,0x89b7b7c65aaf3435:0x2910d8edbb00974f,/g/11cn5pvzy3,Zach J.,Washington DC Places,LcNB3Ku1niTAsy0qH-HKT1v9d_odjw,📍,place,visited,Washington DC Places,LcNB3Ku1niTAsy0qH-HKT1v9d_odjw,vibe,
Dutch Dreams,,43.6820217,-79.4190332,,https://www.google.com/maps?ftid=0x882b337e6689187f:0x3676474b03fd5a9f,0x882b337e6689187f:0x3676474b03fd5a9f,,Zach J.,Churono,_Goa88wVSLuG5ntawKc2cw,📍,place,visited,Churono,_Goa88wVSLuG5ntawKc2cw,vibe,
Dürnstein,,48.3942651,15.521171599999999,,https://www.google.com/maps?ftid=0x477285f9597e54ad:0xd0acba292d13a6f5,0x477285f9597e54ad:0xd0acba292d13a6f5,,Zach J.,Austria-ish Places,JW6_PhOiwD9hqDmWcuJh6u67rjwIwA,📍,place,visited,Austria-ish Places,JW6_PhOiwD9hqDmWcuJh6u67rjwIwA,vibe,
East Van Roasters,"319 Carrall St, Vancouver, BC V6B 2J4",49.28207,-123.1044716,,https://www.google.com/maps?ftid=0x5486717a07fed82b:0x58d1636b217b7d9d,0x5486717a07fed82b:0x58d1636b217b7d9d,/g/12hnmgv15,Zach J.,BC Places,J-HTPTrrRB2hdSQ_jx2gvA,📍,place,visited,BC Places,J-HTPTrrRB2hdSQ_jx2gvA,vibe,
Edelweiss-Center,,48.2029821,16.372812,,https://www.google.com/maps?ftid=0x476d079da5bf26dd:0x66d0a36ddbcb34d,0x476d079da5bf26dd:0x66d0a36ddbcb34d,,Zach J.,Austria-ish Places,JW6_PhOiwD9hqDmWcuJh6u67rjwIwA,📍,place,visited,Austria-ish Places,JW6_PhOiwD9hqDmWcuJh6u67rjwIwA,vibe,
Edge,"30 Hudson Yards, New York, NY 10001, United States",40.753393599999995,-74.001055,Great for photos.,https://www.google.com/maps?ftid=0x89c2590de5aaaadd:0xcc6b2b13b4bd86f,0x89c2590de5aaaadd:0xcc6b2b13b4bd86f,/g/11j38vkhjk,Zach J.,"New York, New York",m7FS_hkzSJJEPgD5o0716tZ4PbE9XQ,📍,place,visited,"New York, New York",m7FS_hkzSJJEPgD5o0716tZ4PbE9XQ,vibe,
einstein Boulderhalle München,,48.1406168,11.522799599999999,Bouldering & Rock Climbing,https://www.google.com/maps?ftid=0x479e76200f8bd98b:0x2df9aa97e41351db,0x479e76200f8bd98b:0x2df9aa97e41351db,,Zach J.,Deutschland Places,_xr3THKc69o0Q1Jj4xw49b6So0Yt2Q,📍,place,visited,Deutschland Places,_xr3THKc69o0Q1Jj4xw49b6So0Yt2Q,vibe,
Einsteinhaus,"Kramgasse 49, 3011 Bern, Switzerland",46.9478034,7.4500015,,https://www.google.com/maps?ftid=0x478e39c389341cdb:0x95387d15f5115b90,0x478e39c389341cdb:0x95387d15f5115b90,/m/06zqw5w,Zach J.,Switzerland Places,OvARGjqcJqUpQGyHwNiftD3eqtby6g,📍,place,visited,Switzerland Places,OvARGjqcJqUpQGyHwNiftD3eqtby6g,vibe,
Eisbachwelle,,48.143477999999995,11.5877296,"Famous place, fast moving rapids where people surf in Munich.",https://www.google.com/maps?ftid=0x479e7563ccc4f46f:0x944bf3982431c597,0x479e7563ccc4f46f:0x944bf3982431c597,,Zach J.,Deutschland Places,_xr3THKc69o0Q1Jj4xw49b6So0Yt2Q,📍,place,visited,Deutschland Places,_xr3THKc69o0Q1Jj4xw49b6So0Yt2Q,vibe,
El Furniture Warehouse,,43.6659727,-79.4080091,"It's a chain, but for a certain crowd its pretty good.",https://www.google.com/maps?ftid=0x882b3496a9b03449:0xd0f2d9c2a2c813dd,0x882b3496a9b03449:0xd0f2d9c2a2c813dd,,Zach J.,Churono,_Goa88wVSLuG5ntawKc2cw,📍,place,visited,Churono,_Goa88wVSLuG5ntawKc2cw,vibe,
Embassy of the Democratic People's Republic of Korea,"73 Gunnersbury Ave, London W5 4LP, United Kingdom",51.5031647,-0.28910009999999997,,https://www.google.com/maps?ftid=0x48760de4bbf635ed:0x21915ac49f0f8945,0x48760de4bbf635ed:0x21915ac49f0f8945,/m/0tkg8l4,Zach J.,London (The British One),Dc1pjbzURxS4lLc15TJmfg,📍,place,visited,London (The British One),Dc1pjbzURxS4lLc15TJmfg,vibe,
Emmer,,43.6619716,-79.40704819999999,"Pretty nice bakery, over priced but good.",https://www.google.com/maps?ftid=0x882b35d3d37973d7:0x26483cea2d6e640d,0x882b35d3d37973d7:0x26483cea2d6e640d,,Zach J.,Churono,_Goa88wVSLuG5ntawKc2cw,📍,place,visited,Churono,_Goa88wVSLuG5ntawKc2cw,vibe,
Empire State Building,,40.7484405,-73.98566439999999,It's the one and only. Best skyline views are from 30 Rock though.,https://www.google.com/maps?ftid=0x89c259a9b3117469:0xd134e199a405a163,0x89c259a9b3117469:0xd134e199a405a163,,Zach J.,"New York, New York",m7FS_hkzSJJEPgD5o0716tZ4PbE9XQ,📍,place,visited,"New York, New York",m7FS_hkzSJJEPgD5o0716tZ4PbE9XQ,vibe,
Endless Staircase,,48.1327816,11.540263,Architecture.,https://www.google.com/maps?ftid=0x479dd8ac0263ecb3:0xd94cdcb1d2178e0c,0x479dd8ac0263ecb3:0xd94cdcb1d2178e0c,,Zach J.,Deutschland Places,_xr3THKc69o0Q1Jj4xw49b6So0Yt2Q,📍,place,visited,Deutschland Places,_xr3THKc69o0Q1Jj4xw49b6So0Yt2Q,vibe,
ET Highway Sign,,37.6458424,-115.7419085,,https://www.google.com/maps?ftid=0x80b7bf953ea45201:0x887fb8912f55fba6,0x80b7bf953ea45201:0x887fb8912f55fba6,,Zach J.,Las Vegas & Beyond,s8jsj3Ck0g54qiNSl6LBxHqr130VlA,📍,place,visited,Las Vegas & Beyond,s8jsj3Ck0g54qiNSl6LBxHqr130VlA,vibe,
Everard 'T Serclaes,,50.8463603,4.3523562,,https://www.google.com/maps?ftid=0x47c3c47f335f49af:0x6fe29056a92b73ce,0x47c3c47f335f49af:0x6fe29056a92b73ce,,Zach J.,Belgium Places,XyATa3gcf-ULckrVtuXlIrtbkHutzw,📍,place,visited,Belgium Places,XyATa3gcf-ULckrVtuXlIrtbkHutzw,vibe,
Evergreen Brick Works,,43.6843314,-79.3647127,Nice park with some interesting industrial elements.,https://www.google.com/maps?ftid=0x89d4cca4bfce4727:0x9024396b8b3daf91,0x89d4cca4bfce4727:0x9024396b8b3daf91,,Zach J.,Toronto Photography,EBdYtSZKT2SzsVOBUpVjfw,📍,place,visited,Toronto Photography,EBdYtSZKT2SzsVOBUpVjfw,vibe,
eXchange,"Kaprova 14/13, 110 00 Josefov, Czechia",50.088053599999995,14.418873,,https://www.google.com/maps?ftid=0x470b94e8e63e109d:0xcd5190f6e091a879,0x470b94e8e63e109d:0xcd5190f6e091a879,/g/1tmxpqqx,Zach J.,Czech Republic Places,5Sbx3FnNAI1ouog5bO7G95yNPypkiA,📍,place,visited,Czech Republic Places,5Sbx3FnNAI1ouog5bO7G95yNPypkiA,vibe,
Ezelpoort,,51.215533099999995,3.2156631,,https://www.google.com/maps?ftid=0x47c350d5b97b05bd:0xac8516c6245f6000,0x47c350d5b97b05bd:0xac8516c6245f6000,,Zach J.,Belgium Places,XyATa3gcf-ULckrVtuXlIrtbkHutzw,📍,place,visited,Belgium Places,XyATa3gcf-ULckrVtuXlIrtbkHutzw,vibe,
Fat Pasha,,43.6738115,-79.4117416,,https://www.google.com/maps?ftid=0x0:0xd0e4adf9e7c9501a,0x0:0xd0e4adf9e7c9501a,,Zach J.,Churono,_Goa88wVSLuG5ntawKc2cw,📍,place,visited,Churono,_Goa88wVSLuG5ntawKc2cw,vibe,
Feldherrnhalle,,48.1417443,11.577341299999999,,https://www.google.com/maps?ftid=0x479e758cd13679e9:0x28b0a18d08e64398,0x479e758cd13679e9:0x28b0a18d08e64398,,Zach J.,Deutschland Places,_xr3THKc69o0Q1Jj4xw49b6So0Yt2Q,📍,place,visited,Deutschland Places,_xr3THKc69o0Q1Jj4xw49b6So0Yt2Q,vibe,
Field of Mars,"Mechnykova St, Lviv, Lviv Oblast, Ukraine, 79000",49.8351423,24.0557019,Heros of Lviv. Cemetery for those killed in the war.,https://www.google.com/maps?ftid=0x473add4612f84293:0xe1fc791fc0ee2189,0x473add4612f84293:0xe1fc791fc0ee2189,/g/1s04c3y2s,Zach J.,Ukraine Places,rtZlzg3DJ3HuV0pqVKIPqr7kz2er6A,📍,place,visited,Ukraine Places,rtZlzg3DJ3HuV0pqVKIPqr7kz2er6A,vibe,
Filmtheater Kriterion,,52.3625462,4.910743,,https://www.google.com/maps?ftid=0x47c609821f1c38bb:0x11a54f52315c1487,0x47c609821f1c38bb:0x11a54f52315c1487,,Zach J.,Netherlands Places,uUJAjJl3UL4Vb2neQptAbAc1dIoemQ,📍,place,visited,Netherlands Places,uUJAjJl3UL4Vb2neQptAbAc1dIoemQ,vibe,
Finera Sp. z o.o.,"Nowolipki 4, 00-153 Warszawa, Poland",52.2385405,20.932854799999998,Esperanto Mural,https://www.google.com/maps?ftid=0x471ecc7bec0d7e49:0x13cc5d477c06a2a4,0x471ecc7bec0d7e49:0x13cc5d477c06a2a4,/g/1tdmz7_6,Zach J.,Poland Places,rJiYI8AwTOeCZ372vYFwILDmTQWZ1w,📍,place,visited,Poland Places,rJiYI8AwTOeCZ372vYFwILDmTQWZ1w,vibe,
Firuzende Galata,"Bereketzade, No:5, Büyük Hendek Cd., 34421 Beyoğlu/İstanbul, Turkey",41.0257052,28.973953599999998,Great roof top bar.,https://www.google.com/maps?ftid=0x14cab9e707f1b7d3:0x2a6356f8c3a5144d,0x14cab9e707f1b7d3:0x2a6356f8c3a5144d,/g/11ggzbmqvk,Zach J.,Istanbul,T9mlMxDchiknHm63Z7-uttmXeOMrzg,📍,place,visited,Istanbul,T9mlMxDchiknHm63Z7-uttmXeOMrzg,vibe,
Fisherman's Bastion,"Budapest, Szentháromság tér, 1014 Hungary",47.5021827,19.0347813,,https://www.google.com/maps?ftid=0x4741dc227fb4a99d:0x2f263ca844235e46,0x4741dc227fb4a99d:0x2f263ca844235e46,/m/09xz0h,Zach J.,Hungary Places,1a46QBe0HWmKrjJYm4D9EROGYD6JOw,📍,place,visited,Hungary Places,1a46QBe0HWmKrjJYm4D9EROGYD6JOw,vibe,
Flatiron Building,"175 5th Ave, New York, NY 10010, United States",40.741060499999996,-73.9896986,,https://www.google.com/maps?ftid=0x89c259a3f71c1f67:0xde2a6125ed704926,0x89c259a3f71c1f67:0xde2a6125ed704926,/m/01lnd3,Zach J.,"New York, New York",m7FS_hkzSJJEPgD5o0716tZ4PbE9XQ,📍,place,visited,"New York, New York",m7FS_hkzSJJEPgD5o0716tZ4PbE9XQ,vibe,
Flippermúzeum,"Budapest, Radnóti Miklós u. 18, 1137 Hungary",47.5146486,19.0544087,,https://www.google.com/maps?ftid=0x4741dc8e631e1345:0xceee40f64ddf098e,0x4741dc8e631e1345:0xceee40f64ddf098e,/g/11b7svs2l2,Zach J.,Hungary Places,1a46QBe0HWmKrjJYm4D9EROGYD6JOw,📍,place,visited,Hungary Places,1a46QBe0HWmKrjJYm4D9EROGYD6JOw,vibe,
Former residence of Hunter S. Thompson,"318 Parnassus Ave, San Francisco, CA 94117, United States",37.7643516,-122.45496809999999,,https://www.google.com/maps?ftid=0x808587aed867d8ff:0x499ed0216683ee2d,0x808587aed867d8ff:0x499ed0216683ee2d,/g/11h5vlwvfm,Zach J.,California Places,aTaCY8tke-6jFT8XQ0SVYBXQZ4k60Q,📍,place,visited,California Places,aTaCY8tke-6jFT8XQ0SVYBXQZ4k60Q,vibe,
Forno Cultura,"609 King St W, Toronto, ON M5V 1M5",43.6441094,-79.40070899999999,Classic Italian bakery,https://www.google.com/maps?ftid=0x882b34deb3f9d2d5:0x96fecd42ed9bff7,0x882b34deb3f9d2d5:0x96fecd42ed9bff7,/g/1hc4p9bpz,Zach J.,Churono,_Goa88wVSLuG5ntawKc2cw,📍,place,visited,Churono,_Goa88wVSLuG5ntawKc2cw,vibe,
Forêt de Fontainebleau,"77300 Fontainebleau, France",48.4193174,2.6330061,Bouldering,https://www.google.com/maps?ftid=0x47e5f388bb380cc1:0x958623403845ce01,0x47e5f388bb380cc1:0x958623403845ce01,/g/1tdfsfm6,Zach J.,France,1a9PFoaE6QmGPm2JEsIX4DjQqMe7dQ,📍,place,visited,France,1a9PFoaE6QmGPm2JEsIX4DjQqMe7dQ,vibe,
Fratelli Authentic Italian Baking,"1795 Commercial Dr, Vancouver, BC V5N 4A3",49.2688068,-123.06986149999999,,https://www.google.com/maps?ftid=0x548671470c7273f3:0xb047cffd270d454a,0x548671470c7273f3:0xb047cffd270d454a,/g/1td3r5m7,Zach J.,BC Places,J-HTPTrrRB2hdSQ_jx2gvA,📍,place,visited,BC Places,J-HTPTrrRB2hdSQ_jx2gvA,vibe,
Free Gold Watch,"1767 Waller St, San Francisco, CA 94117, United States",37.7682249,-122.4527148,,https://www.google.com/maps?ftid=0x80858751638705a1:0xc5438abd8814e010,0x80858751638705a1:0xc5438abd8814e010,/g/1tf3p3r6,Zach J.,California Places,aTaCY8tke-6jFT8XQ0SVYBXQZ4k60Q,📍,place,visited,California Places,aTaCY8tke-6jFT8XQ0SVYBXQZ4k60Q,vibe,
Freehand Los Angeles,,34.044745899999995,-118.25645159999999,,https://www.google.com/maps?ftid=0x80c2c7b58e08cd13:0xb74eac0b89b08e66,0x80c2c7b58e08cd13:0xb74eac0b89b08e66,,Zach J.,California Places,aTaCY8tke-6jFT8XQ0SVYBXQZ4k60Q,📍,place,visited,California Places,aTaCY8tke-6jFT8XQ0SVYBXQZ4k60Q,vibe,
Fremont Street Experience,,36.1707275,-115.14382289999999,,https://www.google.com/maps?ftid=0x80c8c39fe106ae7b:0x19ef4a53d2cc5034,0x80c8c39fe106ae7b:0x19ef4a53d2cc5034,,Zach J.,Las Vegas & Beyond,s8jsj3Ck0g54qiNSl6LBxHqr130VlA,📍,place,visited,Las Vegas & Beyond,s8jsj3Ck0g54qiNSl6LBxHqr130VlA,vibe,
Friedensengel,,48.1413825,11.596988099999999,Nice park with monument and view,https://www.google.com/maps?ftid=0x479e7583679ce7a7:0xe08e428df8e8157f,0x479e7583679ce7a7:0xe08e428df8e8157f,,Zach J.,Deutschland Places,_xr3THKc69o0Q1Jj4xw49b6So0Yt2Q,📍,place,visited,Deutschland Places,_xr3THKc69o0Q1Jj4xw49b6So0Yt2Q,vibe,
Fritz European Fry House,"718 Davie St, Vancouver, BC V6Z 1B6",49.277318,-123.126683,Allegedly good poutine,https://www.google.com/maps?ftid=0x548673d46c5a6707:0x349d349c0326e5f2,0x548673d46c5a6707:0x349d349c0326e5f2,/g/1tcxpc6d,Zach J.,BC Places,J-HTPTrrRB2hdSQ_jx2gvA,📍,place,visited,BC Places,J-HTPTrrRB2hdSQ_jx2gvA,vibe,
Fräkigaudi Sommer - Rodelbahn (nur bei trockener Witterung geöffnet!),"6052 Hergiswil, Switzerland",46.988409399999995,8.2487703,,https://www.google.com/maps?ftid=0x478ff00f73bbf743:0x6cc58a983a2f2045,0x478ff00f73bbf743:0x6cc58a983a2f2045,/g/12qfvxvx0,Zach J.,Switzerland Places,OvARGjqcJqUpQGyHwNiftD3eqtby6g,📍,place,visited,Switzerland Places,OvARGjqcJqUpQGyHwNiftD3eqtby6g,vibe,
Fu-fu-no-yu,,35.0115907,135.6799981,"Onsen, best onsen.",https://www.google.com/maps?ftid=0x60010754152e7689:0x51f4b2e69c2b81bf,0x60010754152e7689:0x51f4b2e69c2b81bf,,Zach J.,Japan Places,4MFKvfwkuooLXdFwzLh7bJlLOhg8-A,📍,place,visited,Japan Places,4MFKvfwkuooLXdFwzLh7bJlLOhg8-A,vibe,
Fucking,,48.0673299,12.8633177,"Its used to be called ""Fucking"", they changed the name :(",https://www.google.com/maps?ftid=0x4775d4854dbcba19:0x802456ee60b72a17,0x4775d4854dbcba19:0x802456ee60b72a17,,Zach J.,Austria-ish Places,JW6_PhOiwD9hqDmWcuJh6u67rjwIwA,📍,place,visited,Austria-ish Places,JW6_PhOiwD9hqDmWcuJh6u67rjwIwA,vibe,
Furkapass,"19, 6491 Realp, Switzerland",46.572606099999994,8.4150942,,https://www.google.com/maps?ftid=0x4785793591d898dd:0xa9ddb176a51ef422,0x4785793591d898dd:0xa9ddb176a51ef422,/g/11c3xdd0vy,Zach J.,Switzerland Places,OvARGjqcJqUpQGyHwNiftD3eqtby6g,📍,place,visited,Switzerland Places,OvARGjqcJqUpQGyHwNiftD3eqtby6g,vibe,
Fushimi Inari Taisha,,34.9676945,135.7791876,"Famous for all the tori gates, go as early in the morning as possible to get the grams.",https://www.google.com/maps?ftid=0x60010f153d2e6d21:0x7b1aca1c753ae2e9,0x60010f153d2e6d21:0x7b1aca1c753ae2e9,,Zach J.,Japan Places,4MFKvfwkuooLXdFwzLh7bJlLOhg8-A,📍,place,visited,Japan Places,4MFKvfwkuooLXdFwzLh7bJlLOhg8-A,vibe,
FUZZY NAVEL,"12 Gwangbok-ro 85beon-gil, Jung-gu, Busan",35.0993911,129.0345424,,https://www.google.com/maps?ftid=0x3568e974a9e991cf:0x71dfd676d12ae776,0x3568e974a9e991cf:0x71dfd676d12ae776,/g/11c6skbl_5,Zach J.,South Korea Places,eq-jX2C0L9Am26jRVNLfIlkd0WnWLw,📍,place,visited,South Korea Places,eq-jX2C0L9Am26jRVNLfIlkd0WnWLw,vibe,
Füge Udvar,"Budapest, Klauzál u. 19, 1072 Hungary",47.4982918,19.0665025,,https://www.google.com/maps?ftid=0x4741dc67daef244d:0xa00600680af10bad,0x4741dc67daef244d:0xa00600680af10bad,/g/1ydpvck_l,Zach J.,Hungary Places,1a46QBe0HWmKrjJYm4D9EROGYD6JOw,📍,place,visited,Hungary Places,1a46QBe0HWmKrjJYm4D9EROGYD6JOw,vibe,
Fürstenzug,"Augustusstraße 1, 01067 Dresden, Germany",51.0527909,13.7389032,,https://www.google.com/maps?ftid=0x4709cf6872de6913:0x41edf4ede9483e89,0x4709cf6872de6913:0x41edf4ede9483e89,/m/0cc90rq,Zach J.,Deutschland Places,_xr3THKc69o0Q1Jj4xw49b6So0Yt2Q,📍,place,visited,Deutschland Places,_xr3THKc69o0Q1Jj4xw49b6So0Yt2Q,vibe,
G1 Rentals,"4165 Springs Ln, Whistler, BC V8E 1G3",50.1127627,-122.95433799999999,,https://www.google.com/maps?ftid=0x5487231b09841329:0xcd0dfa32b571a47d,0x5487231b09841329:0xcd0dfa32b571a47d,/g/11h6tkl72b,Zach J.,BC Places,J-HTPTrrRB2hdSQ_jx2gvA,📍,place,visited,BC Places,J-HTPTrrRB2hdSQ_jx2gvA,vibe,
Galeries Lafayette Haussmann,"40 Bd Haussmann, 75009 Paris, France",48.873622399999995,2.3321099,,https://www.google.com/maps?ftid=0x47e66e3703a1108b:0xe6773845cdab1593,0x47e66e3703a1108b:0xe6773845cdab1593,/m/04pyg6,Zach J.,France,1a9PFoaE6QmGPm2JEsIX4DjQqMe7dQ,📍,place,visited,France,1a9PFoaE6QmGPm2JEsIX4DjQqMe7dQ,vibe,
Galtür - Silvretta,"Galtür 300, 6563 Galtür, Austria",46.9661945,10.162236,,https://www.google.com/maps?ftid=0x4783528fb036d54b:0x300c95f3c4198bc9,0x4783528fb036d54b:0x300c95f3c4198bc9,/g/1ywtx75j5,Zach J.,Deutschland Places,_xr3THKc69o0Q1Jj4xw49b6So0Yt2Q,📍,place,visited,Deutschland Places,_xr3THKc69o0Q1Jj4xw49b6So0Yt2Q,vibe,
Galways Westend,"Galways Westend, Dominick St Lower, Galway, Ireland",53.2701031,-9.0580834,,https://www.google.com/maps?ftid=0x485b9707f5d64e37:0xe464fc8bd96d9f8,0x485b9707f5d64e37:0xe464fc8bd96d9f8,/g/11fm2jftb3,Zach J.,Ireland,PZ1939FGYznLJLfbw23DtttFpkZvgg,📍,place,visited,Ireland,PZ1939FGYznLJLfbw23DtttFpkZvgg,vibe,
Gamcheon Culture Village,"203 Gamnae 2-ro, Saha-gu, Busan",35.097393499999995,129.0105921,,https://www.google.com/maps?ftid=0x3568e9b7a3113a51:0x977e01d7224cf6a3,0x3568e9b7a3113a51:0x977e01d7224cf6a3,/g/11bw5svjmk,Zach J.,South Korea Places,eq-jX2C0L9Am26jRVNLfIlkd0WnWLw,📍,place,visited,South Korea Places,eq-jX2C0L9Am26jRVNLfIlkd0WnWLw,vibe,
General Sherman Tree,"Three Rivers, CA 93262, United States",36.5817069,-118.751442,,https://www.google.com/maps?ftid=0x80955e96fdfabd13:0xb22679c5c07e9188,0x80955e96fdfabd13:0xb22679c5c07e9188,/m/01qtwv,Zach J.,California Places,aTaCY8tke-6jFT8XQ0SVYBXQZ4k60Q,📍,place,visited,California Places,aTaCY8tke-6jFT8XQ0SVYBXQZ4k60Q,vibe,
Generator London,"37 Tavistock Pl, London WC1H 9SE, United Kingdom",51.5261962,-0.12482009999999999,,https://www.google.com/maps?ftid=0x48761b3a0d298733:0xef62fa9e40c3c2c7,0x48761b3a0d298733:0xef62fa9e40c3c2c7,/g/11h0h7mf2,Zach J.,London (The British One),Dc1pjbzURxS4lLc15TJmfg,📍,place,visited,London (The British One),Dc1pjbzURxS4lLc15TJmfg,vibe,
Generator Washington DC,"1900 Connecticut Ave NW, Washington, DC 20009, United States",38.9159866,-77.0466824,,https://www.google.com/maps?ftid=0x89b7b72e03e46927:0x9a102a6f9aad8fc9,0x89b7b72e03e46927:0x9a102a6f9aad8fc9,/g/11j1fhhr6r,Zach J.,Washington DC Places,LcNB3Ku1niTAsy0qH-HKT1v9d_odjw,📍,place,visited,Washington DC Places,LcNB3Ku1niTAsy0qH-HKT1v9d_odjw,vibe,
Genrokuzushi Dotombori,,34.668823599999996,135.5025514,,https://www.google.com/maps?ftid=0x6000e7148c24fa2d:0xd3d824b0896b6ea1,0x6000e7148c24fa2d:0xd3d824b0896b6ea1,,Zach J.,Japan Places,4MFKvfwkuooLXdFwzLh7bJlLOhg8-A,📍,place,visited,Japan Places,4MFKvfwkuooLXdFwzLh7bJlLOhg8-A,vibe,
Get Some Guns & Ammo,"6651 S State St, Murray, UT 84047, United States",40.629216299999996,-111.8893394,,https://www.google.com/maps?ftid=0x875289ba5b83f011:0xf40849d43fd2b15d,0x875289ba5b83f011:0xf40849d43fd2b15d,/g/1vr1x33z,Zach J.,Utah Places,yxf29Fw1SnujpoH_zKcqAA,📍,place,visited,Utah Places,yxf29Fw1SnujpoH_zKcqAA,vibe,
Get Well,,43.649259799999996,-79.4219426,,https://www.google.com/maps?ftid=0x882b344eaf6b0445:0xfd3fc113c47fed5,0x882b344eaf6b0445:0xfd3fc113c47fed5,,Zach J.,Churono,_Goa88wVSLuG5ntawKc2cw,📍,place,visited,Churono,_Goa88wVSLuG5ntawKc2cw,vibe,
Ghetto Building,"Próżna 14, 00-107 Warszawa, Poland",52.236339,21.0043081,,https://www.google.com/maps?ftid=0x471ecc8a2bb56ca5:0x3519726d650b561a,0x471ecc8a2bb56ca5:0x3519726d650b561a,/g/11f38kf_cg,Zach J.,Poland Places,rJiYI8AwTOeCZ372vYFwILDmTQWZ1w,📍,place,visited,Poland Places,rJiYI8AwTOeCZ372vYFwILDmTQWZ1w,vibe,
Ghostbusters Headquarters,"14 N Moore St, New York, NY 10013, United States",40.7196796,-74.0066143,,https://www.google.com/maps?ftid=0x89c2591d18c1c881:0x7caaa5b093d5503e,0x89c2591d18c1c881:0x7caaa5b093d5503e,/g/11hd780303,Zach J.,"New York, New York",m7FS_hkzSJJEPgD5o0716tZ4PbE9XQ,📍,place,visited,"New York, New York",m7FS_hkzSJJEPgD5o0716tZ4PbE9XQ,vibe,
Giga-Center Köln,"Hohenzollernring 7-11, 50672 Köln, Germany",50.9368236,6.9387738,,https://www.google.com/maps?ftid=0x47bf2501354b54e7:0xa558199369be3d08,0x47bf2501354b54e7:0xa558199369be3d08,/g/1tgnl68d,Zach J.,Deutschland Places,_xr3THKc69o0Q1Jj4xw49b6So0Yt2Q,📍,place,visited,Deutschland Places,_xr3THKc69o0Q1Jj4xw49b6So0Yt2Q,vibe,
Gino & Carlo,"548 Green St, San Francisco, CA 94133, United States",37.7997416,-122.4081514,Pool bar,https://www.google.com/maps?ftid=0x808580f15eaeb645:0x3e6c5fdca8280ae5,0x808580f15eaeb645:0x3e6c5fdca8280ae5,/g/1hf217xbv,Zach J.,California Places,aTaCY8tke-6jFT8XQ0SVYBXQZ4k60Q,📍,place,visited,California Places,aTaCY8tke-6jFT8XQ0SVYBXQZ4k60Q,vibe,
Giros Prodromos,"Umm Haram 56, Larnaca 6026, Cyprus",34.9043008,33.6359598,,https://www.google.com/maps?ftid=0x14e083a09f535e45:0x3192ccfdd3636157,0x14e083a09f535e45:0x3192ccfdd3636157,/g/11my4f0f35,Zach J.,Cyprus Places,op1yFHMtopjnsWL6BEbTl-cVqS5sDg,📍,place,visited,Cyprus Places,op1yFHMtopjnsWL6BEbTl-cVqS5sDg,vibe,
Gooderham Building,"49 Wellington St E, Toronto, ON M5E 1C9, Canada",43.6483816,-79.374301,Neat building.,https://www.google.com/maps?ftid=0x89d4cb2e018655a3:0x4ebb69c2786fb5cd,0x89d4cb2e018655a3:0x4ebb69c2786fb5cd,,Zach J.,Toronto Photography,EBdYtSZKT2SzsVOBUpVjfw,📍,place,visited,Toronto Photography,EBdYtSZKT2SzsVOBUpVjfw,vibe,
Gorodetsky House,"Bankova St, 10, Kyiv, Ukraine, 02000",50.445077,30.5285887,,https://www.google.com/maps?ftid=0x40d4ce549257acfb:0x8d2070a5d66c0e0b,0x40d4ce549257acfb:0x8d2070a5d66c0e0b,/m/0bcbfz,Zach J.,Ukraine Places,rtZlzg3DJ3HuV0pqVKIPqr7kz2er6A,📍,place,visited,Ukraine Places,rtZlzg3DJ3HuV0pqVKIPqr7kz2er6A,vibe,
Gotham City Billiards Club,"93 Avenue U, Brooklyn, NY 11223, United States",40.5962582,-73.9808927,,https://www.google.com/maps?ftid=0x89c244556341c46d:0xc09b3121d6bb8087,0x89c244556341c46d:0xc09b3121d6bb8087,/g/1tfbd1n3,Zach J.,"New York, New York",m7FS_hkzSJJEPgD5o0716tZ4PbE9XQ,📍,place,visited,"New York, New York",m7FS_hkzSJJEPgD5o0716tZ4PbE9XQ,vibe,
Graduate by Hilton Eugene,"66 E 6th Ave, Eugene, OR 97401, United States",44.052749999999996,-123.0920251,Nicely themed hotel.,https://www.google.com/maps?ftid=0x54c11fac2b80f339:0xd9a795227927d863,0x54c11fac2b80f339:0xd9a795227927d863,/g/1tx8syk7,Zach J.,O-re-going Places,uPOFXqj2oXs8EjysOzM2PTCFTrpdog,📍,place,visited,O-re-going Places,uPOFXqj2oXs8EjysOzM2PTCFTrpdog,vibe,
Graffiti Alley,"Graffiti Alley, Toronto, ON M5V 2W1, Canada",43.6476013,-79.39867509999999,Street photography and or portraits.,https://www.google.com/maps?ftid=0x882b34dc4fb1e429:0xfaadb5a6d105fdb3,0x882b34dc4fb1e429:0xfaadb5a6d105fdb3,,Zach J.,Toronto Photography,EBdYtSZKT2SzsVOBUpVjfw,📍,place,visited,Toronto Photography,EBdYtSZKT2SzsVOBUpVjfw,vibe,
Graham's Port Lodge,,41.1380513,-8.625111,,https://www.google.com/maps?ftid=0xd24653c479afd3b:0x4e9a216483811167,0xd24653c479afd3b:0x4e9a216483811167,,Zach J.,Portugal Places,PJetNvIfkAY8zDHfGEEQlDLG4G2qyg,📍,place,visited,Portugal Places,PJetNvIfkAY8zDHfGEEQlDLG4G2qyg,vibe,
Grandview Lanes,"2195 Commercial Dr, Vancouver, BC V5N 4B3",49.265210599999996,-123.06991199999999,,https://www.google.com/maps?ftid=0x54867148a188cd8b:0xd2f7cb3f8cdcb238,0x54867148a188cd8b:0xd2f7cb3f8cdcb238,/g/1thmf2dh,Zach J.,BC Places,J-HTPTrrRB2hdSQ_jx2gvA,📍,place,visited,BC Places,J-HTPTrrRB2hdSQ_jx2gvA,vibe,
Grateful Dead House,"710 Ashbury St, San Francisco, CA 94117, United States",37.7686937,-122.44651619999999,,https://www.google.com/maps?ftid=0x808581b527ff2179:0xe741cf0787494e70,0x808581b527ff2179:0xe741cf0787494e70,/g/11t489s_2v,Zach J.,California Places,aTaCY8tke-6jFT8XQ0SVYBXQZ4k60Q,📍,place,visited,California Places,aTaCY8tke-6jFT8XQ0SVYBXQZ4k60Q,vibe,
Greenwich Foot Tunnel North,,51.4865822,-0.0093071,,https://www.google.com/maps?ftid=0x4876029a51027af3:0xe7ba2083328991df,0x4876029a51027af3:0xe7ba2083328991df,,Zach J.,London (The British One),Dc1pjbzURxS4lLc15TJmfg,📍,place,visited,London (The British One),Dc1pjbzURxS4lLc15TJmfg,vibe,
Griffith Observatory,"2800 E Observatory Rd, Los Angeles, CA 90027, United States",34.1184341,-118.3003935,,https://www.google.com/maps?ftid=0x80c2bf61e9d408cb:0x73ff07b1c2d6dadc,0x80c2bf61e9d408cb:0x73ff07b1c2d6dadc,/m/02_4ml,Zach J.,California Places,aTaCY8tke-6jFT8XQ0SVYBXQZ4k60Q,📍,place,visited,California Places,aTaCY8tke-6jFT8XQ0SVYBXQZ4k60Q,vibe,
Grimaldi's Pizzeria,,40.7026459,-73.993247,"Famous pizza place. Napoli style, no slices.",https://www.google.com/maps?ftid=0x89c25a30c9da3783:0x8d7f4ba817ec34f6,0x89c25a30c9da3783:0x8d7f4ba817ec34f6,,Zach J.,"New York, New York",m7FS_hkzSJJEPgD5o0716tZ4PbE9XQ,📍,place,visited,"New York, New York",m7FS_hkzSJJEPgD5o0716tZ4PbE9XQ,vibe,
Grimselpass Overlook,"Oberwald 3999, 3999 Obergoms VS, Switzerland",46.5616207,8.3474877,,https://www.google.com/maps?ftid=0x47857e5574868959:0x5a5df674996b06b,0x47857e5574868959:0x5a5df674996b06b,/g/11gf1w_zhw,Zach J.,Switzerland Places,OvARGjqcJqUpQGyHwNiftD3eqtby6g,📍,place,visited,Switzerland Places,OvARGjqcJqUpQGyHwNiftD3eqtby6g,vibe,
Großglockner Hochalpenstraße,,47.085498099999995,12.841171899999999,Great road to drive on. You need a car.,https://www.google.com/maps?ftid=0x47771428a14c4515:0x4e8ac687f588861d,0x47771428a14c4515:0x4e8ac687f588861d,,Zach J.,Austria-ish Places,JW6_PhOiwD9hqDmWcuJh6u67rjwIwA,📍,place,visited,Austria-ish Places,JW6_PhOiwD9hqDmWcuJh6u67rjwIwA,vibe,
Gryfe's,,43.727191,-79.43140439999999,,https://www.google.com/maps?ftid=0x882b3251291cd42b:0xd2915720e7ea70,0x882b3251291cd42b:0xd2915720e7ea70,,Zach J.,Churono,_Goa88wVSLuG5ntawKc2cw,📍,place,visited,Churono,_Goa88wVSLuG5ntawKc2cw,vibe,
Guilt & Co,"1 Alexander Street, Underground, Vancouver, BC V6A 1B2",49.2835695,-123.10413009999999,Okay place for a single drink.,https://www.google.com/maps?ftid=0x5486717736165239:0x84208007d09d8948,0x5486717736165239:0x84208007d09d8948,/g/1wk4crqs,Zach J.,BC Places,J-HTPTrrRB2hdSQ_jx2gvA,📍,place,visited,BC Places,J-HTPTrrRB2hdSQ_jx2gvA,vibe,
Gus’s World Famous Fried Chicken,"117 San Jacinto Blvd, Austin, TX 78701, United States",30.2634886,-97.74173049999999,,https://www.google.com/maps?ftid=0x8644b507f6169dcf:0xbb2119712a363bff,0x8644b507f6169dcf:0xbb2119712a363bff,/g/12hmlz7hl,Zach J.,Texas,1S_gekS-v4RZuZLaRNwLRkv_EUSNYw,📍,place,visited,Texas,1S_gekS-v4RZuZLaRNwLRkv_EUSNYw,vibe,
Hagia Sophia,"Sultan Ahmet, Ayasofya Meydanı No:1, 34122 Fatih/İstanbul, Turkey",41.008583,28.980175,,https://www.google.com/maps?ftid=0x14cab9be92011c27:0x236e6f6f37444fae,0x14cab9be92011c27:0x236e6f6f37444fae,/m/0br5q,Zach J.,Istanbul,T9mlMxDchiknHm63Z7-uttmXeOMrzg,📍,place,visited,Istanbul,T9mlMxDchiknHm63Z7-uttmXeOMrzg,vibe,
Haight-Ashbury,"Haight-Ashbury, San Francisco, CA 94117, USA",37.7702175,-122.44536149999999,Old Hippie Area,https://www.google.com/maps?ftid=0x808580ac9f32f45f:0x324dc0abe78d0a48,0x808580ac9f32f45f:0x324dc0abe78d0a48,/m/023x88,Zach J.,California Places,aTaCY8tke-6jFT8XQ0SVYBXQZ4k60Q,📍,place,visited,California Places,aTaCY8tke-6jFT8XQ0SVYBXQZ4k60Q,vibe,
Hakata Ippudo,"Japan, 〒730-0036 Hiroshima, Naka Ward, Fukuromachi, 2−2 広島袋町ビルディング 1F 榎﨑",34.3922275,132.45977829999998,,https://www.google.com/maps?ftid=0x355aa20e57b1b331:0x70ae808138f8f734,0x355aa20e57b1b331:0x70ae808138f8f734,/g/1wh4cq5q,Zach J.,Japan Places,4MFKvfwkuooLXdFwzLh7bJlLOhg8-A,📍,place,visited,Japan Places,4MFKvfwkuooLXdFwzLh7bJlLOhg8-A,vibe,
Hakone Kowakien Yunessun,,35.239422399999995,139.0453369,,https://www.google.com/maps?ftid=0x6019a2072de8f88d:0xa15763c99a291a68,0x6019a2072de8f88d:0xa15763c99a291a68,,Zach J.,Japan Places,4MFKvfwkuooLXdFwzLh7bJlLOhg8-A,📍,place,visited,Japan Places,4MFKvfwkuooLXdFwzLh7bJlLOhg8-A,vibe,
Hala Mirowska,"plac Mirowski 1, 00-138 Warszawa, Poland",52.2388775,20.9973431,,https://www.google.com/maps?ftid=0x471ecc880aa68bf1:0xf72e4e1438213a61,0x471ecc880aa68bf1:0xf72e4e1438213a61,/m/02r116p,Zach J.,Poland Places,rJiYI8AwTOeCZ372vYFwILDmTQWZ1w,📍,place,visited,Poland Places,rJiYI8AwTOeCZ372vYFwILDmTQWZ1w,vibe,
Hallstatt,,47.5622342,13.649261699999998,Avoid. It's a trap.,https://www.google.com/maps?ftid=0x4771366f6e414663:0x16c165596a26c1ad,0x4771366f6e414663:0x16c165596a26c1ad,,Zach J.,Austria-ish Places,JW6_PhOiwD9hqDmWcuJh6u67rjwIwA,📍,place,visited,Austria-ish Places,JW6_PhOiwD9hqDmWcuJh6u67rjwIwA,vibe,
Harriet's Rooftop,,43.6431183,-79.40128709999999,"Kinda bougie, nice view.",https://www.google.com/maps?ftid=0x882b35f93a0fb1e9:0x2d4dd56dc16f381e,0x882b35f93a0fb1e9:0x2d4dd56dc16f381e,,Zach J.,Churono,_Goa88wVSLuG5ntawKc2cw,📍,place,visited,Churono,_Goa88wVSLuG5ntawKc2cw,vibe,
Head of the Rocks Overlook,"Escalante, UT 84726, United States",37.7466118,-111.4538388,,https://www.google.com/maps?ftid=0x8735ecbf8500ba13:0x330c17f4493f1b4e,0x8735ecbf8500ba13:0x330c17f4493f1b4e,/g/11c538xgrf,Zach J.,Utah Places,yxf29Fw1SnujpoH_zKcqAA,📍,place,visited,Utah Places,yxf29Fw1SnujpoH_zKcqAA,vibe,
heidi-foto GmbH,,48.1384556,11.5096481,Photography,https://www.google.com/maps?ftid=0x479dd92e0afc3ddb:0x9e85a9e3635a51ed,0x479dd92e0afc3ddb:0x9e85a9e3635a51ed,,Zach J.,Deutschland Places,_xr3THKc69o0Q1Jj4xw49b6So0Yt2Q,📍,place,visited,Deutschland Places,_xr3THKc69o0Q1Jj4xw49b6So0Yt2Q,vibe,
HEP FIVE,,34.7040897,135.50046319999998,Giant ferris wheel.,https://www.google.com/maps?ftid=0x6000e693a1a0f691:0x6577d55e1884c621,0x6000e693a1a0f691:0x6577d55e1884c621,,Zach J.,Japan Places,4MFKvfwkuooLXdFwzLh7bJlLOhg8-A,📍,place,visited,Japan Places,4MFKvfwkuooLXdFwzLh7bJlLOhg8-A,vibe,
Hero Moo Plara,"Ratchadamnoen Post Office, ซอยข้าง Ratchadamnoen Klang Rd, Wat Bowon Niwet, Phra Nakhon, Bangkok 10200",13.758364499999999,100.49900009999999,"Get a paper, order, sit.",https://www.google.com/maps?ftid=0x30e299956caf72df:0x25ad8872d1c7b9bf,0x30e299956caf72df:0x25ad8872d1c7b9bf,/g/11grbx620x,Zach J.,Thailand Places,8ZLYjtP28NdeHaxAFNWuqLewhbemIw,📍,place,visited,Thailand Places,8ZLYjtP28NdeHaxAFNWuqLewhbemIw,vibe,
Het Belfort van Gent,,51.053754299999994,3.7247553,,https://www.google.com/maps?ftid=0x47c371466099ac37:0x9d691697e4fc905b,0x47c371466099ac37:0x9d691697e4fc905b,,Zach J.,Belgium Places,XyATa3gcf-ULckrVtuXlIrtbkHutzw,📍,place,visited,Belgium Places,XyATa3gcf-ULckrVtuXlIrtbkHutzw,vibe,
Het Zinneke,,50.8487904,4.3456899,,https://www.google.com/maps?ftid=0x47c3c3880548ea1f:0x4b33b3c3e67ce1fb,0x47c3c3880548ea1f:0x4b33b3c3e67ce1fb,,Zach J.,Belgium Places,XyATa3gcf-ULckrVtuXlIrtbkHutzw,📍,place,visited,Belgium Places,XyATa3gcf-ULckrVtuXlIrtbkHutzw,vibe,
Hiroshima Hondori Shopping St,"Hiroshima Hondori Shopping St, Naka Ward, Hiroshima, Japan",34.3932351,132.4584538,,https://www.google.com/maps?ftid=0x355aa2514eb740e5:0x933bfc2435dd1335,0x355aa2514eb740e5:0x933bfc2435dd1335,/g/11nh44757l,Zach J.,Japan Places,4MFKvfwkuooLXdFwzLh7bJlLOhg8-A,📍,place,visited,Japan Places,4MFKvfwkuooLXdFwzLh7bJlLOhg8-A,vibe,
Hirschgarten,,48.1485972,11.512588299999999,"Nice park, great beer garden.",https://www.google.com/maps?ftid=0x479e762ee7edc445:0x3bc593b4b2ebcbea,0x479e762ee7edc445:0x3bc593b4b2ebcbea,,Zach J.,Deutschland Places,_xr3THKc69o0Q1Jj4xw49b6So0Yt2Q,📍,place,visited,Deutschland Places,_xr3THKc69o0Q1Jj4xw49b6So0Yt2Q,vibe,
Historic Tram Line,"plac Teatralny 8, 55-200 Wrocław, Poland",51.105685,17.0317674,,https://www.google.com/maps?ftid=0x470fc273e5931819:0xb6f686b0159686b,0x470fc273e5931819:0xb6f686b0159686b,/g/1thf78vk,Zach J.,Poland Places,rJiYI8AwTOeCZ372vYFwILDmTQWZ1w,📍,place,visited,Poland Places,rJiYI8AwTOeCZ372vYFwILDmTQWZ1w,vibe,
Hofbräuhaus München,,48.137637299999994,11.579749399999999,,https://www.google.com/maps?ftid=0x479e758bcf52fcc5:0xa9c170edcdbd1a2f,0x479e758bcf52fcc5:0xa9c170edcdbd1a2f,,Zach J.,Deutschland Places,_xr3THKc69o0Q1Jj4xw49b6So0Yt2Q,📍,place,visited,Deutschland Places,_xr3THKc69o0Q1Jj4xw49b6So0Yt2Q,vibe,
Hofgarten,"40213 Düsseldorf, Germany",51.228902299999994,6.7795364,,https://www.google.com/maps?ftid=0x47b8ca2177472727:0xbdf7597a413f7179,0x47b8ca2177472727:0xbdf7597a413f7179,/g/120yr4fb,Zach J.,Deutschland Places,_xr3THKc69o0Q1Jj4xw49b6So0Yt2Q,📍,place,visited,Deutschland Places,_xr3THKc69o0Q1Jj4xw49b6So0Yt2Q,vibe,
Hole in the Rock Wayside,"Escalante, UT 84726, United States",37.7279866,-111.53255759999999,,https://www.google.com/maps?ftid=0x8735933c14fabebb:0x81d02a7f1bef3b19,0x8735933c14fabebb:0x81d02a7f1bef3b19,/g/11f77ysx73,Zach J.,Utah Places,yxf29Fw1SnujpoH_zKcqAA,📍,place,visited,Utah Places,yxf29Fw1SnujpoH_zKcqAA,vibe,
Hoover Dam,,36.016065499999996,-114.73773249999999,,https://www.google.com/maps?ftid=0x80c92b497f82a14b:0x89d59d0bd29de37,0x80c92b497f82a14b:0x89d59d0bd29de37,,Zach J.,Las Vegas & Beyond,s8jsj3Ck0g54qiNSl6LBxHqr130VlA,📍,place,visited,Las Vegas & Beyond,s8jsj3Ck0g54qiNSl6LBxHqr130VlA,vibe,
Hooz on First,"218 N 1st Ave, Barstow, CA 92311, United States",34.8999422,-117.0274321,,https://www.google.com/maps?ftid=0x80c47b7e63186553:0x37185b20c1669470,0x80c47b7e63186553:0x37185b20c1669470,/g/1tf9njm0,Zach J.,California Places,aTaCY8tke-6jFT8XQ0SVYBXQZ4k60Q,📍,place,visited,California Places,aTaCY8tke-6jFT8XQ0SVYBXQZ4k60Q,vibe,
Horse & Groom,"7 Groom Pl, London SW1X 7BA, United Kingdom",51.499317,-0.1510677,Pub Crawl #0 - Start,https://www.google.com/maps?ftid=0x487605249faf5de7:0xcb33467e83c886ee,0x487605249faf5de7:0xcb33467e83c886ee,/g/1vfn63tf,Zach J.,London (The British One),Dc1pjbzURxS4lLc15TJmfg,📍,place,visited,London (The British One),Dc1pjbzURxS4lLc15TJmfg,vibe,
House of Achilles,"Unnamed Road, Episkopi, United Kingdom",34.6684848,32.882449199999996,,https://www.google.com/maps?ftid=0x14e725ed359ad7a9:0xb46c3ca92fb57b1d,0x14e725ed359ad7a9:0xb46c3ca92fb57b1d,/g/11n5l5cg2r,Zach J.,Cyprus Places,op1yFHMtopjnsWL6BEbTl-cVqS5sDg,📍,place,visited,Cyprus Places,op1yFHMtopjnsWL6BEbTl-cVqS5sDg,vibe,
House of Dionysus,"QC54+7C8, Paphos 8040, Cyprus",34.758162999999996,32.406077499999995,,https://www.google.com/maps?ftid=0x14e706d9a4984917:0x78d60774524c669d,0x14e706d9a4984917:0x78d60774524c669d,/g/11f5tgjxw8,Zach J.,Cyprus Places,op1yFHMtopjnsWL6BEbTl-cVqS5sDg,📍,place,visited,Cyprus Places,op1yFHMtopjnsWL6BEbTl-cVqS5sDg,vibe,
"House of Music, Hungary","Budapest, Olof Palme stny. 3, 1146 Hungary",47.5131806,19.0835936,,https://www.google.com/maps?ftid=0x4741dd46956ca34b:0x1b0365a6f8f3620,0x4741dd46956ca34b:0x1b0365a6f8f3620,/g/11lg3vg76w,Zach J.,Hungary Places,1a46QBe0HWmKrjJYm4D9EROGYD6JOw,📍,place,visited,Hungary Places,1a46QBe0HWmKrjJYm4D9EROGYD6JOw,vibe,
House of Scientists,"Shlyakhet·sʹke Kazyno, Lystopadovoho Chynu St, 6, Lviv, Lviv Oblast, Ukraine, 79000",49.841045799999996,24.021471299999998,,https://www.google.com/maps?ftid=0x473add716898f5e1:0x9f35ab750998d3df,0x473add716898f5e1:0x9f35ab750998d3df,/g/120ktf9m,Zach J.,Ukraine Places,rtZlzg3DJ3HuV0pqVKIPqr7kz2er6A,📍,place,visited,Ukraine Places,rtZlzg3DJ3HuV0pqVKIPqr7kz2er6A,vibe,
House of Terror,"Budapest, Andrássy út 60, 1062 Hungary",47.5068935,19.0651261,,https://www.google.com/maps?ftid=0x4741dc6e1d41b419:0xade1459037fed6dd,0x4741dc6e1d41b419:0xade1459037fed6dd,/m/07trkb,Zach J.,Hungary Places,1a46QBe0HWmKrjJYm4D9EROGYD6JOw,📍,place,visited,Hungary Places,1a46QBe0HWmKrjJYm4D9EROGYD6JOw,vibe,
Hunnybee Bruncheonette,"789 Gore Ave, Vancouver, BC V6A 2Z9",49.277733999999995,-123.09714799999999,,https://www.google.com/maps?ftid=0x548671f8628af0bd:0x6ef1f7534be78f5d,0x548671f8628af0bd:0x6ef1f7534be78f5d,/g/11grc979qn,Zach J.,BC Places,J-HTPTrrRB2hdSQ_jx2gvA,📍,place,visited,BC Places,J-HTPTrrRB2hdSQ_jx2gvA,vibe,
I'm Happy Again,"Bożego Ciała, 31-059 Kraków, Poland",50.0511558,19.943825,,https://www.google.com/maps?ftid=0x47165b04842cc24f:0x3f32851b97fc6502,0x47165b04842cc24f:0x3f32851b97fc6502,/g/11g05l9qxt,Zach J.,Poland Places,rJiYI8AwTOeCZ372vYFwILDmTQWZ1w,📍,place,visited,Poland Places,rJiYI8AwTOeCZ372vYFwILDmTQWZ1w,vibe,
IFS Cloud Greenwich Peninsula,"Edmund Halley Way, London SE10 0FR, United Kingdom",51.499714,0.008367,,https://www.google.com/maps?ftid=0x47d8a81bd6adc803:0x17b99289c0ac6674,0x47d8a81bd6adc803:0x17b99289c0ac6674,/g/11g_p_brf,Zach J.,London (The British One),Dc1pjbzURxS4lLc15TJmfg,📍,place,visited,London (The British One),Dc1pjbzURxS4lLc15TJmfg,vibe,
Ikkakuya,,35.6707191,139.70721749999998,"Possibly the best ramen I've had on every trip to Japan. Well worth stopping by, also, cheap.",https://www.google.com/maps?ftid=0x60188ca3447e6d9b:0x92744dadde63a09,0x60188ca3447e6d9b:0x92744dadde63a09,,Zach J.,Japan Places,4MFKvfwkuooLXdFwzLh7bJlLOhg8-A,📍,place,visited,Japan Places,4MFKvfwkuooLXdFwzLh7bJlLOhg8-A,vibe,
Independente Principe Real,"R. de São Pedro de Alcântara 83, 1250-238 Lisboa, Portugal",38.714990799999995,-9.1447266,,https://www.google.com/maps?ftid=0xd19338030d7fc75:0x1dfac23389c7604,0xd19338030d7fc75:0x1dfac23389c7604,/g/1tm2byt9,Zach J.,Portugal Places,PJetNvIfkAY8zDHfGEEQlDLG4G2qyg,📍,place,visited,Portugal Places,PJetNvIfkAY8zDHfGEEQlDLG4G2qyg,vibe,
Initiation Well,,38.7946221,-9.396889999999999,,https://www.google.com/maps?ftid=0xd1edac24e041dbd:0xa457e34103a703bb,0xd1edac24e041dbd:0xa457e34103a703bb,,Zach J.,Portugal Places,PJetNvIfkAY8zDHfGEEQlDLG4G2qyg,📍,place,visited,Portugal Places,PJetNvIfkAY8zDHfGEEQlDLG4G2qyg,vibe,
Instant-Fogas Complex,"Budapest, Akácfa u. 51, 1073 Hungary",47.5005187,19.0652834,,https://www.google.com/maps?ftid=0x4741dc1d88e316dd:0x39cfef25a8861e31,0x4741dc1d88e316dd:0x39cfef25a8861e31,/g/1hc0r0vv1,Zach J.,Hungary Places,1a46QBe0HWmKrjJYm4D9EROGYD6JOw,📍,place,visited,Hungary Places,1a46QBe0HWmKrjJYm4D9EROGYD6JOw,vibe,
International Herbs Co,"29 St Andrew St, Toronto, ON M5T 2K2",43.6540061,-79.40017759999999,,https://www.google.com/maps?ftid=0x89d4ce354e75bd31:0x47384d3bc2ef5185,0x89d4ce354e75bd31:0x47384d3bc2ef5185,/g/1td3ml2g,Zach J.,Churono,_Goa88wVSLuG5ntawKc2cw,📍,place,visited,Churono,_Goa88wVSLuG5ntawKc2cw,vibe,
Iris Thai Massage,"150, Talat Yot, Phra Nakhon, Bangkok 10200",13.7594661,100.4987522,Massage without permiscuity,https://www.google.com/maps?ftid=0x30e299feb3c2c371:0xd5c9a390b21addc3,0x30e299feb3c2c371:0xd5c9a390b21addc3,/g/11tslt5_4p,Zach J.,Thailand Places,8ZLYjtP28NdeHaxAFNWuqLewhbemIw,📍,place,visited,Thailand Places,8ZLYjtP28NdeHaxAFNWuqLewhbemIw,vibe,
Irish Times,"500 Sacramento St, San Francisco, CA 94111, United States",37.794061299999996,-122.40169399999999,,https://www.google.com/maps?ftid=0x80858061d61bf969:0x4cb7f1313791f5b2,0x80858061d61bf969:0x4cb7f1313791f5b2,/g/1tf60j0x,Zach J.,California Places,aTaCY8tke-6jFT8XQ0SVYBXQZ4k60Q,📍,place,visited,California Places,aTaCY8tke-6jFT8XQ0SVYBXQZ4k60Q,vibe,
Jamadin St.,"344 Boriphat Rd, Ban Bat, Pom Prap Sattru Phai, Bangkok 10100",13.753349,100.5067445,,https://www.google.com/maps?ftid=0x30e29911637a0785:0x9e69f8cc72fd2bbb,0x30e29911637a0785:0x9e69f8cc72fd2bbb,/g/11khc079f3,Zach J.,Thailand Places,8ZLYjtP28NdeHaxAFNWuqLewhbemIw,📍,place,visited,Thailand Places,8ZLYjtP28NdeHaxAFNWuqLewhbemIw,vibe,
Jameson Distillery Bow St.,"Bow St, Smithfield, Dublin 7, D07 N9VH, Ireland",53.348185099999995,-6.2770288999999995,,https://www.google.com/maps?ftid=0x48670c2ec3a240b3:0x4648dc6ec655a14,0x48670c2ec3a240b3:0x4648dc6ec655a14,/m/052ly2v,Zach J.,Ireland,PZ1939FGYznLJLfbw23DtttFpkZvgg,📍,place,visited,Ireland,PZ1939FGYznLJLfbw23DtttFpkZvgg,vibe,
Jane's Carousel,"New Dock St, Brooklyn, NY 11201, United States",40.70445,-73.99238849999999,,https://www.google.com/maps?ftid=0x89c25a311f95d953:0x63ccbc2bfd4ed370,0x89c25a311f95d953:0x63ccbc2bfd4ed370,/m/05zz565,Zach J.,"New York, New York",m7FS_hkzSJJEPgD5o0716tZ4PbE9XQ,📍,place,visited,"New York, New York",m7FS_hkzSJJEPgD5o0716tZ4PbE9XQ,vibe,
Janis Joplin's House,"635 Ashbury St, San Francisco, CA 94117, United States",37.7694579,-122.4471202,,https://www.google.com/maps?ftid=0x8085877f1b280f8f:0xb66959210185fa8e,0x8085877f1b280f8f:0xb66959210185fa8e,/g/11fqz5cnm8,Zach J.,California Places,aTaCY8tke-6jFT8XQ0SVYBXQZ4k60Q,📍,place,visited,California Places,aTaCY8tke-6jFT8XQ0SVYBXQZ4k60Q,vibe,
Jasper,"Jasper, AB T0E 1E0",52.873289899999996,-118.0822838,,https://www.google.com/maps?ftid=0x53832b0868553e29:0x1f2002bd0b192882,0x53832b0868553e29:0x1f2002bd0b192882,/m/025z4s,Zach J.,Alberta Places,3C2H3oIS4n013AChLgQc_odlaarv0A,📍,place,visited,Alberta Places,3C2H3oIS4n013AChLgQc_odlaarv0A,vibe,
Javá Rooftop,"Praça Dom Luís I 30, 1200-152 Lisboa, Portugal",38.7076621,-9.1468819,Nice roof to get drunk on.,https://www.google.com/maps?ftid=0xd1935ec2756417f:0xe4d9c3821957d4bd,0xd1935ec2756417f:0xe4d9c3821957d4bd,/g/11ppmpscr7,Zach J.,Portugal Places,PJetNvIfkAY8zDHfGEEQlDLG4G2qyg,📍,place,visited,Portugal Places,PJetNvIfkAY8zDHfGEEQlDLG4G2qyg,vibe,
Jazzy Dance Studios,"Av. Brasília 254, 1200-109 Lisboa, Portugal",38.7059577,-9.1524839,,https://www.google.com/maps?ftid=0xd193484152be601:0x711ce0397a4b0a8,0xd193484152be601:0x711ce0397a4b0a8,/g/11_rzshxq,Zach J.,Portugal Places,PJetNvIfkAY8zDHfGEEQlDLG4G2qyg,📍,place,visited,Portugal Places,PJetNvIfkAY8zDHfGEEQlDLG4G2qyg,vibe,
Jenner 1874 Meter,,47.5753193,13.019946099999999,,https://www.google.com/maps?ftid=0x4776e9fa4b595e8d:0x9baa5af3f3d97abd,0x4776e9fa4b595e8d:0x9baa5af3f3d97abd,,Zach J.,Austria-ish Places,JW6_PhOiwD9hqDmWcuJh6u67rjwIwA,📍,place,visited,Austria-ish Places,JW6_PhOiwD9hqDmWcuJh6u67rjwIwA,vibe,
Jeremy's Ale House,"228 Front St, New York, NY 10038, United States",40.707772,-74.00215,Dive bar with bras,https://www.google.com/maps?ftid=0x89c25a3cb878f7f1:0xb875c988ada7b770,0x89c25a3cb878f7f1:0xb875c988ada7b770,/g/1trvmbvr,Zach J.,"New York, New York",m7FS_hkzSJJEPgD5o0716tZ4PbE9XQ,📍,place,visited,"New York, New York",m7FS_hkzSJJEPgD5o0716tZ4PbE9XQ,vibe,
Jo Geier GmbH Mint & Rare,,48.1308296,16.281119,,https://www.google.com/maps?ftid=0x476d07f3ca9fc07f:0x9ae8f15a5eee62e3,0x476d07f3ca9fc07f:0x9ae8f15a5eee62e3,,Zach J.,Austria-ish Places,JW6_PhOiwD9hqDmWcuJh6u67rjwIwA,📍,place,visited,Austria-ish Places,JW6_PhOiwD9hqDmWcuJh6u67rjwIwA,vibe,
JO&JOE Wien,"Europaplatz 1 6, 1150 Wien, Austria",48.1959786,16.3378265,,https://www.google.com/maps?ftid=0x476d07c0496e3d1b:0x14285a13471b6306,0x476d07c0496e3d1b:0x14285a13471b6306,/g/11rbdqxmk8,Zach J.,Austria-ish Places,JW6_PhOiwD9hqDmWcuJh6u67rjwIwA,📍,place,visited,Austria-ish Places,JW6_PhOiwD9hqDmWcuJh6u67rjwIwA,vibe,
JODD FAIRS Rama 9,"Rama IX Rd, Huai Khwang, Bangkok 10310",13.76792,100.5711979,,https://www.google.com/maps?ftid=0x30e29fb274407d93:0x2aba451897c0b5f,0x30e29fb274407d93:0x2aba451897c0b5f,/g/11s0cx585k,Zach J.,Thailand Places,8ZLYjtP28NdeHaxAFNWuqLewhbemIw,📍,place,visited,Thailand Places,8ZLYjtP28NdeHaxAFNWuqLewhbemIw,vibe,
Johnnie Walker Princes Street,"145 Princes St, Edinburgh EH2 4BL, United Kingdom",55.9503025,-3.2076008999999996,,https://www.google.com/maps?ftid=0x4887c706a23a1f2d:0x45ac7d72db32f60e,0x4887c706a23a1f2d:0x45ac7d72db32f60e,/g/11j7k27g5f,Zach J.,Land of Scots,nrpv0PI_5p-7UBIdU0S_VRRVZzdshQ,📍,place,visited,Land of Scots,nrpv0PI_5p-7UBIdU0S_VRRVZzdshQ,vibe,
Joint Security Area (JSA),"Gyeonggi-do, Kaesŏng, Jinseo-myeon, 어룡리",37.9556362,126.6765157,,https://www.google.com/maps?ftid=0x357cf7463b04ad1b:0x18ea59fcc4ed1434,0x357cf7463b04ad1b:0x18ea59fcc4ed1434,/m/06869k,Zach J.,South Korea Places,eq-jX2C0L9Am26jRVNLfIlkd0WnWLw,📍,place,visited,South Korea Places,eq-jX2C0L9Am26jRVNLfIlkd0WnWLw,vibe,
JOINTED CUE BILLIARDS,"2375 Fruitridge Rd, Sacramento, CA 95822, United States",38.5251138,-121.484034,,https://www.google.com/maps?ftid=0x809ad0311402d1ef:0x225482c71acb6287,0x809ad0311402d1ef:0x225482c71acb6287,/g/11bv3rfx6r,Zach J.,California Places,aTaCY8tke-6jFT8XQ0SVYBXQZ4k60Q,📍,place,visited,California Places,aTaCY8tke-6jFT8XQ0SVYBXQZ4k60Q,vibe,
Juice Press,"250 Mott St, New York, NY 10012, United States",40.7234009,-73.9945935,,https://www.google.com/maps?ftid=0x89c25985f5334981:0x545997598676eefc,0x89c25985f5334981:0x545997598676eefc,/g/1232nc_x4,Zach J.,"New York, New York",m7FS_hkzSJJEPgD5o0716tZ4PbE9XQ,📍,place,visited,"New York, New York",m7FS_hkzSJJEPgD5o0716tZ4PbE9XQ,vibe,
Juicy Dumpling in Midtown,"2150 Yonge St, Toronto, ON M4S 2A8",43.703723499999995,-79.397905,,https://www.google.com/maps?ftid=0x882b33f5e1c20baf:0xf06c20debcebfc26,0x882b33f5e1c20baf:0xf06c20debcebfc26,/g/11km4rcgfv,Zach J.,Churono,_Goa88wVSLuG5ntawKc2cw,📍,place,visited,Churono,_Goa88wVSLuG5ntawKc2cw,vibe,
Juke Fried Chicken,"182 Keefer St, Vancouver, BC V6A 1X4",49.2793089,-123.10024469999999,,https://www.google.com/maps?ftid=0x54867170092c9c0f:0x3acaa5552ce0fe50,0x54867170092c9c0f:0x3acaa5552ce0fe50,/g/11c0rhv3_m,Zach J.,BC Places,J-HTPTrrRB2hdSQ_jx2gvA,📍,place,visited,BC Places,J-HTPTrrRB2hdSQ_jx2gvA,vibe,
Jungfrau Richtstrahlstation (Standseilbahn Bergstation auf 3690 m),"Fieschertal, 3984 Fieschertal, Switzerland",46.5450199,7.9709441,,https://www.google.com/maps?ftid=0x478f75811c465c7d:0x6201e6f2f6c26180,0x478f75811c465c7d:0x6201e6f2f6c26180,/g/11gfj4rfbg,Zach J.,Switzerland Places,OvARGjqcJqUpQGyHwNiftD3eqtby6g,📍,place,visited,Switzerland Places,OvARGjqcJqUpQGyHwNiftD3eqtby6g,vibe,
Jungfraujoch,"3801 Fieschertal, Switzerland",46.547467999999995,7.982085,,https://www.google.com/maps?ftid=0x478f9e27834b2321:0x9c68588e7b722c91,0x478f9e27834b2321:0x9c68588e7b722c91,/m/04mzlm6,Zach J.,Switzerland Places,OvARGjqcJqUpQGyHwNiftD3eqtby6g,📍,place,visited,Switzerland Places,OvARGjqcJqUpQGyHwNiftD3eqtby6g,vibe,
Kabannas London St Pancras,"79-81 Euston Rd., London NW1 2QE, United Kingdom",51.5288456,-0.12645699999999999,Okay hostel for a quick night.,https://www.google.com/maps?ftid=0x48761b26738d4397:0x1511d2115652f84b,0x48761b26738d4397:0x1511d2115652f84b,/g/1w8w9hmf,Zach J.,London (The British One),Dc1pjbzURxS4lLc15TJmfg,📍,place,visited,London (The British One),Dc1pjbzURxS4lLc15TJmfg,vibe,
Kamares Aqueduct,"WJ72+C3Q, Larnaca 6040, Cyprus",34.913591,33.6002201,,https://www.google.com/maps?ftid=0x14e09d3f9f5b8d23:0x10490bd874ee23dc,0x14e09d3f9f5b8d23:0x10490bd874ee23dc,/m/0g9zbq5,Zach J.,Cyprus Places,op1yFHMtopjnsWL6BEbTl-cVqS5sDg,📍,place,visited,Cyprus Places,op1yFHMtopjnsWL6BEbTl-cVqS5sDg,vibe,
Karl Marx's Tomb,"Highgate Cemetery, Swain's Ln, London N6 6PJ, United Kingdom",51.566216399999995,-0.1437573,,https://www.google.com/maps?ftid=0x48761a5267415463:0x749da35a7741d66b,0x48761a5267415463:0x749da35a7741d66b,/g/11gfd7jxtr,Zach J.,London (The British One),Dc1pjbzURxS4lLc15TJmfg,📍,place,visited,London (The British One),Dc1pjbzURxS4lLc15TJmfg,vibe,
Karlsplatz,,48.139246199999995,11.5660209,"Nice place, City center entry point.",https://www.google.com/maps?ftid=0x479e75f6e1b4effd:0x53135f10bc66421d,0x479e75f6e1b4effd:0x53135f10bc66421d,,Zach J.,Deutschland Places,_xr3THKc69o0Q1Jj4xw49b6So0Yt2Q,📍,place,visited,Deutschland Places,_xr3THKc69o0Q1Jj4xw49b6So0Yt2Q,vibe,
Kasuga-taisha,,34.6815454,135.8484719,,https://www.google.com/maps?ftid=0x600139c06bb06ad5:0x4c97e78382e39596,0x600139c06bb06ad5:0x4c97e78382e39596,,Zach J.,Japan Places,4MFKvfwkuooLXdFwzLh7bJlLOhg8-A,📍,place,visited,Japan Places,4MFKvfwkuooLXdFwzLh7bJlLOhg8-A,vibe,
Katz's Delicatessen,"205 E Houston St, New York, NY 10002, United States",40.722266,-73.9873832,,https://www.google.com/maps?ftid=0x89c2598f7ff4aa09:0x313547e757cb8cea,0x89c2598f7ff4aa09:0x313547e757cb8cea,/m/03tx_h,Zach J.,"New York, New York",m7FS_hkzSJJEPgD5o0716tZ4PbE9XQ,📍,place,visited,"New York, New York",m7FS_hkzSJJEPgD5o0716tZ4PbE9XQ,vibe,
Kawatoyo Narita,"386 Nakamachi, Narita, Chiba 286-0027, Japan",35.7834108,140.3167071,Some really good grilled eel.,https://www.google.com/maps?ftid=0x60228b0fda80dd17:0xd3997cf5877a06a6,0x60228b0fda80dd17:0xd3997cf5877a06a6,/g/1thtpqdz,Zach J.,Japan Places,4MFKvfwkuooLXdFwzLh7bJlLOhg8-A,📍,place,visited,Japan Places,4MFKvfwkuooLXdFwzLh7bJlLOhg8-A,vibe,
Keage Incline,,35.0105678,135.7888729,,https://www.google.com/maps?ftid=0x60010927468cc60b:0x36ffd94519c2ec12,0x60010927468cc60b:0x36ffd94519c2ec12,,Zach J.,Japan Places,4MFKvfwkuooLXdFwzLh7bJlLOhg8-A,📍,place,visited,Japan Places,4MFKvfwkuooLXdFwzLh7bJlLOhg8-A,vibe,
Kiev Funicular,"Ihorivska St, 1/8, Kyiv, Ukraine, 02000",50.457717599999995,30.523509299999997,,https://www.google.com/maps?ftid=0x40d4ce4105c8ab8b:0x9321ce28c11b4c8f,0x40d4ce4105c8ab8b:0x9321ce28c11b4c8f,/m/0bpnsg,Zach J.,Ukraine Places,rtZlzg3DJ3HuV0pqVKIPqr7kz2er6A,📍,place,visited,Ukraine Places,rtZlzg3DJ3HuV0pqVKIPqr7kz2er6A,vibe,
Kikuseidai,,34.734241499999996,135.2063283,,https://www.google.com/maps?ftid=0x6000893ee72bd12b:0x6a7be29b9de2efeb,0x6000893ee72bd12b:0x6a7be29b9de2efeb,,Zach J.,Japan Places,4MFKvfwkuooLXdFwzLh7bJlLOhg8-A,📍,place,visited,Japan Places,4MFKvfwkuooLXdFwzLh7bJlLOhg8-A,vibe,
Kilmainham Gaol,"Inchicore Rd, Kilmainham, Dublin 8, D08 RK28, Ireland",53.341870099999994,-6.309804799999999,"Old prison, great for a history lesson.",https://www.google.com/maps?ftid=0x48670c5a0a247c6d:0x18d468520fc17c3b,0x48670c5a0a247c6d:0x18d468520fc17c3b,/m/01bth8,Zach J.,Ireland,PZ1939FGYznLJLfbw23DtttFpkZvgg,📍,place,visited,Ireland,PZ1939FGYznLJLfbw23DtttFpkZvgg,vibe,
Kim Anh Vietnamese Submarines,"626 17 Ave SW, Calgary, AB T2S 0B4",51.0379533,-114.0759935,,https://www.google.com/maps?ftid=0x5371701efab2a087:0x29a76f2f91b937ff,0x5371701efab2a087:0x29a76f2f91b937ff,/g/1thf879g,Zach J.,Alberta Places,3C2H3oIS4n013AChLgQc_odlaarv0A,📍,place,visited,Alberta Places,3C2H3oIS4n013AChLgQc_odlaarv0A,vibe,
Kissako Tea,"1581 Webster St Ste 195, San Francisco, CA 94115, United States",37.7851506,-122.43207899999999,"Made to order onigiri, the Unagi is amazing.",https://www.google.com/maps?ftid=0x808580b8e176c767:0xc6b1975626e73b87,0x808580b8e176c767:0xc6b1975626e73b87,/m/04fhc7s,Zach J.,California Places,aTaCY8tke-6jFT8XQ0SVYBXQZ4k60Q,📍,place,visited,California Places,aTaCY8tke-6jFT8XQ0SVYBXQZ4k60Q,vibe,
Kitsilano Pool,"2305 Cornwall Ave, Vancouver, BC V6K 1B6",49.2735906,-123.1581813,,https://www.google.com/maps?ftid=0x5486724b2055e739:0x8f0908fcf91db6b1,0x5486724b2055e739:0x8f0908fcf91db6b1,/g/1tfsh2lq,Zach J.,BC Places,J-HTPTrrRB2hdSQ_jx2gvA,📍,place,visited,BC Places,J-HTPTrrRB2hdSQ_jx2gvA,vibe,
Kitty Cat Heaven,"WJ4C+R92, Larnaca 6031, Cyprus",34.9070177,33.6208989,,https://www.google.com/maps?ftid=0x14e083985fb43279:0x56c21e194d8599bd,0x14e083985fb43279:0x56c21e194d8599bd,/g/11lcd2g6ld,Zach J.,Cyprus Places,op1yFHMtopjnsWL6BEbTl-cVqS5sDg,📍,place,visited,Cyprus Places,op1yFHMtopjnsWL6BEbTl-cVqS5sDg,vibe,
Korhely Faloda & Daloda,"Budapest, Liszt Ferenc tér 7, 1061 Hungary",47.5030125,19.064107,,https://www.google.com/maps?ftid=0x4741dc6ec382f837:0xbd564ed0a4705033,0x4741dc6ec382f837:0xbd564ed0a4705033,/g/11b6gnpqs0,Zach J.,Hungary Places,1a46QBe0HWmKrjJYm4D9EROGYD6JOw,📍,place,visited,Hungary Places,1a46QBe0HWmKrjJYm4D9EROGYD6JOw,vibe,
Kormoci Staircase,"Budapest, Körmöci u. 2, 1012 Hungary",47.504582199999994,19.025797999999998,,https://www.google.com/maps?ftid=0x4741dd76c413d517:0x22a8e441afcc0f08,0x4741dd76c413d517:0x22a8e441afcc0f08,/g/11tjm3cv53,Zach J.,Hungary Places,1a46QBe0HWmKrjJYm4D9EROGYD6JOw,📍,place,visited,Hungary Places,1a46QBe0HWmKrjJYm4D9EROGYD6JOw,vibe,
Kronentor,"Ostra-Allee 9, 01067 Dresden, Germany",51.0526792,13.7330255,,https://www.google.com/maps?ftid=0x4709cf65fe83f6b5:0x24f12a1236055d4d,0x4709cf65fe83f6b5:0x24f12a1236055d4d,/g/122dlh1b,Zach J.,Deutschland Places,_xr3THKc69o0Q1Jj4xw49b6So0Yt2Q,📍,place,visited,Deutschland Places,_xr3THKc69o0Q1Jj4xw49b6So0Yt2Q,vibe,
Kryivka,"пл. Ринок, 14 (підвал), Lviv, Lviv Oblast, Ukraine, 79000",49.841293099999994,24.0322703,Secret Bar - do you know how to get in? No Russians allowed.,https://www.google.com/maps?ftid=0x473add6c4c37f893:0x28c7c64d4a2cedf9,0x473add6c4c37f893:0x28c7c64d4a2cedf9,/g/120phw60,Zach J.,Ukraine Places,rtZlzg3DJ3HuV0pqVKIPqr7kz2er6A,📍,place,visited,Ukraine Places,rtZlzg3DJ3HuV0pqVKIPqr7kz2er6A,vibe,
Krzyż Zrób to sam (Do It Yourself),"Świętego Mikołaja 1, 50-155 Wrocław, Poland",51.1111869,17.0306074,DIY Jesus,https://www.google.com/maps?ftid=0x470fc34d78bd3551:0x387e4fc38dc510fa,0x470fc34d78bd3551:0x387e4fc38dc510fa,/g/11hzxq8ply,Zach J.,Poland Places,rJiYI8AwTOeCZ372vYFwILDmTQWZ1w,📍,place,visited,Poland Places,rJiYI8AwTOeCZ372vYFwILDmTQWZ1w,vibe,
Kunsthofpassage Dresden,"Görlitzer Str. 21-25, 01099 Dresden, Germany",51.0680136,13.7539973,,https://www.google.com/maps?ftid=0x4709cf3c6db537fb:0xb4fd33a0d6cc571,0x4709cf3c6db537fb:0xb4fd33a0d6cc571,/g/121bj_rs,Zach J.,Deutschland Places,_xr3THKc69o0Q1Jj4xw49b6So0Yt2Q,📍,place,visited,Deutschland Places,_xr3THKc69o0Q1Jj4xw49b6So0Yt2Q,vibe,
Königssee,,47.590984399999996,12.989592,,https://www.google.com/maps?ftid=0x4776ec0fafbbcaf5:0xa1d25a67cbbd420,0x4776ec0fafbbcaf5:0xa1d25a67cbbd420,,Zach J.,Austria-ish Places,JW6_PhOiwD9hqDmWcuJh6u67rjwIwA,📍,place,visited,Austria-ish Places,JW6_PhOiwD9hqDmWcuJh6u67rjwIwA,vibe,
Kōfuku-ji,,34.6832311,135.8311589,,https://www.google.com/maps?ftid=0x60013988b23decb3:0x11830f4737834593,0x60013988b23decb3:0x11830f4737834593,,Zach J.,Japan Places,4MFKvfwkuooLXdFwzLh7bJlLOhg8-A,📍,place,visited,Japan Places,4MFKvfwkuooLXdFwzLh7bJlLOhg8-A,vibe,
L'Abbaye-aux-Hommes,"Esp. Jean-Marie Louvel, 14000 Caen, France",49.1818001,-0.3729837,,https://www.google.com/maps?ftid=0x480a42ea60dd4323:0xc735b53bac1d03f7,0x480a42ea60dd4323:0xc735b53bac1d03f7,/m/09vpz5,Zach J.,France,1a9PFoaE6QmGPm2JEsIX4DjQqMe7dQ,📍,place,visited,France,1a9PFoaE6QmGPm2JEsIX4DjQqMe7dQ,vibe,
L'Ovella Negra Ramblas,"Carrer de les Sitges, 5, 08001 Barcelona, Spain",41.384450199999996,2.1695677,,https://www.google.com/maps?ftid=0x12a4a2f69e4788df:0x8b252253f67ee52a,0x12a4a2f69e4788df:0x8b252253f67ee52a,/g/1tndgg8b,Zach J.,Spain,9OTD759Vy7eRxRIn4AOrt-0eFJ0TtA,📍,place,visited,Spain,9OTD759Vy7eRxRIn4AOrt-0eFJ0TtA,vibe,
La Petite Place,"2 Pl. de Thorigny, 75003 Paris, France",48.8590132,2.3622916,Small cafe.,https://www.google.com/maps?ftid=0x47e66e01700ed461:0x6a3113885e96e959,0x47e66e01700ed461:0x6a3113885e96e959,/g/11b7y84w6c,Zach J.,France,1a9PFoaE6QmGPm2JEsIX4DjQqMe7dQ,📍,place,visited,France,1a9PFoaE6QmGPm2JEsIX4DjQqMe7dQ,vibe,
La Sagrada Familia,"C/ de Mallorca, 401, 08013 Barcelona, Spain",41.4036299,2.1743558,,https://www.google.com/maps?ftid=0x12a4a2dcd83dfb93:0x9bd8aac21bc3c950,0x12a4a2dcd83dfb93:0x9bd8aac21bc3c950,/m/0g6n3,Zach J.,Spain,9OTD759Vy7eRxRIn4AOrt-0eFJ0TtA,📍,place,visited,Spain,9OTD759Vy7eRxRIn4AOrt-0eFJ0TtA,vibe,
Lambo's Deli,,43.6508027,-79.41289189999999,"Really good subs, wait times can be crazy on weekends.",https://www.google.com/maps?ftid=0x882b35ea9110611f:0xa115d4e40c87ea4d,0x882b35ea9110611f:0xa115d4e40c87ea4d,,Zach J.,Churono,_Goa88wVSLuG5ntawKc2cw,📍,place,visited,Churono,_Goa88wVSLuG5ntawKc2cw,vibe,
Last Stop Saloon,"916 2nd St, Sacramento, CA 95814, United States",38.5836475,-121.5040051,,https://www.google.com/maps?ftid=0x809ad72066abe941:0xc46a9730cc6bca94,0x809ad72066abe941:0xc46a9730cc6bca94,/g/11kq3222h4,Zach J.,California Places,aTaCY8tke-6jFT8XQ0SVYBXQZ4k60Q,📍,place,visited,California Places,aTaCY8tke-6jFT8XQ0SVYBXQZ4k60Q,vibe,
Laundry Station No 1,"Alexander the Great 35-39, Nicosia 1010, Cyprus",35.1729328,33.3606303,,https://www.google.com/maps?ftid=0x14de177ce4373413:0xd86f2855f9716055,0x14de177ce4373413:0xd86f2855f9716055,/g/11h0kl4j8r,Zach J.,Cyprus Places,op1yFHMtopjnsWL6BEbTl-cVqS5sDg,📍,place,visited,Cyprus Places,op1yFHMtopjnsWL6BEbTl-cVqS5sDg,vibe,
Laurelthirst Public House,"2958 NE Glisan St, Portland, OR 97232, United States",45.5263377,-122.6346657,Live music bar.,https://www.google.com/maps?ftid=0x5495a0c73c78bd2d:0xa68e9adf5d2cf6e4,0x5495a0c73c78bd2d:0xa68e9adf5d2cf6e4,/m/0k5hctz,Zach J.,O-re-going Places,uPOFXqj2oXs8EjysOzM2PTCFTrpdog,📍,place,visited,O-re-going Places,uPOFXqj2oXs8EjysOzM2PTCFTrpdog,vibe,
Lauterbrunnen,"Lauterbrunnen, Switzerland",46.593505799999996,7.9090981,,https://www.google.com/maps?ftid=0x478fa0073b1165c7:0x5392dbb55902c31,0x478fa0073b1165c7:0x5392dbb55902c31,/m/01qjl3,Zach J.,Switzerland Places,OvARGjqcJqUpQGyHwNiftD3eqtby6g,📍,place,visited,Switzerland Places,OvARGjqcJqUpQGyHwNiftD3eqtby6g,vibe,
Lava Java,"852 Stanyan St, San Francisco, CA 94117, United States",37.7666433,-122.4529062,Nice little shop with some good sandwiches,https://www.google.com/maps?ftid=0x808587515302895d:0x98d64999e69ca7b1,0x808587515302895d:0x98d64999e69ca7b1,/m/04fhq09,Zach J.,California Places,aTaCY8tke-6jFT8XQ0SVYBXQZ4k60Q,📍,place,visited,California Places,aTaCY8tke-6jFT8XQ0SVYBXQZ4k60Q,vibe,
Lazaris BakeryBar,"Ayiou Lazarou 37-39, Street 6020, Cyprus",34.9119386,33.6344461,,https://www.google.com/maps?ftid=0x14e082a3579843a3:0x2a59e869c5b11f82,0x14e082a3579843a3:0x2a59e869c5b11f82,/g/11fz9gfvbr,Zach J.,Cyprus Places,op1yFHMtopjnsWL6BEbTl-cVqS5sDg,📍,place,visited,Cyprus Places,op1yFHMtopjnsWL6BEbTl-cVqS5sDg,vibe,
Le Botanique,,50.854628399999996,4.366302699999999,,https://www.google.com/maps?ftid=0x47c3c379054ee997:0x5530254a0deaeffd,0x47c3c379054ee997:0x5530254a0deaeffd,,Zach J.,Belgium Places,XyATa3gcf-ULckrVtuXlIrtbkHutzw,📍,place,visited,Belgium Places,XyATa3gcf-ULckrVtuXlIrtbkHutzw,vibe,
Le Caveau de la Huchette,"5 Rue de la Huchette, 75005 Paris, France",48.8527634,2.3462818,Great Jazz bar.,https://www.google.com/maps?ftid=0x47e671e0e40ae889:0x58cf41bd7258ddf6,0x47e671e0e40ae889:0x58cf41bd7258ddf6,/m/0h4s_f,Zach J.,France,1a9PFoaE6QmGPm2JEsIX4DjQqMe7dQ,📍,place,visited,France,1a9PFoaE6QmGPm2JEsIX4DjQqMe7dQ,vibe,
Le Diplomate,"1601 14th St NW, Washington, DC 20009, United States",38.911364999999996,-77.0316635,,https://www.google.com/maps?ftid=0x89b7b7e98b248281:0xd4a7e9dfb8af8964,0x89b7b7e98b248281:0xd4a7e9dfb8af8964,/g/12cp6xhmb,Zach J.,Washington DC Places,LcNB3Ku1niTAsy0qH-HKT1v9d_odjw,📍,place,visited,Washington DC Places,LcNB3Ku1niTAsy0qH-HKT1v9d_odjw,vibe,
Le Gros-Horloge,"Rue du Gros Horloge, 76000 Rouen, France",49.4415347,1.0912631,,https://www.google.com/maps?ftid=0x47e0ddd80798c361:0x710fb5d5243c3747,0x47e0ddd80798c361:0x710fb5d5243c3747,/m/0vzrmq9,Zach J.,France,1a9PFoaE6QmGPm2JEsIX4DjQqMe7dQ,📍,place,visited,France,1a9PFoaE6QmGPm2JEsIX4DjQqMe7dQ,vibe,
Le Marais,"Le Marais, Paris, France",48.861232699999995,2.3581892,Nice area.,https://www.google.com/maps?ftid=0x47e66e03cdce4ae9:0x38cfa580446f9e46,0x47e66e03cdce4ae9:0x38cfa580446f9e46,/m/01syj4,Zach J.,France,1a9PFoaE6QmGPm2JEsIX4DjQqMe7dQ,📍,place,visited,France,1a9PFoaE6QmGPm2JEsIX4DjQqMe7dQ,vibe,
Lederer,"Unter Fettenhennen 2, 50667 Köln, Germany",50.940691,6.9561589999999995,,https://www.google.com/maps?ftid=0x47bf25aff30b985b:0xca650d14c7e15cc3,0x47bf25aff30b985b:0xca650d14c7e15cc3,/g/1tjffztw,Zach J.,Deutschland Places,_xr3THKc69o0Q1Jj4xw49b6So0Yt2Q,📍,place,visited,Deutschland Places,_xr3THKc69o0Q1Jj4xw49b6So0Yt2Q,vibe,
Lee's Donuts Gastown,"199 Water St, Vancouver, BC V6B 1A7",49.2844012,-123.108599,,https://www.google.com/maps?ftid=0x548671f40f010c8b:0xba4adef3154df9ef,0x548671f40f010c8b:0xba4adef3154df9ef,/g/11kqxy2_zg,Zach J.,BC Places,J-HTPTrrRB2hdSQ_jx2gvA,📍,place,visited,BC Places,J-HTPTrrRB2hdSQ_jx2gvA,vibe,
Lennon Wall,"Velkopřevorské nám., 118 00 Malá Strana, Czechia",50.0862506,14.406791799999999,,https://www.google.com/maps?ftid=0x470b94e388b5f8dd:0x47fac776113df4ff,0x470b94e388b5f8dd:0x47fac776113df4ff,/m/04lqp,Zach J.,Czech Republic Places,5Sbx3FnNAI1ouog5bO7G95yNPypkiA,📍,place,visited,Czech Republic Places,5Sbx3FnNAI1ouog5bO7G95yNPypkiA,vibe,
Leo Burdock Christchurch,"2 Werburgh St, Christchurch Pl, Dublin, D08 HC82, Ireland",53.3430113,-6.2700894,,https://www.google.com/maps?ftid=0x48670c27bc9e3c71:0xca5afacef6b38b3a,0x48670c27bc9e3c71:0xca5afacef6b38b3a,/g/1tft_zb4,Zach J.,Ireland,PZ1939FGYznLJLfbw23DtttFpkZvgg,📍,place,visited,Ireland,PZ1939FGYznLJLfbw23DtttFpkZvgg,vibe,
Leo's Clothing Supply,,49.278813299999996,-123.12428399999999,,https://www.google.com/maps?ftid=0x548673289cfd4e65:0x3fcaf53316bd8a9c,0x548673289cfd4e65:0x3fcaf53316bd8a9c,,Zach J.,BC Places,J-HTPTrrRB2hdSQ_jx2gvA,📍,place,visited,BC Places,J-HTPTrrRB2hdSQ_jx2gvA,vibe,
Leslieville,"Toronto, ON, Canada",43.6626738,-79.3327995,Street photography.,https://www.google.com/maps?ftid=0x89d4cb82a8598111:0x14c6bd97125f2116,0x89d4cb82a8598111:0x14c6bd97125f2116,,Zach J.,Toronto Photography,EBdYtSZKT2SzsVOBUpVjfw,📍,place,visited,Toronto Photography,EBdYtSZKT2SzsVOBUpVjfw,vibe,
Letenské sady,"Letenské sady, 170 00 Praha 7-Letná, Czechia",50.096529399999994,14.419671,,https://www.google.com/maps?ftid=0x470b94db4c8ef9a5:0x92d4c3c1696dd9d9,0x470b94db4c8ef9a5:0x92d4c3c1696dd9d9,/g/1v9gt517,Zach J.,Czech Republic Places,5Sbx3FnNAI1ouog5bO7G95yNPypkiA,📍,place,visited,Czech Republic Places,5Sbx3FnNAI1ouog5bO7G95yNPypkiA,vibe,
Level Vancouver Yaletown - Seymour,"1022 Seymour St, Vancouver, BC V6B 0G1",49.278166,-123.12241089999999,,https://www.google.com/maps?ftid=0x548673d5c05b791f:0xcda8586b581ef76f,0x548673d5c05b791f:0xcda8586b581ef76f,/g/1tlc_wgg,Zach J.,BC Places,J-HTPTrrRB2hdSQ_jx2gvA,📍,place,visited,BC Places,J-HTPTrrRB2hdSQ_jx2gvA,vibe,
Li Ly's Hair Salon,"153 Waverly Pl, San Francisco, CA 94108, United States",37.7948409,-122.4070575,Uber cheap haircut. Mostly Mandarin speakers.,https://www.google.com/maps?ftid=0x8085808b55120319:0xb5487bce79f71919,0x8085808b55120319:0xb5487bce79f71919,/g/1tds6y0q,Zach J.,California Places,aTaCY8tke-6jFT8XQ0SVYBXQZ4k60Q,📍,place,visited,California Places,aTaCY8tke-6jFT8XQ0SVYBXQZ4k60Q,vibe,
Lighthouse of Cabo de São Vicente,,37.023046799999996,-8.996456499999999,,https://www.google.com/maps?ftid=0xd1b4cf24d77e7f5:0x4d4aded4baa48717,0xd1b4cf24d77e7f5:0x4d4aded4baa48717,,Zach J.,Portugal Places,PJetNvIfkAY8zDHfGEEQlDLG4G2qyg,📍,place,visited,Portugal Places,PJetNvIfkAY8zDHfGEEQlDLG4G2qyg,vibe,
Liquid Courage,,43.6473654,-79.3932983,,https://www.google.com/maps?ftid=0x882b35f60d8800ef:0x91003c358030f1d6,0x882b35f60d8800ef:0x91003c358030f1d6,,Zach J.,Churono,_Goa88wVSLuG5ntawKc2cw,📍,place,visited,Churono,_Goa88wVSLuG5ntawKc2cw,vibe,
Little Sister Dutch Indonesian,,43.6452844,-79.4006886,,https://www.google.com/maps?ftid=0x882b358b619eb431:0xa6674f243b834a39,0x882b358b619eb431:0xa6674f243b834a39,,Zach J.,Churono,_Goa88wVSLuG5ntawKc2cw,📍,place,visited,Churono,_Goa88wVSLuG5ntawKc2cw,vibe,
Liya All,"Maden mah. Şehsuvar Menemenlioğlu Sok No, D:2, 34970 Adalar/İstanbul, Turkey",40.850263299999995,29.141185399999998,Dmitri and Milese's wedding location,https://www.google.com/maps?ftid=0x14cac36ff6d8fded:0xee2fc4a1d52b5f9f,0x14cac36ff6d8fded:0xee2fc4a1d52b5f9f,/g/11sfrx2sq_,Zach J.,Istanbul,T9mlMxDchiknHm63Z7-uttmXeOMrzg,📍,place,visited,Istanbul,T9mlMxDchiknHm63Z7-uttmXeOMrzg,vibe,
Loch Muick,"Loch Muick, Ballater AB35 5SU, UK",56.9331153,-3.1676102999999998,,https://www.google.com/maps?ftid=0x4885d92cdc22202b:0xc2ff10e845078cec,0x4885d92cdc22202b:0xc2ff10e845078cec,/m/03grdsy,Zach J.,Land of Scots,nrpv0PI_5p-7UBIdU0S_VRRVZzdshQ,📍,place,visited,Land of Scots,nrpv0PI_5p-7UBIdU0S_VRRVZzdshQ,vibe,
Locked Barrel,"921 11th St, Sacramento, CA 95814, United States",38.580163299999995,-121.4918433,,https://www.google.com/maps?ftid=0x809ad1607cded713:0xc7340c9400862edb,0x809ad1607cded713:0xc7340c9400862edb,/g/11hzry3948,Zach J.,California Places,aTaCY8tke-6jFT8XQ0SVYBXQZ4k60Q,📍,place,visited,California Places,aTaCY8tke-6jFT8XQ0SVYBXQZ4k60Q,vibe,
Lomography+,,35.6967456,139.7603862,Camera shop.,https://www.google.com/maps?ftid=0x60188c1faea5714f:0xefa3d767b9346bac,0x60188c1faea5714f:0xefa3d767b9346bac,,Zach J.,Japan Places,4MFKvfwkuooLXdFwzLh7bJlLOhg8-A,📍,place,visited,Japan Places,4MFKvfwkuooLXdFwzLh7bJlLOhg8-A,vibe,
Lone Wolf,"1089 Broadway, Brooklyn, NY 11221, United States",40.6945382,-73.9304463,,https://www.google.com/maps?ftid=0x89c25c0935faa903:0x227072ed5ae01c56,0x89c25c0935faa903:0x227072ed5ae01c56,/g/11b6_sf_17,Zach J.,"New York, New York",m7FS_hkzSJJEPgD5o0716tZ4PbE9XQ,📍,place,visited,"New York, New York",m7FS_hkzSJJEPgD5o0716tZ4PbE9XQ,vibe,
Longest Alpine Coaster in Switzerland - Fräkigaudi Toboggan,"6010 Kriens, Switzerland",46.9874067,8.248480599999999,,https://www.google.com/maps?ftid=0x478ff17d5c80a5b7:0x6865f31b95dcd911,0x478ff17d5c80a5b7:0x6865f31b95dcd911,/g/11flszc6rp,Zach J.,Switzerland Places,OvARGjqcJqUpQGyHwNiftD3eqtby6g,📍,place,visited,Switzerland Places,OvARGjqcJqUpQGyHwNiftD3eqtby6g,vibe,
Longues-sur-Mer battery,"39 Rue de la Mer, 14400 Longues-sur-Mer, France",49.343436499999996,-0.6933891999999999,Cool bunker fortifications.,https://www.google.com/maps?ftid=0x480a554a02c37013:0x6b20f6cc374e47d8,0x480a554a02c37013:0x6b20f6cc374e47d8,/m/04jg7qr,Zach J.,France,1a9PFoaE6QmGPm2JEsIX4DjQqMe7dQ,📍,place,visited,France,1a9PFoaE6QmGPm2JEsIX4DjQqMe7dQ,vibe,
Lonsdale Quay,"145 Chadwick Ct #220, North Vancouver, BC V7M 3K1",49.309641199999994,-123.08263319999999,,https://www.google.com/maps?ftid=0x548671b31c40852b:0x132f1d8a9ac049a4,0x548671b31c40852b:0x132f1d8a9ac049a4,/g/11f2smb55h,Zach J.,BC Places,J-HTPTrrRB2hdSQ_jx2gvA,📍,place,visited,BC Places,J-HTPTrrRB2hdSQ_jx2gvA,vibe,
Lost Weekend,"Schellingstraße 3, 80799 München, Germany",48.1491106,11.5796715,,https://www.google.com/maps?ftid=0x479e75eca7d75897:0xe88cd9652ff5ec58,0x479e75eca7d75897:0xe88cd9652ff5ec58,/g/11b7835r9t,Zach J.,Deutschland Places,_xr3THKc69o0Q1Jj4xw49b6So0Yt2Q,📍,place,visited,Deutschland Places,_xr3THKc69o0Q1Jj4xw49b6So0Yt2Q,vibe,
Lucifer's House of Heat,"1682 Davie St, Vancouver, BC V6G 1V9",49.285880999999996,-123.1399872,,https://www.google.com/maps?ftid=0x548671ff98844eed:0x4805dfe3812c7f7a,0x548671ff98844eed:0x4805dfe3812c7f7a,/g/11h56nwt5j,Zach J.,BC Places,J-HTPTrrRB2hdSQ_jx2gvA,📍,place,visited,BC Places,J-HTPTrrRB2hdSQ_jx2gvA,vibe,
Lépcsők,"Budapest, F2PX+RP5, 1118 Hungary",47.4870125,19.0493594,,https://www.google.com/maps?ftid=0x4741dd579c35e3c7:0x26d5c8aa3660b3d5,0x4741dd579c35e3c7:0x26d5c8aa3660b3d5,/g/11sdnttzj7,Zach J.,Hungary Places,1a46QBe0HWmKrjJYm4D9EROGYD6JOw,📍,place,visited,Hungary Places,1a46QBe0HWmKrjJYm4D9EROGYD6JOw,vibe,
MACHINO DONUTS,"823 Bloor St W, Toronto, ON M6G 1M1",43.656261199999996,-79.4533853,"7/10 doughnuts, they ight.",https://www.google.com/maps?ftid=0x882b348b2abaaaab:0xf538f3d4c7a89ff6,0x882b348b2abaaaab:0xf538f3d4c7a89ff6,/g/11gdqqsym2,Zach J.,Churono,_Goa88wVSLuG5ntawKc2cw,📍,place,visited,Churono,_Goa88wVSLuG5ntawKc2cw,vibe,
MacLeod's Books,"455 W Pender St, Vancouver, BC V6B 2Z3",49.283404999999995,-123.1126736,,https://www.google.com/maps?ftid=0x54867178e4994c59:0xb1b49d4945810e09,0x54867178e4994c59:0xb1b49d4945810e09,/g/1tf818s4,Zach J.,BC Places,J-HTPTrrRB2hdSQ_jx2gvA,📍,place,visited,BC Places,J-HTPTrrRB2hdSQ_jx2gvA,vibe,
Mad Monkey Bangkok,"55 Phra Sumen Rd, Chana Songkhram, Phra Nakhon, Bangkok 10200",13.7631949,100.4969673,,https://www.google.com/maps?ftid=0x30e29914d9e02ae5:0xbd7dbb74a7e82420,0x30e29914d9e02ae5:0xbd7dbb74a7e82420,/g/11g877xgwx,Zach J.,Thailand Places,8ZLYjtP28NdeHaxAFNWuqLewhbemIw,📍,place,visited,Thailand Places,8ZLYjtP28NdeHaxAFNWuqLewhbemIw,vibe,
Madam's Organ,"2461 18th St NW, Washington, DC 20009, United States",38.922015099999996,-77.0422193,,https://www.google.com/maps?ftid=0x89b7b7da2b87a51d:0x1d2dcd1c4b49cc4,0x89b7b7da2b87a51d:0x1d2dcd1c4b49cc4,/m/0d0hkn,Zach J.,Washington DC Places,LcNB3Ku1niTAsy0qH-HKT1v9d_odjw,📍,place,visited,Washington DC Places,LcNB3Ku1niTAsy0qH-HKT1v9d_odjw,vibe,
Maji Curry Toronto,,43.665514699999996,-79.4088836,,https://www.google.com/maps?ftid=0x882b359c2e56e547:0x4d213c9bdff0e5c6,0x882b359c2e56e547:0x4d213c9bdff0e5c6,,Zach J.,Churono,_Goa88wVSLuG5ntawKc2cw,📍,place,visited,Churono,_Goa88wVSLuG5ntawKc2cw,vibe,
Maloe Melo,,52.370034399999994,4.8777781,,https://www.google.com/maps?ftid=0x47c609ddb2a7f56f:0x5441f59c3c0b255,0x47c609ddb2a7f56f:0x5441f59c3c0b255,,Zach J.,Netherlands Places,uUJAjJl3UL4Vb2neQptAbAc1dIoemQ,📍,place,visited,Netherlands Places,uUJAjJl3UL4Vb2neQptAbAc1dIoemQ,vibe,
Manneken Frites,"Rue du Midi 30, 1000 Bruxelles, Belgium",50.8469598,4.350607999999999,,https://www.google.com/maps?ftid=0x47c3c47895f3e2e7:0x63c1607eff2a5286,0x47c3c47895f3e2e7:0x63c1607eff2a5286,/g/11b6_gvh1l,Zach J.,Belgium Places,XyATa3gcf-ULckrVtuXlIrtbkHutzw,📍,place,visited,Belgium Places,XyATa3gcf-ULckrVtuXlIrtbkHutzw,vibe,
Manneken Pis,,50.8449907,4.3499887,,https://www.google.com/maps?ftid=0x47c3c479195e3dd1:0x17b840a620b0c11f,0x47c3c479195e3dd1:0x17b840a620b0c11f,,Zach J.,Belgium Places,XyATa3gcf-ULckrVtuXlIrtbkHutzw,📍,place,visited,Belgium Places,XyATa3gcf-ULckrVtuXlIrtbkHutzw,vibe,
Manpuku Bento,"288 E Pender St, Vancouver, BC V6A 1T7",49.280257999999996,-123.09753459999999,Japanese eats,https://www.google.com/maps?ftid=0x548671019a5468bd:0xee444a51d5f232bf,0x548671019a5468bd:0xee444a51d5f232bf,/g/11h3kc2r41,Zach J.,BC Places,J-HTPTrrRB2hdSQ_jx2gvA,📍,place,visited,BC Places,J-HTPTrrRB2hdSQ_jx2gvA,vibe,
Mara's Italian Pastries,"503 Columbus Ave, San Francisco, CA 94133, United States",37.799617999999995,-122.4094361,,https://www.google.com/maps?ftid=0x808580f17aca4169:0xf93177d6daeb52c1,0x808580f17aca4169:0xf93177d6daeb52c1,/g/1hc1q7mwj,Zach J.,California Places,aTaCY8tke-6jFT8XQ0SVYBXQZ4k60Q,📍,place,visited,California Places,aTaCY8tke-6jFT8XQ0SVYBXQZ4k60Q,vibe,
Marie Blachère Boulangerie Sandwicherie Tarterie,"Bd d'Eindhoven, 14400 Bayeux, France",49.284802299999996,-0.7012003,Nice bakery,https://www.google.com/maps?ftid=0x480bab06757a7a69:0xc300f27df54e4c00,0x480bab06757a7a69:0xc300f27df54e4c00,/g/11jvdvskr1,Zach J.,France,1a9PFoaE6QmGPm2JEsIX4DjQqMe7dQ,📍,place,visited,France,1a9PFoaE6QmGPm2JEsIX4DjQqMe7dQ,vibe,
Marienplatz,"Marienplatz, 80331 München, Germany",48.1373932,11.5754485,,https://www.google.com/maps?ftid=0x47a84e248d37632d:0xdead51b35f0e0bb3,0x47a84e248d37632d:0xdead51b35f0e0bb3,/m/09g3lm,Zach J.,Deutschland Places,_xr3THKc69o0Q1Jj4xw49b6So0Yt2Q,📍,place,visited,Deutschland Places,_xr3THKc69o0Q1Jj4xw49b6So0Yt2Q,vibe,
Maruhachi Ra-men Westend,,49.2906146,-123.1333605,,https://www.google.com/maps?ftid=0x548671880ab88865:0xd83faaf188ea9bfe,0x548671880ab88865:0xd83faaf188ea9bfe,,Zach J.,BC Places,J-HTPTrrRB2hdSQ_jx2gvA,📍,place,visited,BC Places,J-HTPTrrRB2hdSQ_jx2gvA,vibe,
MEC Vancouver,"111 E 2nd Ave, Vancouver, BC V5T 1B4",49.269379199999996,-123.1022807,,https://www.google.com/maps?ftid=0x548673e0c9b9011d:0x8bcc34f3037fa595,0x548673e0c9b9011d:0x8bcc34f3037fa595,/g/1ts2zzj7,Zach J.,BC Places,J-HTPTrrRB2hdSQ_jx2gvA,📍,place,visited,BC Places,J-HTPTrrRB2hdSQ_jx2gvA,vibe,
Meiji Jingu,,35.6763976,139.6993259,My quiet place.,https://www.google.com/maps?ftid=0x60188cb79a4c26e5:0x8fca893849103f73,0x60188cb79a4c26e5:0x8fca893849103f73,,Zach J.,Japan Places,4MFKvfwkuooLXdFwzLh7bJlLOhg8-A,📍,place,visited,Japan Places,4MFKvfwkuooLXdFwzLh7bJlLOhg8-A,vibe,
MEININGER Kraków Centrum,"Grzegórzecka 10, 31-530 Kraków, Poland",50.0589808,19.9497534,,https://www.google.com/maps?ftid=0x47165b752a0c99f7:0xb11bd11d36b5ba14,0x47165b752a0c99f7:0xb11bd11d36b5ba14,/g/11ss5v7chm,Zach J.,Poland Places,rJiYI8AwTOeCZ372vYFwILDmTQWZ1w,📍,place,visited,Poland Places,rJiYI8AwTOeCZ372vYFwILDmTQWZ1w,vibe,
Meliá Puerto Vallarta,"Av. Paseo de la Marina Sur Lote H 7, Col, Marina Vallarta, 48335 Puerto Vallarta, Jal., Mexico",20.660733,-105.252957,Got COVID here,https://www.google.com/maps?ftid=0x842145ba3f88d58d:0xb80c7197bf4dfb73,0x842145ba3f88d58d:0xb80c7197bf4dfb73,/g/1xpwk2qn,Zach J.,'Murica Road Trip,D0K89-5vgjBHw6XsSCispo4wxNwsVA,📍,place,visited,'Murica Road Trip,D0K89-5vgjBHw6XsSCispo4wxNwsVA,vibe,
Mello,,49.2804964,-123.09885779999999,,https://www.google.com/maps?ftid=0x548671c0776bf473:0x96e41f9da1d0af7d,0x548671c0776bf473:0x96e41f9da1d0af7d,,Zach J.,BC Places,J-HTPTrrRB2hdSQ_jx2gvA,📍,place,visited,BC Places,J-HTPTrrRB2hdSQ_jx2gvA,vibe,
Memories Rooftop Larnaca,"Kimonos 1, Larnaca 6015, Cyprus",34.9180637,33.6336666,"Enter via the hotel, order the ""Salt & Stone"" cocktail.",https://www.google.com/maps?ftid=0x14e0833c2f33babd:0x5841a1bbc7ad9ab3,0x14e0833c2f33babd:0x5841a1bbc7ad9ab3,/g/11t6z3b7f9,Zach J.,Cyprus Places,op1yFHMtopjnsWL6BEbTl-cVqS5sDg,📍,place,visited,Cyprus Places,op1yFHMtopjnsWL6BEbTl-cVqS5sDg,vibe,
Mengokoro Kunimoto,,35.751379299999996,139.8677956,,https://www.google.com/maps?ftid=0x601885910f55c4b1:0xc0371d267e7df97d,0x601885910f55c4b1:0xc0371d267e7df97d,,Zach J.,Japan Places,4MFKvfwkuooLXdFwzLh7bJlLOhg8-A,📍,place,visited,Japan Places,4MFKvfwkuooLXdFwzLh7bJlLOhg8-A,vibe,
Menya Ebisuichidai,,34.6512308,135.50509399999999,,https://www.google.com/maps?ftid=0x6000e7603dcfd2a3:0x2c9be99189eee6dd,0x6000e7603dcfd2a3:0x2c9be99189eee6dd,,Zach J.,Japan Places,4MFKvfwkuooLXdFwzLh7bJlLOhg8-A,📍,place,visited,Japan Places,4MFKvfwkuooLXdFwzLh7bJlLOhg8-A,vibe,
Messini Authentic Gyros,,43.6776911,-79.3505488,The best.,https://www.google.com/maps?ftid=0x89d4cc9c4646d373:0xba94da9d0f1f8a19,0x89d4cc9c4646d373:0xba94da9d0f1f8a19,,Zach J.,Churono,_Goa88wVSLuG5ntawKc2cw,📍,place,visited,Churono,_Goa88wVSLuG5ntawKc2cw,vibe,
Mezes,,43.6780657,-79.35064349999999,,https://www.google.com/maps?ftid=0x89d4cc9c437d5915:0x3d52995d1b4a4732,0x89d4cc9c437d5915:0x3d52995d1b4a4732,,Zach J.,Churono,_Goa88wVSLuG5ntawKc2cw,📍,place,visited,Churono,_Goa88wVSLuG5ntawKc2cw,vibe,
Mike's Camera,"2200 J St, Sacramento, CA 95816, United States",38.5758195,-121.4771061,,https://www.google.com/maps?ftid=0x809ad0c4806db133:0x9cb822f4d1197f61,0x809ad0c4806db133:0x9cb822f4d1197f61,/g/1v29c85c,Zach J.,California Places,aTaCY8tke-6jFT8XQ0SVYBXQZ4k60Q,📍,place,visited,California Places,aTaCY8tke-6jFT8XQ0SVYBXQZ4k60Q,vibe,
Miksmart,"Esplanadna St, 32, Kyiv, Ukraine, 02000",50.4367084,30.5203778,"Grocery store, chain.",https://www.google.com/maps?ftid=0x40d4cf750bbd2d83:0xbef8a79027b34d23,0x40d4cf750bbd2d83:0xbef8a79027b34d23,/g/11nnvwxxz9,Zach J.,Ukraine Places,rtZlzg3DJ3HuV0pqVKIPqr7kz2er6A,📍,place,visited,Ukraine Places,rtZlzg3DJ3HuV0pqVKIPqr7kz2er6A,vibe,
Mill Creek North Fork Trailhead,"1415 Powerhouse Ln, Moab, UT 84532, United States",38.5620301,-109.5168128,,https://www.google.com/maps?ftid=0x8747e3d44b74b8f1:0x388e4d3c70d1d39d,0x8747e3d44b74b8f1:0x388e4d3c70d1d39d,/g/11c7s3stlm,Zach J.,Utah Places,yxf29Fw1SnujpoH_zKcqAA,📍,place,visited,Utah Places,yxf29Fw1SnujpoH_zKcqAA,vibe,
Milroy's of Soho,,51.514804299999994,-0.1312441,,https://www.google.com/maps?ftid=0x487604d2cd0ad4ff:0xe1705222bdef013a,0x487604d2cd0ad4ff:0xe1705222bdef013a,,Zach J.,London (The British One),Dc1pjbzURxS4lLc15TJmfg,📍,place,visited,London (The British One),Dc1pjbzURxS4lLc15TJmfg,vibe,
Minca,"536 E 5th St, New York, NY 10009, United States",40.723998,-73.98294899999999,Ramen joint,https://www.google.com/maps?ftid=0x89c2597874df74b1:0xc25e55f62818c3f2,0x89c2597874df74b1:0xc25e55f62818c3f2,/g/1vs1sszv,Zach J.,"New York, New York",m7FS_hkzSJJEPgD5o0716tZ4PbE9XQ,📍,place,visited,"New York, New York",m7FS_hkzSJJEPgD5o0716tZ4PbE9XQ,vibe,
Mini-Europe,,50.8940497,4.3389622,,https://www.google.com/maps?ftid=0x47c3c235b8a07371:0x570cb43d0bf3e5f9,0x47c3c235b8a07371:0x570cb43d0bf3e5f9,,Zach J.,Belgium Places,XyATa3gcf-ULckrVtuXlIrtbkHutzw,📍,place,visited,Belgium Places,XyATa3gcf-ULckrVtuXlIrtbkHutzw,vibe,
Mirabeau,"75016 Paris, France",48.8470017,2.2725679999999997,"Transit Nerd station, features a ramp where trains bypass the station",https://www.google.com/maps?ftid=0x47e67aa624eb9c9d:0xe1eb4e313c12fdf4,0x47e67aa624eb9c9d:0xe1eb4e313c12fdf4,/m/02jd73,Zach J.,France,1a9PFoaE6QmGPm2JEsIX4DjQqMe7dQ,📍,place,visited,France,1a9PFoaE6QmGPm2JEsIX4DjQqMe7dQ,vibe,
Misono Universe,,34.6655996,135.50508689999998,Weird place with a bunch of mini bars.,https://www.google.com/maps?ftid=0x6000e76a676e526f:0x9b959b030ef057a1,0x6000e76a676e526f:0x9b959b030ef057a1,,Zach J.,Japan Places,4MFKvfwkuooLXdFwzLh7bJlLOhg8-A,📍,place,visited,Japan Places,4MFKvfwkuooLXdFwzLh7bJlLOhg8-A,vibe,
Mitaki-dera,"411 Mitakiyama, Nishi Ward, Hiroshima, 733-0805, Japan",34.4201433,132.43840889999998,,https://www.google.com/maps?ftid=0x355a98892f3b29cb:0xf3634911849a7b66,0x355a98892f3b29cb:0xf3634911849a7b66,/m/026fq1l,Zach J.,Japan Places,4MFKvfwkuooLXdFwzLh7bJlLOhg8-A,📍,place,visited,Japan Places,4MFKvfwkuooLXdFwzLh7bJlLOhg8-A,vibe,
MOC Bomonti,"Cumhuriyet, Feriköy Fırın Sk 12-14, 34380 Şişli/İstanbul, Turkey",41.0557124,28.9812759,,https://www.google.com/maps?ftid=0x14cab716d6130df7:0x782db52ded616f56,0x14cab716d6130df7:0x782db52ded616f56,/g/11c2p9340x,Zach J.,Istanbul,T9mlMxDchiknHm63Z7-uttmXeOMrzg,📍,place,visited,Istanbul,T9mlMxDchiknHm63Z7-uttmXeOMrzg,vibe,
Modern Warriors,"144 E 2580 S, St. George, UT 84790, United States",37.0632947,-113.58042329999999,,https://www.google.com/maps?ftid=0x80ca44956818ffbf:0x247323cd7d343d98,0x80ca44956818ffbf:0x247323cd7d343d98,/g/11dft82lk5,Zach J.,Utah Places,yxf29Fw1SnujpoH_zKcqAA,📍,place,visited,Utah Places,yxf29Fw1SnujpoH_zKcqAA,vibe,
Molinari Delicatessen,"373 Columbus Ave, San Francisco, CA 94133, United States",37.7984875,-122.40786779999999,,https://www.google.com/maps?ftid=0x808580f3edef0f2d:0xd3b54cabd3298198,0x808580f3edef0f2d:0xd3b54cabd3298198,/g/1wrgkcv0,Zach J.,California Places,aTaCY8tke-6jFT8XQ0SVYBXQZ4k60Q,📍,place,visited,California Places,aTaCY8tke-6jFT8XQ0SVYBXQZ4k60Q,vibe,
MONOGRAPHY North York,"4891A Yonge St, North York, ON M2N 5N4",43.763636299999995,-79.4112627,Photo ops,https://www.google.com/maps?ftid=0x882b2dc2ca1d4cf9:0xac38d5acd0cf8c32,0x882b2dc2ca1d4cf9:0xac38d5acd0cf8c32,/g/11sbs5lt2p,Zach J.,Churono,_Goa88wVSLuG5ntawKc2cw,📍,place,visited,Churono,_Goa88wVSLuG5ntawKc2cw,vibe,
Mont Saint-Michel,"50170 Mont Saint-Michel, France",48.636063,-1.5114569999999998,Castle thing.,https://www.google.com/maps?ftid=0x480ea8d67c9ceeb3:0xc5834ce47e0dc3fe,0x480ea8d67c9ceeb3:0xc5834ce47e0dc3fe,/m/01p8h6,Zach J.,France,1a9PFoaE6QmGPm2JEsIX4DjQqMe7dQ,📍,place,visited,France,1a9PFoaE6QmGPm2JEsIX4DjQqMe7dQ,vibe,
Montagne de Bueren,,50.6481279,5.5773772,,https://www.google.com/maps?ftid=0x47c0fa0b816699d7:0x76a9dddbdf15cc40,0x47c0fa0b816699d7:0x76a9dddbdf15cc40,,Zach J.,Belgium Places,XyATa3gcf-ULckrVtuXlIrtbkHutzw,📍,place,visited,Belgium Places,XyATa3gcf-ULckrVtuXlIrtbkHutzw,vibe,
Montmartre,"Montmartre, 75018 Paris, France",48.8867148,2.3388895,,https://www.google.com/maps?ftid=0x47e66e44d4c0f5d5:0x7dd44a8503e08670,0x47e66e44d4c0f5d5:0x7dd44a8503e08670,/g/11bc5q6n5r,Zach J.,France,1a9PFoaE6QmGPm2JEsIX4DjQqMe7dQ,📍,place,visited,France,1a9PFoaE6QmGPm2JEsIX4DjQqMe7dQ,vibe,
Mony's Mexican Food,"217 Anacapa St, Santa Barbara, CA 93101, United States",34.4154672,-119.6912248,,https://www.google.com/maps?ftid=0x80e91389278eace3:0x8f34d9054e0e2eb0,0x80e91389278eace3:0x8f34d9054e0e2eb0,/g/11bbsz3jkd,Zach J.,California Places,aTaCY8tke-6jFT8XQ0SVYBXQZ4k60Q,📍,place,visited,California Places,aTaCY8tke-6jFT8XQ0SVYBXQZ4k60Q,vibe,
Moon Overlook,"F526+VW, Hanksville, UT 84734, United States",38.4521835,-110.83771709999999,,https://www.google.com/maps?ftid=0x874993002a901613:0x100498eb0f90dea3,0x874993002a901613:0x100498eb0f90dea3,/g/11vwfmjcls,Zach J.,Utah Places,yxf29Fw1SnujpoH_zKcqAA,📍,place,visited,Utah Places,yxf29Fw1SnujpoH_zKcqAA,vibe,
Moulin Rouge,"82 Bd de Clichy, 75018 Paris, France",48.8841232,2.3322518999999997,,https://www.google.com/maps?ftid=0x47e66e4eff6f0c89:0xf44e90af87482111,0x47e66e4eff6f0c89:0xf44e90af87482111,/m/0bxch,Zach J.,France,1a9PFoaE6QmGPm2JEsIX4DjQqMe7dQ,📍,place,visited,France,1a9PFoaE6QmGPm2JEsIX4DjQqMe7dQ,vibe,
Mr.8 Billiards,"388 Spadina Ave., Toronto, ON M5T 2G5",43.655488399999996,-79.3993325,,https://www.google.com/maps?ftid=0x882b354f1dd5f465:0x96c216ecd150fd47,0x882b354f1dd5f465:0x96c216ecd150fd47,/g/11smbcc_vp,Zach J.,Churono,_Goa88wVSLuG5ntawKc2cw,📍,place,visited,Churono,_Goa88wVSLuG5ntawKc2cw,vibe,
Mt St Helens,"Mt St Helens, Washington 98616, United States",46.191400599999994,-122.1955509,,https://www.google.com/maps?ftid=0x54969956568a2691:0x69ddb4f4b6cf94c7,0x54969956568a2691:0x69ddb4f4b6cf94c7,/m/094xz,Zach J.,Washington Places,WfdnMC3zRI3sfjHBnm_HrYeScehYSA,📍,place,visited,Washington Places,WfdnMC3zRI3sfjHBnm_HrYeScehYSA,vibe,
MUHBA Turó de la Rovira,"Carrer de Marià Labèrnia, s/n, 08032 Barcelona, Spain",41.419300299999996,2.1618258999999997,,https://www.google.com/maps?ftid=0x12a4a2b4e47dc551:0x15318650e00e1950,0x12a4a2b4e47dc551:0x15318650e00e1950,/g/1yg5783h6,Zach J.,Spain,9OTD759Vy7eRxRIn4AOrt-0eFJ0TtA,📍,place,visited,Spain,9OTD759Vy7eRxRIn4AOrt-0eFJ0TtA,vibe,
Muir Woods,"Muir Woods Rd, Mill Valley, CA 94941, United States",37.8970199,-122.5811177,,https://www.google.com/maps?ftid=0x808591b4bd6762ad:0x7aff587668ffaff9,0x808591b4bd6762ad:0x7aff587668ffaff9,/m/01yv_9,Zach J.,California Places,aTaCY8tke-6jFT8XQ0SVYBXQZ4k60Q,📍,place,visited,California Places,aTaCY8tke-6jFT8XQ0SVYBXQZ4k60Q,vibe,
Multnomah Whiskey Library,"1124 SW Alder St, Portland, OR 97205, United States",45.521039599999995,-122.6834502,Fancy pants alcoholics.,https://www.google.com/maps?ftid=0x54950a0352874411:0x99b2e655d7798a90,0x54950a0352874411:0x99b2e655d7798a90,/g/11bwc9bkn5,Zach J.,O-re-going Places,uPOFXqj2oXs8EjysOzM2PTCFTrpdog,📍,place,visited,O-re-going Places,uPOFXqj2oXs8EjysOzM2PTCFTrpdog,vibe,
Muscle Girls,"Japan, 〒171-0014 Tokyo, Toshima City, Ikebukuro, 2 Chome−41−2 Hayama Bld, B1F",35.7331769,139.7097661,"Can be expensive, but good fun for a Tuesday night.",https://www.google.com/maps?ftid=0x60188db309bd7af1:0xe9a54f399d9e7ca8,0x60188db309bd7af1:0xe9a54f399d9e7ca8,/g/11kxgm0qt5,Zach J.,Japan Places,4MFKvfwkuooLXdFwzLh7bJlLOhg8-A,📍,place,visited,Japan Places,4MFKvfwkuooLXdFwzLh7bJlLOhg8-A,vibe,
Muzeyno-Kulʹturnyy Kompleks Pyvnoyi Istoriyi - Lʹvivarnya,"Прохідна ВАТ ""Львівська пивоварня, Kleparivska St, 18, Lviv, Lviv Oblast, Ukraine, 79000",49.847569899999996,24.015654599999998,,https://www.google.com/maps?ftid=0x473add9fe362a8ab:0x234e560980b647cb,0x473add9fe362a8ab:0x234e560980b647cb,/g/11jgf7zs3,Zach J.,Ukraine Places,rtZlzg3DJ3HuV0pqVKIPqr7kz2er6A,📍,place,visited,Ukraine Places,rtZlzg3DJ3HuV0pqVKIPqr7kz2er6A,vibe,
My Father's Place,"523 SE Grand Ave, Portland, OR 97214, United States",45.5188457,-122.6609072,They got pinball.,https://www.google.com/maps?ftid=0x5495a0a71a820457:0xc6b11aa5405bdcec,0x5495a0a71a820457:0xc6b11aa5405bdcec,/g/1tcyf5bh,Zach J.,O-re-going Places,uPOFXqj2oXs8EjysOzM2PTCFTrpdog,📍,place,visited,O-re-going Places,uPOFXqj2oXs8EjysOzM2PTCFTrpdog,vibe,
Mémorial les canadiens et le raid de Dieppe,"Sq. du Canada, 76200 Dieppe, France",49.925264999999996,1.070427,Site of the Dieppe Raid.,https://www.google.com/maps?ftid=0x47e098aeb6175e5b:0x8034ddb28f1ebc11,0x47e098aeb6175e5b:0x8034ddb28f1ebc11,/g/11c46p_wtg,Zach J.,France,1a9PFoaE6QmGPm2JEsIX4DjQqMe7dQ,📍,place,visited,France,1a9PFoaE6QmGPm2JEsIX4DjQqMe7dQ,vibe,
Nakazaki,,34.709056,135.5057497,,https://www.google.com/maps?ftid=0x6000e695f11ae8e7:0xc4398540eb22df2c,0x6000e695f11ae8e7:0xc4398540eb22df2c,,Zach J.,Japan Places,4MFKvfwkuooLXdFwzLh7bJlLOhg8-A,📍,place,visited,Japan Places,4MFKvfwkuooLXdFwzLh7bJlLOhg8-A,vibe,
Nana laundry samsen 2,"162 Samsen 2 Alley, Ban Phan Thom, Phra Nakhon, Bangkok 10200",13.763088999999999,100.49947159999999,Laundry day,https://www.google.com/maps?ftid=0x30e299f62d900b73:0xc9060b9b0a1b0e82,0x30e299f62d900b73:0xc9060b9b0a1b0e82,/g/11s618b50w,Zach J.,Thailand Places,8ZLYjtP28NdeHaxAFNWuqLewhbemIw,📍,place,visited,Thailand Places,8ZLYjtP28NdeHaxAFNWuqLewhbemIw,vibe,
Naritasan Shinsho-ji,"1 Narita, Chiba 286-0023, Japan",35.7860511,140.31824849999998,,https://www.google.com/maps?ftid=0x60228b1aa3c3a527:0xde7cb7b7a5a2c3dd,0x60228b1aa3c3a527:0xde7cb7b7a5a2c3dd,/m/01qg5x,Zach J.,Japan Places,4MFKvfwkuooLXdFwzLh7bJlLOhg8-A,📍,place,visited,Japan Places,4MFKvfwkuooLXdFwzLh7bJlLOhg8-A,vibe,
Naschmarkt,,48.1984311,16.3630875,,https://www.google.com/maps?ftid=0x476d07860810152f:0x6e5b4aaa82c37615,0x476d07860810152f:0x6e5b4aaa82c37615,,Zach J.,Austria-ish Places,JW6_PhOiwD9hqDmWcuJh6u67rjwIwA,📍,place,visited,Austria-ish Places,JW6_PhOiwD9hqDmWcuJh6u67rjwIwA,vibe,
Nations Experience,,43.6724965,-79.4705657,Just a bunch of foods from all over in a single place.,https://www.google.com/maps?ftid=0x882b341df9b73a1b:0x1a16f6d4d68020b9,0x882b341df9b73a1b:0x1a16f6d4d68020b9,,Zach J.,Churono,_Goa88wVSLuG5ntawKc2cw,📍,place,visited,Churono,_Goa88wVSLuG5ntawKc2cw,vibe,
Navy Yard Railroad Gun,"Washington, DC 20374, United States",38.872459,-76.9962608,,https://www.google.com/maps?ftid=0x89b7b9eabd3e0945:0x544bc64124bc749e,0x89b7b9eabd3e0945:0x544bc64124bc749e,/g/11h5yysrg1,Zach J.,Washington DC Places,LcNB3Ku1niTAsy0qH-HKT1v9d_odjw,📍,place,visited,Washington DC Places,LcNB3Ku1niTAsy0qH-HKT1v9d_odjw,vibe,
Nazaré,,39.6015562,-9.0677509,,https://www.google.com/maps?ftid=0xd18a8232f6ad417:0x3d2d871af42106f,0xd18a8232f6ad417:0x3d2d871af42106f,,Zach J.,Portugal Places,PJetNvIfkAY8zDHfGEEQlDLG4G2qyg,📍,place,visited,Portugal Places,PJetNvIfkAY8zDHfGEEQlDLG4G2qyg,vibe,
NEGATIF+ 106,"106 Rue La Fayette, 75010 Paris, France",48.8775528,2.3509894,Photography film shop,https://www.google.com/maps?ftid=0x47e66e6b15719e4f:0x9ad3247c21e161a0,0x47e66e6b15719e4f:0x9ad3247c21e161a0,/g/11flt3hq4n,Zach J.,France,1a9PFoaE6QmGPm2JEsIX4DjQqMe7dQ,📍,place,visited,France,1a9PFoaE6QmGPm2JEsIX4DjQqMe7dQ,vibe,
Nelson,"Nelson, BC",49.4928119,-117.29483429999999,Has a little trolley,https://www.google.com/maps?ftid=0x537cb41f1c6bb871:0x6d0054861620bcc2,0x537cb41f1c6bb871:0x6d0054861620bcc2,/m/01gtvh,Zach J.,BC Places,J-HTPTrrRB2hdSQ_jx2gvA,📍,place,visited,BC Places,J-HTPTrrRB2hdSQ_jx2gvA,vibe,
Neumos,"925 E Pike St, Seattle, WA 98122, United States",47.6139717,-122.31966759999999,,https://www.google.com/maps?ftid=0x54906acc41da3297:0xb0f243207c489c15,0x54906acc41da3297:0xb0f243207c489c15,/m/0k0d3hd,Zach J.,Washington Places,WfdnMC3zRI3sfjHBnm_HrYeScehYSA,📍,place,visited,Washington Places,WfdnMC3zRI3sfjHBnm_HrYeScehYSA,vibe,
New York Hilton Midtown,"1335 6th Ave, New York, NY 10019, United States",40.7622481,-73.97919,Deny. Defend. Depose.,https://www.google.com/maps?ftid=0x89c25855c0679529:0x2a34371cb33f3c80,0x89c25855c0679529:0x2a34371cb33f3c80,/m/0by1f7_,Zach J.,"New York, New York",m7FS_hkzSJJEPgD5o0716tZ4PbE9XQ,📍,place,visited,"New York, New York",m7FS_hkzSJJEPgD5o0716tZ4PbE9XQ,vibe,
New York Stock Exchange,,40.706877,-74.0112654,NY Stock exchange,https://www.google.com/maps?ftid=0x89c25a161980d8a1:0x9e5797d5a981701d,0x89c25a161980d8a1:0x9e5797d5a981701d,,Zach J.,"New York, New York",m7FS_hkzSJJEPgD5o0716tZ4PbE9XQ,📍,place,visited,"New York, New York",m7FS_hkzSJJEPgD5o0716tZ4PbE9XQ,vibe,
Nice Cuts,"3977 17th St, San Francisco, CA 94114, United States",37.762363,-122.43456809999999,"Cheap Haircuts, $28 starting.",https://www.google.com/maps?ftid=0x808f7f74bd215207:0x4aa85ab79f32240,0x808f7f74bd215207:0x4aa85ab79f32240,/g/11ts2tb35n,Zach J.,California Places,aTaCY8tke-6jFT8XQ0SVYBXQZ4k60Q,📍,place,visited,California Places,aTaCY8tke-6jFT8XQ0SVYBXQZ4k60Q,vibe,
Nice Sunset Spot,,49.2741344,-123.1614673,,https://www.google.com/maps?ftid=0x5486730013bf242f:0xfac821c0e16361ce,0x5486730013bf242f:0xfac821c0e16361ce,,Zach J.,BC Places,J-HTPTrrRB2hdSQ_jx2gvA,📍,place,visited,BC Places,J-HTPTrrRB2hdSQ_jx2gvA,vibe,
Nicosia Old City,"Prevezis 10, Nicosia 1011, Cyprus",35.1701159,33.3609942,,https://www.google.com/maps?ftid=0x14de17686f79d1e1:0xbde430d1a61e9e2e,0x14de17686f79d1e1:0xbde430d1a61e9e2e,/g/11thh8l7d9,Zach J.,Cyprus Places,op1yFHMtopjnsWL6BEbTl-cVqS5sDg,📍,place,visited,Cyprus Places,op1yFHMtopjnsWL6BEbTl-cVqS5sDg,vibe,
Niederdorf,"Marktgasse 9, 8001 Zürich, Switzerland",47.372704899999995,8.543721099999999,,https://www.google.com/maps?ftid=0x479aa0a9f32f2455:0x69c70eacf3fed6cd,0x479aa0a9f32f2455:0x69c70eacf3fed6cd,/g/11h229mzft,Zach J.,Switzerland Places,OvARGjqcJqUpQGyHwNiftD3eqtby6g,📍,place,visited,Switzerland Places,OvARGjqcJqUpQGyHwNiftD3eqtby6g,vibe,
North of Brooklyn Pizzeria,,43.6470025,-79.4064878,,https://www.google.com/maps?ftid=0x882b34e6cc344d99:0x9a5820e8fa5631dc,0x882b34e6cc344d99:0x9a5820e8fa5631dc,,Zach J.,Churono,_Goa88wVSLuG5ntawKc2cw,📍,place,visited,Churono,_Goa88wVSLuG5ntawKc2cw,vibe,
Novelty Automation,,51.5196936,-0.11689569999999999,,https://www.google.com/maps?ftid=0x48761b4a1b788ba9:0xfe7dde7934bc7501,0x48761b4a1b788ba9:0xfe7dde7934bc7501,,Zach J.,London (The British One),Dc1pjbzURxS4lLc15TJmfg,📍,place,visited,London (The British One),Dc1pjbzURxS4lLc15TJmfg,vibe,
NS-Dokumentationszentrum München,"Max-Mannheimer-Platz 1, 80333 München, Germany",48.1453025,11.5675405,,https://www.google.com/maps?ftid=0x479e75f02939d23b:0xb2a80eb78b456ff2,0x479e75f02939d23b:0xb2a80eb78b456ff2,/m/0hnctqb,Zach J.,Deutschland Places,_xr3THKc69o0Q1Jj4xw49b6So0Yt2Q,📍,place,visited,Deutschland Places,_xr3THKc69o0Q1Jj4xw49b6So0Yt2Q,vibe,
Nuba in Gastown,"207 W Hastings St, Vancouver, BC V6B 1K6",49.282764199999995,-123.10963439999999,,https://www.google.com/maps?ftid=0x54867179a40aaaf5:0xe7e82a26ff897f00,0x54867179a40aaaf5:0xe7e82a26ff897f00,/g/1tgf2xnp,Zach J.,BC Places,J-HTPTrrRB2hdSQ_jx2gvA,📍,place,visited,BC Places,J-HTPTrrRB2hdSQ_jx2gvA,vibe,
Number Nine,"1435 P St NW, Washington, DC 20005, United States",38.909781599999995,-77.03336879999999,,https://www.google.com/maps?ftid=0x89b7b7ea0abd36c3:0xd86fa3c83cd514f2,0x89b7b7ea0abd36c3:0xd86fa3c83cd514f2,/g/11h1gz376,Zach J.,Washington DC Places,LcNB3Ku1niTAsy0qH-HKT1v9d_odjw,📍,place,visited,Washington DC Places,LcNB3Ku1niTAsy0qH-HKT1v9d_odjw,vibe,
Nunobiki Stream,,34.7093364,135.1935723,,https://www.google.com/maps?ftid=0x60008eda62e3e95b:0x19940daa79f0aa4f,0x60008eda62e3e95b:0x19940daa79f0aa4f,,Zach J.,Japan Places,4MFKvfwkuooLXdFwzLh7bJlLOhg8-A,📍,place,visited,Japan Places,4MFKvfwkuooLXdFwzLh7bJlLOhg8-A,vibe,
Národní,"110 00 Prague 1, Czechia",50.0820028,14.417606699999999,,https://www.google.com/maps?ftid=0x470b94ee308a4785:0x11772b9ecb7b9c8,0x470b94ee308a4785:0x11772b9ecb7b9c8,/m/03wfdy2,Zach J.,Czech Republic Places,5Sbx3FnNAI1ouog5bO7G95yNPypkiA,📍,place,visited,Czech Republic Places,5Sbx3FnNAI1ouog5bO7G95yNPypkiA,vibe,
Oak Alley Plantation,"3645 LA-18, Vacherie, LA 70090, United States",30.004235899999998,-90.77599719999999,Really cool plantation.,https://www.google.com/maps?ftid=0x86213045b86abc1f:0x55e32465c3486430,0x86213045b86abc1f:0x55e32465c3486430,/m/07mhfl,Zach J.,'Murica Road Trip,D0K89-5vgjBHw6XsSCispo4wxNwsVA,📍,place,visited,'Murica Road Trip,D0K89-5vgjBHw6XsSCispo4wxNwsVA,vibe,
Oberża pod Czerwonym Wieprzem,"Żelazna 68, 00-866 Warszawa, Poland",52.236964799999996,20.9897018,Communist Restaurant,https://www.google.com/maps?ftid=0x471ecc86914d1e37:0x7ba800007dae14fd,0x471ecc86914d1e37:0x7ba800007dae14fd,/g/1hc2lm34d,Zach J.,Poland Places,rJiYI8AwTOeCZ372vYFwILDmTQWZ1w,📍,place,visited,Poland Places,rJiYI8AwTOeCZ372vYFwILDmTQWZ1w,vibe,
OCAD University,"100 McCaul St, Toronto, ON M5T 1W1, Canada",43.653184499999995,-79.3914842,"Weird building, park is nice too.",https://www.google.com/maps?ftid=0x882b34cf98021b5d:0x1f416402e6e9d8ba,0x882b34cf98021b5d:0x1f416402e6e9d8ba,,Zach J.,Toronto Photography,EBdYtSZKT2SzsVOBUpVjfw,📍,place,visited,Toronto Photography,EBdYtSZKT2SzsVOBUpVjfw,vibe,
Ocalały fragment muru getta żydowskiego w Krakowie,"Bolesława Limanowskiego 62, 30-551 Kraków, Poland",50.0428711,19.9591411,,https://www.google.com/maps?ftid=0x47165b368327d719:0x4ebacf4426a473f6,0x47165b368327d719:0x4ebacf4426a473f6,/g/11sffbb94h,Zach J.,Poland Places,rJiYI8AwTOeCZ372vYFwILDmTQWZ1w,📍,place,visited,Poland Places,rJiYI8AwTOeCZ372vYFwILDmTQWZ1w,vibe,
Oculus Center,"185 Greenwich St LL3110, New York, NY 10006, United States",40.711804199999996,-74.0118498,,https://www.google.com/maps?ftid=0x89c25b3ec115fee1:0x3379bef08da10ec1,0x89c25b3ec115fee1:0x3379bef08da10ec1,/g/11hhr3hxg9,Zach J.,"New York, New York",m7FS_hkzSJJEPgD5o0716tZ4PbE9XQ,📍,place,visited,"New York, New York",m7FS_hkzSJJEPgD5o0716tZ4PbE9XQ,vibe,
Oh My Pho,"Wilcza 32, 00-544 Warszawa, Poland",52.225063899999995,21.0161963,,https://www.google.com/maps?ftid=0x471eccee25305057:0x2696dbc0f4d4252e,0x471eccee25305057:0x2696dbc0f4d4252e,/g/11b7xjq9bs,Zach J.,Poland Places,rJiYI8AwTOeCZ372vYFwILDmTQWZ1w,📍,place,visited,Poland Places,rJiYI8AwTOeCZ372vYFwILDmTQWZ1w,vibe,
OKKO Hotels Paris Gare de l'Est,"30A Rue d'Alsace, 75010 Paris, France",48.878564499999996,2.3588066999999997,Cool hotel.,https://www.google.com/maps?ftid=0x47e66e7290486fb9:0x498f5e75a156e72e,0x47e66e7290486fb9:0x498f5e75a156e72e,/g/11fk1b_gfn,Zach J.,France,1a9PFoaE6QmGPm2JEsIX4DjQqMe7dQ,📍,place,visited,France,1a9PFoaE6QmGPm2JEsIX4DjQqMe7dQ,vibe,
Old Sac Tattoo,"1012 2nd St, Sacramento, CA 95814, United States",38.5827144,-121.50448779999999,,https://www.google.com/maps?ftid=0x809ad6cd40025f2f:0x4fed3ce02d3e87a7,0x809ad6cd40025f2f:0x4fed3ce02d3e87a7,/g/12hnyq0yn,Zach J.,California Places,aTaCY8tke-6jFT8XQ0SVYBXQZ4k60Q,📍,place,visited,California Places,aTaCY8tke-6jFT8XQ0SVYBXQZ4k60Q,vibe,
Old Sacramento Waterfront,"1014 2nd St Suite 200, Sacramento, CA 95814, United States",38.5825775,-121.5044442,,https://www.google.com/maps?ftid=0x809ad6cd12b0facb:0xd3b02d5f6ddf7470,0x809ad6cd12b0facb:0xd3b02d5f6ddf7470,/m/031_7v,Zach J.,California Places,aTaCY8tke-6jFT8XQ0SVYBXQZ4k60Q,📍,place,visited,California Places,aTaCY8tke-6jFT8XQ0SVYBXQZ4k60Q,vibe,
Old Stone House,"3051 M St NW, Washington, DC 20007, United States",38.9053168,-77.0603665,,https://www.google.com/maps?ftid=0x89b7b64bbc261335:0xfcd69b25da4682a5,0x89b7b64bbc261335:0xfcd69b25da4682a5,/m/043l1hs,Zach J.,Washington DC Places,LcNB3Ku1niTAsy0qH-HKT1v9d_odjw,📍,place,visited,Washington DC Places,LcNB3Ku1niTAsy0qH-HKT1v9d_odjw,vibe,
Omnitsky Kosher,,49.2541979,-123.0901964,,https://www.google.com/maps?ftid=0x54867478c36a8fc3:0x21bbcee885ac12e9,0x54867478c36a8fc3:0x21bbcee885ac12e9,,Zach J.,BC Places,J-HTPTrrRB2hdSQ_jx2gvA,📍,place,visited,BC Places,J-HTPTrrRB2hdSQ_jx2gvA,vibe,
Ong Ang Canal,"PGV3+M3V คลองโอ่งอ่าง Samphanthawong, Bangkok 10100",13.744238699999999,100.50267149999999,,https://www.google.com/maps?ftid=0x30e29919c83cee23:0x87dd7e2641199e4a,0x30e29919c83cee23:0x87dd7e2641199e4a,/g/11g02t81s0,Zach J.,Thailand Places,8ZLYjtP28NdeHaxAFNWuqLewhbemIw,📍,place,visited,Thailand Places,8ZLYjtP28NdeHaxAFNWuqLewhbemIw,vibe,
ONIGIRI YA,"545 W Broadway, Vancouver, BC V5Z 0B4",49.2634501,-123.1164867,Really cheap onigiri.,https://www.google.com/maps?ftid=0x548673b9c0edcfd5:0x1f88f7e886af2a64,0x548673b9c0edcfd5:0x1f88f7e886af2a64,/g/11y61zxnzh,Zach J.,BC Places,J-HTPTrrRB2hdSQ_jx2gvA,📍,place,visited,BC Places,J-HTPTrrRB2hdSQ_jx2gvA,vibe,
Oregon Rail Heritage Center,"2250 SE Water Ave, Portland, OR 97214, United States",45.507171,-122.66177599999999,TRAINS!,https://www.google.com/maps?ftid=0x54950a73d3fa720b:0x2f4bae219ba35425,0x54950a73d3fa720b:0x2f4bae219ba35425,/m/0kvjxsp,Zach J.,O-re-going Places,uPOFXqj2oXs8EjysOzM2PTCFTrpdog,📍,place,visited,O-re-going Places,uPOFXqj2oXs8EjysOzM2PTCFTrpdog,vibe,
Ornithology Jazz Club,"6 Suydam St, Brooklyn, NY 11221, United States",40.695588799999996,-73.9319823,,https://www.google.com/maps?ftid=0x89c25d6571cc2af1:0x4da411904990a202,0x89c25d6571cc2af1:0x4da411904990a202,/g/11p66jlzg9,Zach J.,"New York, New York",m7FS_hkzSJJEPgD5o0716tZ4PbE9XQ,📍,place,visited,"New York, New York",m7FS_hkzSJJEPgD5o0716tZ4PbE9XQ,vibe,
Oskar Schindler's Enamel Factory,"Lipowa 4, 30-702 Kraków, Poland",50.0474296,19.961573599999998,Great for history.,https://www.google.com/maps?ftid=0x47165b48b8f5e2db:0x32ef2980f3a497f9,0x47165b48b8f5e2db:0x32ef2980f3a497f9,/m/0_x79r7,Zach J.,Poland Places,rJiYI8AwTOeCZ372vYFwILDmTQWZ1w,📍,place,visited,Poland Places,rJiYI8AwTOeCZ372vYFwILDmTQWZ1w,vibe,
Otto’s Berlin Döner,"256 Augusta Ave, Toronto, ON M5T 2L9, Canada",43.6563404,-79.4029104,I'm just gonna say it... This is the best currywurst in Toronto.,https://www.google.com/maps?ftid=0x882b34c1fdd2df27:0x41a7f90c9b9b05f1,0x882b34c1fdd2df27:0x41a7f90c9b9b05f1,,Zach J.,Churono,_Goa88wVSLuG5ntawKc2cw,📍,place,visited,Churono,_Goa88wVSLuG5ntawKc2cw,vibe,
Ouvrage de Thiaumont,"55100 Fleury-devant-Douaumont, France",49.2067877,5.4196333999999995,,https://www.google.com/maps?ftid=0x47eb1fbe0da40953:0x3d6526895a120989,0x47eb1fbe0da40953:0x3d6526895a120989,/g/121zcd6n,Zach J.,France,1a9PFoaE6QmGPm2JEsIX4DjQqMe7dQ,📍,place,visited,France,1a9PFoaE6QmGPm2JEsIX4DjQqMe7dQ,vibe,
Palácio da Bolsa,"R. de Ferreira Borges, 4050-253 Porto, Portugal",41.1413772,-8.615672499999999,,https://www.google.com/maps?ftid=0xd2464e1c2820d41:0x69324171e40cd951,0xd2464e1c2820d41:0x69324171e40cd951,/m/03gw6pc,Zach J.,Portugal Places,PJetNvIfkAY8zDHfGEEQlDLG4G2qyg,📍,place,visited,Portugal Places,PJetNvIfkAY8zDHfGEEQlDLG4G2qyg,vibe,
Panklitos Apartments,"Alvertou Street 7, Paphos 8046, Cyprus",34.7778224,32.4124556,,https://www.google.com/maps?ftid=0x14e706f5a25844db:0x280acce57be6ee21,0x14e706f5a25844db:0x280acce57be6ee21,/g/1tf899xf,Zach J.,Cyprus Places,op1yFHMtopjnsWL6BEbTl-cVqS5sDg,📍,place,visited,Cyprus Places,op1yFHMtopjnsWL6BEbTl-cVqS5sDg,vibe,
Parallel,,43.6694357,-79.43856819999999,,https://www.google.com/maps?ftid=0x882b346f3b088d7b:0xe283d4965143663b,0x882b346f3b088d7b:0xe283d4965143663b,,Zach J.,Churono,_Goa88wVSLuG5ntawKc2cw,📍,place,visited,Churono,_Goa88wVSLuG5ntawKc2cw,vibe,
Parking du Vieux Marché - Rouen Normandie Stationnement,"Pl. du Vieux Marché, 76000 Rouen, France",49.443453,1.0886859,,https://www.google.com/maps?ftid=0x47e0ddd8f18ca255:0x374d92dbc2ba7b6,0x47e0ddd8f18ca255:0x374d92dbc2ba7b6,/g/1thp78n6,Zach J.,France,1a9PFoaE6QmGPm2JEsIX4DjQqMe7dQ,📍,place,visited,France,1a9PFoaE6QmGPm2JEsIX4DjQqMe7dQ,vibe,
Passy,"75016 Paris, France",48.857589999999995,2.2858099999999997,Photo op on the train. It goes over the river for a money shot of the tower.,https://www.google.com/maps?ftid=0x47e66ffd7e4eb81d:0xfc2ed5d87b77f1a9,0x47e66ffd7e4eb81d:0xfc2ed5d87b77f1a9,/g/12214f3l_,Zach J.,France,1a9PFoaE6QmGPm2JEsIX4DjQqMe7dQ,📍,place,visited,France,1a9PFoaE6QmGPm2JEsIX4DjQqMe7dQ,vibe,
Pearse Lyons Whiskey Distillery,"121-122, James's Street, The Liberties, Dublin, D08 ET27, Ireland",53.343681399999994,-6.289598,,https://www.google.com/maps?ftid=0x48670c39fc6a29e7:0xab65050a9635565,0x48670c39fc6a29e7:0xab65050a9635565,/g/11c1w11vvp,Zach J.,Ireland,PZ1939FGYznLJLfbw23DtttFpkZvgg,📍,place,visited,Ireland,PZ1939FGYznLJLfbw23DtttFpkZvgg,vibe,
Pervak,"Rohnidynska St, 2, Kyiv, Ukraine, 01024",50.439659,30.519268,,https://www.google.com/maps?ftid=0x40d4ce5102781b5b:0x78150caa503f4264,0x40d4ce5102781b5b:0x78150caa503f4264,/g/1th229vv,Zach J.,Ukraine Places,rtZlzg3DJ3HuV0pqVKIPqr7kz2er6A,📍,place,visited,Ukraine Places,rtZlzg3DJ3HuV0pqVKIPqr7kz2er6A,vibe,
Pete's Tako House,"502 Brooklyn Ave, San Antonio, TX 78215, United States",29.432889799999998,-98.484268,,https://www.google.com/maps?ftid=0x865c5f5ac062b079:0xf8670a264aa4ab26,0x865c5f5ac062b079:0xf8670a264aa4ab26,/g/1tj2nwvz,Zach J.,Texas,1S_gekS-v4RZuZLaRNwLRkv_EUSNYw,📍,place,visited,Texas,1S_gekS-v4RZuZLaRNwLRkv_EUSNYw,vibe,
Peters Brauhaus,"Mühlengasse 1, 50667 Köln, Germany",50.9392675,6.9606397,,https://www.google.com/maps?ftid=0x47bf25b05be21829:0xc0a77958bd83543e,0x47bf25b05be21829:0xc0a77958bd83543e,/g/1q5bmrhwk,Zach J.,Deutschland Places,_xr3THKc69o0Q1Jj4xw49b6So0Yt2Q,📍,place,visited,Deutschland Places,_xr3THKc69o0Q1Jj4xw49b6So0Yt2Q,vibe,
Petersen House,"516 10th St NW, Washington, DC 20004, United States",38.8967526,-77.02629379999999,,https://www.google.com/maps?ftid=0x89b7b790e8750be5:0xa870ee76573e8329,0x89b7b790e8750be5:0xa870ee76573e8329,/m/05h5n9j,Zach J.,Washington DC Places | 'Murica Road Trip,LcNB3Ku1niTAsy0qH-HKT1v9d_odjw | D0K89-5vgjBHw6XsSCispo4wxNwsVA,📍,place,visited,Washington DC Places | 'Murica Road Trip,LcNB3Ku1niTAsy0qH-HKT1v9d_odjw | D0K89-5vgjBHw6XsSCispo4wxNwsVA,vibe,
PG Clucks,"610 College St, Toronto, ON M6G 1B4",43.655302299999995,-79.4145844,The best chicken sandwich. Get the spicy maple one.,https://www.google.com/maps?ftid=0x882b34f1d0b16a99:0x1ffa92a8bc691be8,0x882b34f1d0b16a99:0x1ffa92a8bc691be8,/g/11c54mwcr4,Zach J.,Churono,_Goa88wVSLuG5ntawKc2cw,📍,place,visited,Churono,_Goa88wVSLuG5ntawKc2cw,vibe,
PHOTO GREGOR München GmbH,"Zweibrückenstraße 13, 80331 München, Germany",48.132996,11.583985499999999,,https://www.google.com/maps?ftid=0x479ddf62908666f3:0x245f371dbe779ac5,0x479ddf62908666f3:0x245f371dbe779ac5,/g/12qhd3mbf,Zach J.,Deutschland Places,_xr3THKc69o0Q1Jj4xw49b6So0Yt2Q,📍,place,visited,Deutschland Places,_xr3THKc69o0Q1Jj4xw49b6So0Yt2Q,vibe,
Photographique,"3111 Canton St #100, Dallas, TX 75226, United States",32.7835055,-96.7778477,,https://www.google.com/maps?ftid=0x864e98c273d741eb:0x1459602d92a4a180,0x864e98c273d741eb:0x1459602d92a4a180,/g/1hhhh94kv,Zach J.,Texas,1S_gekS-v4RZuZLaRNwLRkv_EUSNYw,📍,place,visited,Texas,1S_gekS-v4RZuZLaRNwLRkv_EUSNYw,vibe,
Phra Maha Chedi Maha Ratchamongkhon,"PFCC+88G, Pak Khlong Phasi Charoen, Phasi Charoen, Bangkok 10600",13.720816899999999,100.4708428,,https://www.google.com/maps?ftid=0x30e299cb0d012d3f:0xbff9b535aac60f88,0x30e299cb0d012d3f:0xbff9b535aac60f88,/g/11sdm4_q15,Zach J.,Thailand Places,8ZLYjtP28NdeHaxAFNWuqLewhbemIw,📍,place,visited,Thailand Places,8ZLYjtP28NdeHaxAFNWuqLewhbemIw,vibe,
Piccadilly Circus,"Piccadilly Circus, London, UK",51.5099734,-0.13497,,https://www.google.com/maps?ftid=0x487604d3ff201fc1:0xf08adf0cfb3eb2fe,0x487604d3ff201fc1:0xf08adf0cfb3eb2fe,/m/01hc6q,Zach J.,London (The British One),Dc1pjbzURxS4lLc15TJmfg,📍,place,visited,London (The British One),Dc1pjbzURxS4lLc15TJmfg,vibe,
Plan B,"aleja Wyzwolenia 18, 00-999 Warszawa, Poland",52.2199982,21.018755499999997,Dive bar.,https://www.google.com/maps?ftid=0x471ecce5e426360b:0x9df190651e310069,0x471ecce5e426360b:0x9df190651e310069,/g/1tfh3dl_,Zach J.,Poland Places,rJiYI8AwTOeCZ372vYFwILDmTQWZ1w,📍,place,visited,Poland Places,rJiYI8AwTOeCZ372vYFwILDmTQWZ1w,vibe,
Plänterwald,,52.484099799999996,13.491095099999999,"Abandoned amusement park, mostly demolished now.",https://www.google.com/maps?ftid=0x47a84f242540c3a3:0xcd9e29eb2b539c51,0x47a84f242540c3a3:0xcd9e29eb2b539c51,,Zach J.,Deutschland Places,_xr3THKc69o0Q1Jj4xw49b6So0Yt2Q,📍,place,visited,Deutschland Places,_xr3THKc69o0Q1Jj4xw49b6So0Yt2Q,vibe,
Point of view Mont-Saint-Michel,"50170 Mont Saint-Michel, France",48.6270447,-1.5189899999999998,View point,https://www.google.com/maps?ftid=0x480eafdefcdf949f:0x41c77090949a074,0x480eafdefcdf949f:0x41c77090949a074,/g/11ffj56802,Zach J.,France,1a9PFoaE6QmGPm2JEsIX4DjQqMe7dQ,📍,place,visited,France,1a9PFoaE6QmGPm2JEsIX4DjQqMe7dQ,vibe,
Pomnik Ludwika Zamenhofa w Białymstoku,"Skwer Pawła Bogdana Adamowicza, 15-369 Białystok, Poland",53.1334605,23.1570845,Esperanto monument.,https://www.google.com/maps?ftid=0x471ffc1ad1f9a18b:0x56470ee3228d06c4,0x471ffc1ad1f9a18b:0x56470ee3228d06c4,/g/11gh349v_v,Zach J.,Poland Places,rJiYI8AwTOeCZ372vYFwILDmTQWZ1w,📍,place,visited,Poland Places,rJiYI8AwTOeCZ372vYFwILDmTQWZ1w,vibe,
Pomnik młodego Ludwika Zamenhofa,"Ludwika Zamenhofa, 15-001 Białystok, Poland",53.132655199999995,23.1591672,Esperanto statue.,https://www.google.com/maps?ftid=0x471ffc04cc92fc07:0xa42c9f3b671b89f9,0x471ffc04cc92fc07:0xa42c9f3b671b89f9,/g/11fktgqr1n,Zach J.,Poland Places,rJiYI8AwTOeCZ372vYFwILDmTQWZ1w,📍,place,visited,Poland Places,rJiYI8AwTOeCZ372vYFwILDmTQWZ1w,vibe,
Port Cable Car - Miramar Station,"Ctra. de Miramar, 40, 08038 Barcelona, Spain",41.371007,2.1724978,,https://www.google.com/maps?ftid=0x12a4a25ad47b5c5b:0x6a3ebf0b0143b3d0,0x12a4a25ad47b5c5b:0x6a3ebf0b0143b3d0,/g/11d_bj20h_,Zach J.,Spain,9OTD759Vy7eRxRIn4AOrt-0eFJ0TtA,📍,place,visited,Spain,9OTD759Vy7eRxRIn4AOrt-0eFJ0TtA,vibe,
Potsdamer Platz,,52.509231199999995,13.376105299999999,Famous place.,https://www.google.com/maps?ftid=0x47a851c97891ea21:0x4ca1983c254de1aa,0x47a851c97891ea21:0x4ca1983c254de1aa,,Zach J.,Deutschland Places,_xr3THKc69o0Q1Jj4xw49b6So0Yt2Q,📍,place,visited,Deutschland Places,_xr3THKc69o0Q1Jj4xw49b6So0Yt2Q,vibe,
Pott Change,,52.3735779,4.8933917,,https://www.google.com/maps?ftid=0x47c609c7171b572b:0x2444662351b935de,0x47c609c7171b572b:0x2444662351b935de,,Zach J.,Netherlands Places,uUJAjJl3UL4Vb2neQptAbAc1dIoemQ,📍,place,visited,Netherlands Places,uUJAjJl3UL4Vb2neQptAbAc1dIoemQ,vibe,
Prague Andy's Laundromat,"Korunní 723/14, 120 00 Vinohrady, Czechia",50.075196399999996,14.4402776,,https://www.google.com/maps?ftid=0x470b9485981ba7f5:0x482c8e262690f2ed,0x470b9485981ba7f5:0x482c8e262690f2ed,/g/1v2gcgfp,Zach J.,Czech Republic Places,5Sbx3FnNAI1ouog5bO7G95yNPypkiA,📍,place,visited,Czech Republic Places,5Sbx3FnNAI1ouog5bO7G95yNPypkiA,vibe,
Praia do Beliche,,37.025631,-8.964114,,https://www.google.com/maps?ftid=0xd1b4c343a75bb03:0x9ebddda3398898bf,0xd1b4c343a75bb03:0x9ebddda3398898bf,,Zach J.,Portugal Places,PJetNvIfkAY8zDHfGEEQlDLG4G2qyg,📍,place,visited,Portugal Places,PJetNvIfkAY8zDHfGEEQlDLG4G2qyg,vibe,
Praia do Camilo,,37.0873925,-8.6684868,,https://www.google.com/maps?ftid=0xd1b31dd791d72a7:0x65cce4d0d6f8a4,0xd1b31dd791d72a7:0x65cce4d0d6f8a4,,Zach J.,Portugal Places,PJetNvIfkAY8zDHfGEEQlDLG4G2qyg,📍,place,visited,Portugal Places,PJetNvIfkAY8zDHfGEEQlDLG4G2qyg,vibe,
Praça Luís de Camões,"Largo Luís de Camões, 1200-243 Lisboa, Portugal",38.7105849,-9.143476399999999,Nice place for a coffee,https://www.google.com/maps?ftid=0xd19347fadaa5d5d:0x1567d31205cbe5e,0xd19347fadaa5d5d:0x1567d31205cbe5e,/g/122nnzr8,Zach J.,Portugal Places,PJetNvIfkAY8zDHfGEEQlDLG4G2qyg,📍,place,visited,Portugal Places,PJetNvIfkAY8zDHfGEEQlDLG4G2qyg,vibe,
PrimaChange,"Budapest, Múzeum krt. 7, 1053 Hungary",47.493507099999995,19.060189599999998,,https://www.google.com/maps?ftid=0x4741dc436972840b:0xb86683f4d6e5d06d,0x4741dc436972840b:0xb86683f4d6e5d06d,/g/11cn5sb8fx,Zach J.,Hungary Places,1a46QBe0HWmKrjJYm4D9EROGYD6JOw,📍,place,visited,Hungary Places,1a46QBe0HWmKrjJYm4D9EROGYD6JOw,vibe,
Prinzregentenpl. 16,,48.1387243,11.607351099999999,,https://www.google.com/maps?ftid=0x479e757976aea40f:0x38081a210c9d99f2,0x479e757976aea40f:0x38081a210c9d99f2,,Zach J.,Deutschland Places,_xr3THKc69o0Q1Jj4xw49b6So0Yt2Q,📍,place,visited,Deutschland Places,_xr3THKc69o0Q1Jj4xw49b6So0Yt2Q,vibe,
Przypiecek,"Sławkowska 32, 31-014 Kraków, Poland",50.0651947,19.9384944,Kabab,https://www.google.com/maps?ftid=0x47165b0fbf0434ed:0x5823ed03667a8d1f,0x47165b0fbf0434ed:0x5823ed03667a8d1f,/g/1tfyc9n7,Zach J.,Poland Places,rJiYI8AwTOeCZ372vYFwILDmTQWZ1w,📍,place,visited,Poland Places,rJiYI8AwTOeCZ372vYFwILDmTQWZ1w,vibe,
Przystanek Pierogarnia | Krowoderska,"Krowoderska 74, 31-141 Kraków, Poland",50.0723041,19.9317054,,https://www.google.com/maps?ftid=0x47165b0741192b53:0x8dd7570a24177e1b,0x47165b0741192b53:0x8dd7570a24177e1b,/g/11clgsv6ym,Zach J.,Poland Places,rJiYI8AwTOeCZ372vYFwILDmTQWZ1w,📍,place,visited,Poland Places,rJiYI8AwTOeCZ372vYFwILDmTQWZ1w,vibe,
Public View Point,"44 Tha Suphan Alley, Phra Borom Maha Ratchawang, Phra Nakhon, Bangkok 10200",13.7446785,100.4912604,,https://www.google.com/maps?ftid=0x30e29906499c79a7:0x93bd3a6e48bd8d68,0x30e29906499c79a7:0x93bd3a6e48bd8d68,/g/11tjlvj8h9,Zach J.,Thailand Places,8ZLYjtP28NdeHaxAFNWuqLewhbemIw,📍,place,visited,Thailand Places,8ZLYjtP28NdeHaxAFNWuqLewhbemIw,vibe,
Quiaios,,40.212516799999996,-8.8511062,,https://www.google.com/maps?ftid=0xd2235fb7c496515:0x500ebbde490a6b0,0xd2235fb7c496515:0x500ebbde490a6b0,,Zach J.,Portugal Places,PJetNvIfkAY8zDHfGEEQlDLG4G2qyg,📍,place,visited,Portugal Places,PJetNvIfkAY8zDHfGEEQlDLG4G2qyg,vibe,
Quincy,"220 S Wells St, Chicago, IL 60606, United States",41.878849599999995,-87.6338873,Retro station,https://www.google.com/maps?ftid=0x880e2cbe9c8336a3:0x69120c501e494248,0x880e2cbe9c8336a3:0x69120c501e494248,/m/0bz4f1,Zach J.,Illinois Places,jvmK2Q-VUEhCXxu8GrJbdro33fvGTw,📍,place,visited,Illinois Places,jvmK2Q-VUEhCXxu8GrJbdro33fvGTw,vibe,
Raisu,"2340 W 4th Ave, Vancouver, BC V6K 1P1",49.2680595,-123.1583241,,https://www.google.com/maps?ftid=0x548673b39f24e685:0x85fc86e9c39307f3,0x548673b39f24e685:0x85fc86e9c39307f3,/g/11c0pqqxf3,Zach J.,BC Places,J-HTPTrrRB2hdSQ_jx2gvA,📍,place,visited,BC Places,J-HTPTrrRB2hdSQ_jx2gvA,vibe,
Rathaus,,48.210820999999996,16.3580827,,https://www.google.com/maps?ftid=0x476d0795b8d260fd:0x1ea9ef0ebe2905d9,0x476d0795b8d260fd:0x1ea9ef0ebe2905d9,,Zach J.,Austria-ish Places,JW6_PhOiwD9hqDmWcuJh6u67rjwIwA,📍,place,visited,Austria-ish Places,JW6_PhOiwD9hqDmWcuJh6u67rjwIwA,vibe,
Rathaus-Glockenspiel,,48.1374724,11.5754855,"Famous place, center of town and unique clock tower.",https://www.google.com/maps?ftid=0x479e758b2ee46a7b:0x1de59170ccd3c450,0x479e758b2ee46a7b:0x1de59170ccd3c450,,Zach J.,Deutschland Places,_xr3THKc69o0Q1Jj4xw49b6So0Yt2Q,📍,place,visited,Deutschland Places,_xr3THKc69o0Q1Jj4xw49b6So0Yt2Q,vibe,
Ratskeller der Stadt Leipzig GmbH,"Lotterstraße 1, 04109 Leipzig, Germany",51.336684,12.372847,,https://www.google.com/maps?ftid=0x47a6f8267aa80d8f:0xa127e9af18b5a39f,0x47a6f8267aa80d8f:0xa127e9af18b5a39f,/g/120lw7xf,Zach J.,Deutschland Places,_xr3THKc69o0Q1Jj4xw49b6So0Yt2Q,📍,place,visited,Deutschland Places,_xr3THKc69o0Q1Jj4xw49b6So0Yt2Q,vibe,
Ratskeller Schöneberg,,52.484525399999995,13.3441595,,https://www.google.com/maps?ftid=0x47a850429ed2bf9d:0x7623e52a524f4cb3,0x47a850429ed2bf9d:0x7623e52a524f4cb3,,Zach J.,Deutschland Places,_xr3THKc69o0Q1Jj4xw49b6So0Yt2Q,📍,place,visited,Deutschland Places,_xr3THKc69o0Q1Jj4xw49b6So0Yt2Q,vibe,
REBERBAR - ресторан у центрі Києва,"Velyka Vasylkivska St, 13/1, Kyiv, Ukraine, 01004",50.440118,30.519569399999998,,https://www.google.com/maps?ftid=0x40d4cf956291df65:0xbca84dc92b6f6d58,0x40d4cf956291df65:0xbca84dc92b6f6d58,/g/11g1mdmm_k,Zach J.,Ukraine Places,rtZlzg3DJ3HuV0pqVKIPqr7kz2er6A,📍,place,visited,Ukraine Places,rtZlzg3DJ3HuV0pqVKIPqr7kz2er6A,vibe,
Red Room,"444 Spadina Ave, Toronto, ON M5T 2G8, Canada",43.6570841,-79.4000674,Cheap eats,https://www.google.com/maps?ftid=0x882b34c1098b0e6f:0xb5da7918d867e567,0x882b34c1098b0e6f:0xb5da7918d867e567,,Zach J.,Churono,_Goa88wVSLuG5ntawKc2cw,📍,place,visited,Churono,_Goa88wVSLuG5ntawKc2cw,vibe,
Reichstag Building,,52.5186202,13.3761871,"Famous place, seat of government.",https://www.google.com/maps?ftid=0x47a851c741ee506d:0x641b52d3abf17de5,0x47a851c741ee506d:0x641b52d3abf17de5,,Zach J.,Deutschland Places,_xr3THKc69o0Q1Jj4xw49b6So0Yt2Q,📍,place,visited,Deutschland Places,_xr3THKc69o0Q1Jj4xw49b6So0Yt2Q,vibe,
Reinhard Heydrich assassination site,"V Holešovičkách 41, 182 00 Praha 8, Czechia",50.1180063,14.4645464,,https://www.google.com/maps?ftid=0x470beb5a87733723:0xc90833591841eae0,0x470beb5a87733723:0xc90833591841eae0,/g/11ckqqn1dt,Zach J.,Czech Republic Places,5Sbx3FnNAI1ouog5bO7G95yNPypkiA,📍,place,visited,Czech Republic Places,5Sbx3FnNAI1ouog5bO7G95yNPypkiA,vibe,
Relax Foto,"Zgoda 13, 00-012 Warszawa, Poland",52.2334323,21.0108322,,https://www.google.com/maps?ftid=0x471eccf4b05d8ce9:0xd583e7c8df2a088,0x471eccf4b05d8ce9:0xd583e7c8df2a088,/g/1td1nmxr,Zach J.,Poland Places,rJiYI8AwTOeCZ372vYFwILDmTQWZ1w,📍,place,visited,Poland Places,rJiYI8AwTOeCZ372vYFwILDmTQWZ1w,vibe,
Rheingarten,"Rheinpromenade Altstadt, 50667 Köln, Germany",50.939597899999995,6.9625619,,https://www.google.com/maps?ftid=0x47bf25b0db104569:0xc33693bd74f38d65,0x47bf25b0db104569:0xc33693bd74f38d65,/g/1pty73g55,Zach J.,Deutschland Places,_xr3THKc69o0Q1Jj4xw49b6So0Yt2Q,📍,place,visited,Deutschland Places,_xr3THKc69o0Q1Jj4xw49b6So0Yt2Q,vibe,
Rheinuferpromenade Düsseldorf,"Untere, Rheinwerft, 40213 Düsseldorf, Germany",51.2284918,6.7705630999999995,,https://www.google.com/maps?ftid=0x47b8cbefdd5da11b:0xbe2fe0f20874b520,0x47b8cbefdd5da11b:0xbe2fe0f20874b520,/g/11h1dwth58,Zach J.,Deutschland Places,_xr3THKc69o0Q1Jj4xw49b6So0Yt2Q,📍,place,visited,Deutschland Places,_xr3THKc69o0Q1Jj4xw49b6So0Yt2Q,vibe,
Ridderzaal,,52.079666599999996,4.3133926,,https://www.google.com/maps?ftid=0x47c5b724bcc0518d:0x6de8c6af406dc11d,0x47c5b724bcc0518d:0x6de8c6af406dc11d,,Zach J.,Netherlands Places,uUJAjJl3UL4Vb2neQptAbAc1dIoemQ,📍,place,visited,Netherlands Places,uUJAjJl3UL4Vb2neQptAbAc1dIoemQ,vibe,
Right Medicine Pharmacy (Royal Mile),"67 High St, Edinburgh EH1 1SR, United Kingdom",55.950604,-3.1854791,,https://www.google.com/maps?ftid=0x4887c78f58442f21:0xca8df6d368433878,0x4887c78f58442f21:0xca8df6d368433878,/g/1vyn3flp,Zach J.,Land of Scots,nrpv0PI_5p-7UBIdU0S_VRRVZzdshQ,📍,place,visited,Land of Scots,nrpv0PI_5p-7UBIdU0S_VRRVZzdshQ,vibe,
Rijksmuseum,,52.3599976,4.8852188,,https://www.google.com/maps?ftid=0x47c609eec1bb16e5:0xd54373ae6a408585,0x47c609eec1bb16e5:0xd54373ae6a408585,,Zach J.,Netherlands Places,uUJAjJl3UL4Vb2neQptAbAc1dIoemQ,📍,place,visited,Netherlands Places,uUJAjJl3UL4Vb2neQptAbAc1dIoemQ,vibe,
Rochers de Naye,"Rochers de Naye, 1820 Veytaux, Switzerland",46.431833999999995,6.9760367,,https://www.google.com/maps?ftid=0x478e906e3659f28d:0x5510471d55ba7216,0x478e906e3659f28d:0x5510471d55ba7216,/m/02ptz69,Zach J.,Switzerland Places,OvARGjqcJqUpQGyHwNiftD3eqtby6g,📍,place,visited,Switzerland Places,OvARGjqcJqUpQGyHwNiftD3eqtby6g,vibe,
Rockefeller Center,"Rockefeller Center, New York, NY 10112, USA",40.7585232,-73.9780014,,https://www.google.com/maps?ftid=0x89c258febc73a923:0xfde3acaacea77e7f,0x89c258febc73a923:0xfde3acaacea77e7f,/g/11gz9qz5_,Zach J.,"New York, New York",m7FS_hkzSJJEPgD5o0716tZ4PbE9XQ,📍,place,visited,"New York, New York",m7FS_hkzSJJEPgD5o0716tZ4PbE9XQ,vibe,
Rodelbahn Lucky Flitzer,,47.3559239,13.3852932,,https://www.google.com/maps?ftid=0x4776d48d57e6024d:0xa36b0356612e9181,0x4776d48d57e6024d:0xa36b0356612e9181,,Zach J.,Austria-ish Places,JW6_PhOiwD9hqDmWcuJh6u67rjwIwA,📍,place,visited,Austria-ish Places,JW6_PhOiwD9hqDmWcuJh6u67rjwIwA,vibe,
Roman Wall,,51.51068,-0.0761447,,https://www.google.com/maps?ftid=0x4876034bf66baf01:0x79bd444886b6450c,0x4876034bf66baf01:0x79bd444886b6450c,,Zach J.,London (The British One),Dc1pjbzURxS4lLc15TJmfg,📍,place,visited,London (The British One),Dc1pjbzURxS4lLc15TJmfg,vibe,
Roquette,"2232 1st Ave, Seattle, WA 98121, United States",47.6133434,-122.346178,,https://www.google.com/maps?ftid=0x549015dd8d1d10a9:0x97e354cf90b488f9,0x549015dd8d1d10a9:0x97e354cf90b488f9,/g/11fm40ldl0,Zach J.,Washington Places,WfdnMC3zRI3sfjHBnm_HrYeScehYSA,📍,place,visited,Washington Places,WfdnMC3zRI3sfjHBnm_HrYeScehYSA,vibe,
Rossfeld Panorama Strasse,,47.6267652,13.092201999999999,,https://www.google.com/maps?ftid=0x4776eae9b2c2b099:0x1d619ba7442ad414,0x4776eae9b2c2b099:0x1d619ba7442ad414,,Zach J.,Austria-ish Places,JW6_PhOiwD9hqDmWcuJh6u67rjwIwA,📍,place,visited,Austria-ish Places,JW6_PhOiwD9hqDmWcuJh6u67rjwIwA,vibe,
Rotes Rathaus,,52.518277499999996,13.408644299999999,City Hall,https://www.google.com/maps?ftid=0x47a84e205be6a463:0xa69ac4692c57ef1e,0x47a84e205be6a463:0xa69ac4692c57ef1e,,Zach J.,Deutschland Places,_xr3THKc69o0Q1Jj4xw49b6So0Yt2Q,📍,place,visited,Deutschland Places,_xr3THKc69o0Q1Jj4xw49b6So0Yt2Q,vibe,
Rouen Panorama De La Côte Sainte Catherine,"Rte de la Corniche, 76240 Bonsecours, France",49.4336,1.1098999999999999,Nice overlook,https://www.google.com/maps?ftid=0x47e0de85b4d58017:0x627c0f874cdeda48,0x47e0de85b4d58017:0x627c0f874cdeda48,/g/119wg0kt3,Zach J.,France,1a9PFoaE6QmGPm2JEsIX4DjQqMe7dQ,📍,place,visited,France,1a9PFoaE6QmGPm2JEsIX4DjQqMe7dQ,vibe,
Round Corner,"2333 S St, Sacramento, CA 95816, United States",38.5655816,-121.47893769999999,,https://www.google.com/maps?ftid=0x809ad0ef52e5647d:0xd7d7c3c7ce4da504,0x809ad0ef52e5647d:0xd7d7c3c7ce4da504,/g/1thn5rwj,Zach J.,California Places,aTaCY8tke-6jFT8XQ0SVYBXQZ4k60Q,📍,place,visited,California Places,aTaCY8tke-6jFT8XQ0SVYBXQZ4k60Q,vibe,
Route 101,"1332 Van Ness Ave, San Francisco, CA 94109, United States",37.7881176,-122.42166399999999,"Pool bar, tables are free between 6pm and 12am.",https://www.google.com/maps?ftid=0x80858095a9e03fb9:0xf7672bf75fe61f93,0x80858095a9e03fb9:0xf7672bf75fe61f93,/g/1thzv0fw,Zach J.,California Places,aTaCY8tke-6jFT8XQ0SVYBXQZ4k60Q,📍,place,visited,California Places,aTaCY8tke-6jFT8XQ0SVYBXQZ4k60Q,vibe,
Royal Infirmary of Edinburgh,"51 Little France Cres, Old Dalkeith Rd, Edinburgh EH16 4SA, United Kingdom",55.9223315,-3.1354827,Free medical care,https://www.google.com/maps?ftid=0x4887c79c3dafa337:0xcb7e920241960cfd,0x4887c79c3dafa337:0xcb7e920241960cfd,/m/0c_9vw,Zach J.,Land of Scots,nrpv0PI_5p-7UBIdU0S_VRRVZzdshQ,📍,place,visited,Land of Scots,nrpv0PI_5p-7UBIdU0S_VRRVZzdshQ,vibe,
Royal Lochnagar Distillery,"Crathie, Balmoral, Ballater AB35 5TB, United Kingdom",57.030075999999994,-3.2086881999999997,,https://www.google.com/maps?ftid=0x4885dd02918c8a41:0xbcd4ed59b23c45c2,0x4885dd02918c8a41:0xbcd4ed59b23c45c2,/m/09rx3px,Zach J.,Land of Scots,nrpv0PI_5p-7UBIdU0S_VRRVZzdshQ,📍,place,visited,Land of Scots,nrpv0PI_5p-7UBIdU0S_VRRVZzdshQ,vibe,
Royal Observatory Greenwich,,51.476853,-0.0005002,,https://www.google.com/maps?ftid=0x47d8a82a8ca9dca7:0x31abb25f451c8402,0x47d8a82a8ca9dca7:0x31abb25f451c8402,,Zach J.,London (The British One),Dc1pjbzURxS4lLc15TJmfg,📍,place,visited,London (The British One),Dc1pjbzURxS4lLc15TJmfg,vibe,
RUDY,"619 College St, Toronto, ON M6G 1B5",43.6549109,-79.4148147,Burgers,https://www.google.com/maps?ftid=0x882b34f1d1fd0017:0x17466d8e458b525b,0x882b34f1d1fd0017:0x17466d8e458b525b,/g/11bzz3ljzr,Zach J.,Churono,_Goa88wVSLuG5ntawKc2cw,📍,place,visited,Churono,_Goa88wVSLuG5ntawKc2cw,vibe,
Rue du Ctre,"Rue du Ctre, 1820 Montreux, Switzerland",46.4380459,6.9100579,,https://www.google.com/maps?ftid=0x478e9b1987a2eaf7:0x51972d2f62e7600f,0x478e9b1987a2eaf7:0x51972d2f62e7600f,/g/1w9y0004,Zach J.,Switzerland Places,OvARGjqcJqUpQGyHwNiftD3eqtby6g,📍,place,visited,Switzerland Places,OvARGjqcJqUpQGyHwNiftD3eqtby6g,vibe,
Rynek Główny,"Rynek Główny, 31-422 Kraków, Poland",50.061897099999996,19.936756,,https://www.google.com/maps?ftid=0x47165b120455da67:0xc3c7f5071b750d33,0x47165b120455da67:0xc3c7f5071b750d33,/g/11bc57sk02,Zach J.,Poland Places,rJiYI8AwTOeCZ372vYFwILDmTQWZ1w,📍,place,visited,Poland Places,rJiYI8AwTOeCZ372vYFwILDmTQWZ1w,vibe,
Sabor Da Fazenda,"R. de Clemente Meneres 44, 4050-201 Porto, Portugal",41.1484179,-8.6195712,,https://www.google.com/maps?ftid=0xd24651ccd054959:0x5e0b856f94a6269f,0xd24651ccd054959:0x5e0b856f94a6269f,/g/11c0vylvfb,Zach J.,Portugal Places,PJetNvIfkAY8zDHfGEEQlDLG4G2qyg,📍,place,visited,Portugal Places,PJetNvIfkAY8zDHfGEEQlDLG4G2qyg,vibe,
Saffa-Insel,"Mythenquai 317, 8038 Zürich, Switzerland",47.3497323,8.5365783,,https://www.google.com/maps?ftid=0x479aa75f9e273db7:0x167b38d85ee7b95a,0x479aa75f9e273db7:0x167b38d85ee7b95a,/g/11bt_9b_69,Zach J.,Switzerland Places,OvARGjqcJqUpQGyHwNiftD3eqtby6g,📍,place,visited,Switzerland Places,OvARGjqcJqUpQGyHwNiftD3eqtby6g,vibe,
Sagano Bamboo Forest,,35.0180137,135.6741353,Famous bamboo forest in Kyoto.,https://www.google.com/maps?ftid=0x6001aa03c8389c27:0x8b96fe6a564bd1b9,0x6001aa03c8389c27:0x8b96fe6a564bd1b9,,Zach J.,Japan Places,4MFKvfwkuooLXdFwzLh7bJlLOhg8-A,📍,place,visited,Japan Places,4MFKvfwkuooLXdFwzLh7bJlLOhg8-A,vibe,
Sainte-Chapelle,"10 Bd du Palais, 75001 Paris, France",48.855374999999995,2.3449609,Pretty stained glass. Long lines.,https://www.google.com/maps?ftid=0x47e66e1fd8767d47:0x33f441f9dc242768,0x47e66e1fd8767d47:0x33f441f9dc242768,/m/0jvg5,Zach J.,France,1a9PFoaE6QmGPm2JEsIX4DjQqMe7dQ,📍,place,visited,France,1a9PFoaE6QmGPm2JEsIX4DjQqMe7dQ,vibe,
Saizeriya,"Japan, 〒160-0021 Tokyo, Shinjuku City, Kabukicho, 1 Chome−1−19 同栄新宿ビル",35.6932073,139.70394149999998,"Japanese ""Italian"" chain",https://www.google.com/maps?ftid=0x60188cd97fefffff:0x36f2da2fca959e7f,0x60188cd97fefffff:0x36f2da2fca959e7f,/g/1tdbff29,Zach J.,Japan Places,4MFKvfwkuooLXdFwzLh7bJlLOhg8-A,📍,place,visited,Japan Places,4MFKvfwkuooLXdFwzLh7bJlLOhg8-A,vibe,
Sala Apolo,"C/ Nou de la Rambla, 113, 08004 Barcelona, Spain",41.374402599999996,2.1695739,Big club.,https://www.google.com/maps?ftid=0x12a4a25c75a2cf3b:0xfe58977ad221b3a6,0x12a4a25c75a2cf3b:0xfe58977ad221b3a6,/g/1z2crvc63,Zach J.,Spain,9OTD759Vy7eRxRIn4AOrt-0eFJ0TtA,📍,place,visited,Spain,9OTD759Vy7eRxRIn4AOrt-0eFJ0TtA,vibe,
Samesun Vancouver,"1018 Granville St, Vancouver, BC V6Z 1L5",49.2789609,-123.1232568,,https://www.google.com/maps?ftid=0x548673d5a303bf5f:0xc19d1b3ca50aaa1f,0x548673d5a303bf5f:0xc19d1b3ca50aaa1f,/g/1tf024zn,Zach J.,BC Places,J-HTPTrrRB2hdSQ_jx2gvA,📍,place,visited,BC Places,J-HTPTrrRB2hdSQ_jx2gvA,vibe,
San Francesco Foods,"10 Clinton St, Toronto, ON M6J 2P1",43.654030999999996,-79.41352599999999,Great subs.,https://www.google.com/maps?ftid=0x882b34efd0492305:0x41af16cd52db5af6,0x882b34efd0492305:0x41af16cd52db5af6,/g/1hc757mxf,Zach J.,Churono,_Goa88wVSLuG5ntawKc2cw,📍,place,visited,Churono,_Goa88wVSLuG5ntawKc2cw,vibe,
Sangenjaya,"Sangenjaya, Setagaya City, Tokyo 154-0024, Japan",35.641253899999995,139.667531,An area to get fucked up in,https://www.google.com/maps?ftid=0x6018f49927231ef9:0xcc2931a04ac73fe6,0x6018f49927231ef9:0xcc2931a04ac73fe6,/g/120n2x9v,Zach J.,Japan Places,4MFKvfwkuooLXdFwzLh7bJlLOhg8-A,📍,place,visited,Japan Places,4MFKvfwkuooLXdFwzLh7bJlLOhg8-A,vibe,
Sanko Trading Co.,,43.6461973,-79.4094593,THE place for Japan stuff in Toronto. Get an onigiri.,https://www.google.com/maps?ftid=0x882b34e3eeed4abd:0xedf5aef87296ae91,0x882b34e3eeed4abd:0xedf5aef87296ae91,,Zach J.,Churono,_Goa88wVSLuG5ntawKc2cw,📍,place,visited,Churono,_Goa88wVSLuG5ntawKc2cw,vibe,
Santo António,"R. do Milagre de Santo António 10, 1100-351 Lisboa, Portugal",38.7114227,-9.132988899999999,,https://www.google.com/maps?ftid=0xd193477a0fd35dd:0xad46474d0df57bb4,0xd193477a0fd35dd:0xad46474d0df57bb4,/g/11dfl16qgp,Zach J.,Portugal Places,PJetNvIfkAY8zDHfGEEQlDLG4G2qyg,📍,place,visited,Portugal Places,PJetNvIfkAY8zDHfGEEQlDLG4G2qyg,vibe,
Saturn V Rocket,"Davidson Center, Huntsville, AL 35805, United States",34.7111045,-86.6558992,Rocket to the moon.,https://www.google.com/maps?ftid=0x88626d93f6c8d941:0xbe846ca8db5fa606,0x88626d93f6c8d941:0xbe846ca8db5fa606,/g/11lkx5fh1w,Zach J.,'Murica Road Trip,D0K89-5vgjBHw6XsSCispo4wxNwsVA,📍,place,visited,'Murica Road Trip,D0K89-5vgjBHw6XsSCispo4wxNwsVA,vibe,
Schmaltz Appetizing,,43.674001399999995,-79.41179369999999,,https://www.google.com/maps?ftid=0x882b349b058cf0a3:0xbc56b9507c11f583,0x882b349b058cf0a3:0xbc56b9507c11f583,,Zach J.,Churono,_Goa88wVSLuG5ntawKc2cw,📍,place,visited,Churono,_Goa88wVSLuG5ntawKc2cw,vibe,
Scoma's of Sausalito,"588 Bridgeway, Sausalito, CA 94965, United States",37.8540225,-122.4788389,,https://www.google.com/maps?ftid=0x80858445dbe9bfd1:0x7045f27c63735f78,0x80858445dbe9bfd1:0x7045f27c63735f78,/g/1tdbwzyk,Zach J.,California Places,aTaCY8tke-6jFT8XQ0SVYBXQZ4k60Q,📍,place,visited,California Places,aTaCY8tke-6jFT8XQ0SVYBXQZ4k60Q,vibe,
Sea to Sky Gondola,,49.675242,-123.1570148,,https://www.google.com/maps?ftid=0x54865807cb826167:0xa7b7b97edca9c807,0x54865807cb826167:0xa7b7b97edca9c807,,Zach J.,BC Places,J-HTPTrrRB2hdSQ_jx2gvA,📍,place,visited,BC Places,J-HTPTrrRB2hdSQ_jx2gvA,vibe,
Seattle Monorail,"370 Thomas St #200, Seattle, WA 98109, United States",47.621282799999996,-122.34975449999999,,https://www.google.com/maps?ftid=0x5490154677756939:0xbbd62fa0c960af54,0x5490154677756939:0xbbd62fa0c960af54,/g/11y7w2_8g,Zach J.,Washington Places,WfdnMC3zRI3sfjHBnm_HrYeScehYSA,📍,place,visited,Washington Places,WfdnMC3zRI3sfjHBnm_HrYeScehYSA,vibe,
Seeacher,"Seeacherstrasse 27, 6045 Meggen, Switzerland",47.050097699999995,8.3866614,,https://www.google.com/maps?ftid=0x478ff9f08202cb73:0xd8fa76e697635f28,0x478ff9f08202cb73:0xd8fa76e697635f28,/g/11k_5vpzf2,Zach J.,Switzerland Places,OvARGjqcJqUpQGyHwNiftD3eqtby6g,📍,place,visited,Switzerland Places,OvARGjqcJqUpQGyHwNiftD3eqtby6g,vibe,
Seinfeld’s apartment,"129 W 81st St, New York, NY 10024, United States",40.7838285,-73.9754344,*jazz rift*,https://www.google.com/maps?ftid=0x89c2598678ffcc3b:0x52a65127f504eebe,0x89c2598678ffcc3b:0x52a65127f504eebe,/g/11q1vmmqbw,Zach J.,"New York, New York",m7FS_hkzSJJEPgD5o0716tZ4PbE9XQ,📍,place,visited,"New York, New York",m7FS_hkzSJJEPgD5o0716tZ4PbE9XQ,vibe,
Selimiye Camii,"Selimiye Sk, Lefkoşa 99010",35.176517499999996,33.3645401,,https://www.google.com/maps?ftid=0x14de1746a74c9743:0x7be1395f7ee4b3ab,0x14de1746a74c9743:0x7be1395f7ee4b3ab,/m/026009v,Zach J.,Cyprus Places,op1yFHMtopjnsWL6BEbTl-cVqS5sDg,📍,place,visited,Cyprus Places,op1yFHMtopjnsWL6BEbTl-cVqS5sDg,vibe,
Senjogahara,,36.7772479,139.44429979999998,,https://www.google.com/maps?ftid=0x601fade731eda30d:0x99aa84da309ebfaf,0x601fade731eda30d:0x99aa84da309ebfaf,,Zach J.,Japan Places,4MFKvfwkuooLXdFwzLh7bJlLOhg8-A,📍,place,visited,Japan Places,4MFKvfwkuooLXdFwzLh7bJlLOhg8-A,vibe,
Sensi Seeds,,52.3783311,4.895211499999999,,https://www.google.com/maps?ftid=0x47c609bf4aeeb611:0x400795bc7853ee07,0x47c609bf4aeeb611:0x400795bc7853ee07,,Zach J.,Netherlands Places,uUJAjJl3UL4Vb2neQptAbAc1dIoemQ,📍,place,visited,Netherlands Places,uUJAjJl3UL4Vb2neQptAbAc1dIoemQ,vibe,
Sensō-ji,,35.7147651,139.7966553,"Great temple to visit at night, not in the day time.",https://www.google.com/maps?ftid=0x60188ec1a4463df1:0x6c0d289a8292810d,0x60188ec1a4463df1:0x6c0d289a8292810d,,Zach J.,Japan Places,4MFKvfwkuooLXdFwzLh7bJlLOhg8-A,📍,place,visited,Japan Places,4MFKvfwkuooLXdFwzLh7bJlLOhg8-A,vibe,
Serendipity 3,,40.7618028,-73.96493989999999,Famous for the movie.,https://www.google.com/maps?ftid=0x89c259a9a94054ed:0xccbfde5942dbc6e3,0x89c259a9a94054ed:0xccbfde5942dbc6e3,,Zach J.,"New York, New York",m7FS_hkzSJJEPgD5o0716tZ4PbE9XQ,📍,place,visited,"New York, New York",m7FS_hkzSJJEPgD5o0716tZ4PbE9XQ,vibe,
ServiceOntario,,43.7140688,-79.3584995,,https://www.google.com/maps?ftid=0x89d4cd056f5bad81:0x2ed4c733b3bb0bbe,0x89d4cd056f5bad81:0x2ed4c733b3bb0bbe,,Zach J.,Churono,_Goa88wVSLuG5ntawKc2cw,📍,place,visited,Churono,_Goa88wVSLuG5ntawKc2cw,vibe,
Shakespeare's,"314 E 6th St, Austin, TX 78701, United States",30.267433099999998,-97.7397601,,https://www.google.com/maps?ftid=0x8644b5a7a7afcd0d:0x3f52ffc62f78460f,0x8644b5a7a7afcd0d:0x3f52ffc62f78460f,/g/11bbw_w4wr,Zach J.,Texas,1S_gekS-v4RZuZLaRNwLRkv_EUSNYw,📍,place,visited,Texas,1S_gekS-v4RZuZLaRNwLRkv_EUSNYw,vibe,
Shamrock Bowl and Restobar,,43.6733349,-79.31970679999999,Bowling,https://www.google.com/maps?ftid=0x89d4cd66a4f35697:0xf7db7427d124dbd1,0x89d4cd66a4f35697:0xf7db7427d124dbd1,,Zach J.,Churono,_Goa88wVSLuG5ntawKc2cw,📍,place,visited,Churono,_Goa88wVSLuG5ntawKc2cw,vibe,
Sherry Butt,"20 Rue Beautreillis, 75004 Paris, France",48.8532456,2.3640657,"Nice bar, good whiskey",https://www.google.com/maps?ftid=0x47e671ffaa10ef7d:0x2b98a01f163bffd1,0x47e671ffaa10ef7d:0x2b98a01f163bffd1,/g/11r8j0l6p,Zach J.,France,1a9PFoaE6QmGPm2JEsIX4DjQqMe7dQ,📍,place,visited,France,1a9PFoaE6QmGPm2JEsIX4DjQqMe7dQ,vibe,
Shinjuku Golden Gai,,35.6941118,139.70476109999998,"A classic, go in groups of two people",https://www.google.com/maps?ftid=0x60188cd96586b9af:0x71a5c0e1150c1a8f,0x60188cd96586b9af:0x71a5c0e1150c1a8f,,Zach J.,Japan Places,4MFKvfwkuooLXdFwzLh7bJlLOhg8-A,📍,place,visited,Japan Places,4MFKvfwkuooLXdFwzLh7bJlLOhg8-A,vibe,
Shirogane Blue Pond,,43.4934738,142.61421439999998,,https://www.google.com/maps?ftid=0x5f0ccc62de222a6f:0x4cd181f9f4b779e,0x5f0ccc62de222a6f:0x4cd181f9f4b779e,,Zach J.,Japan Places,4MFKvfwkuooLXdFwzLh7bJlLOhg8-A,📍,place,visited,Japan Places,4MFKvfwkuooLXdFwzLh7bJlLOhg8-A,vibe,
Shitennoji,,34.6544581,135.51652389999998,,https://www.google.com/maps?ftid=0x6000ddf83b3a5021:0xb6aa81c8bfad602d,0x6000ddf83b3a5021:0xb6aa81c8bfad602d,,Zach J.,Japan Places,4MFKvfwkuooLXdFwzLh7bJlLOhg8-A,📍,place,visited,Japan Places,4MFKvfwkuooLXdFwzLh7bJlLOhg8-A,vibe,
Shoes on the Danube Bank,"Budapest, Id. Antall József rkp., 1054 Hungary",47.503927399999995,19.0448015,,https://www.google.com/maps?ftid=0x4741dc16742d64df:0xf68e196cbecb6ad6,0x4741dc16742d64df:0xf68e196cbecb6ad6,/m/027vxfj,Zach J.,Hungary Places,1a46QBe0HWmKrjJYm4D9EROGYD6JOw,📍,place,visited,Hungary Places,1a46QBe0HWmKrjJYm4D9EROGYD6JOw,vibe,
Shoot Smart: Range. Training. Gunsmith,"9455 Benbrook Blvd, Benbrook, TX 76126, United States",32.669756299999996,-97.4712701,,https://www.google.com/maps?ftid=0x864e12849bb641c7:0xf0e3a900348dbbab,0x864e12849bb641c7:0xf0e3a900348dbbab,/g/11g8cxxf1l,Zach J.,Texas,1S_gekS-v4RZuZLaRNwLRkv_EUSNYw,📍,place,visited,Texas,1S_gekS-v4RZuZLaRNwLRkv_EUSNYw,vibe,
Short Creek,"Colorado City, AZ 84737, United States",37.0001783,-112.9666639,Pray and Obey FLDS cult,https://www.google.com/maps?ftid=0x80cb20154556a4c7:0x271405278853753a,0x80cb20154556a4c7:0x271405278853753a,/g/11cmc6g5xs,Zach J.,Utah Places,yxf29Fw1SnujpoH_zKcqAA,📍,place,visited,Utah Places,yxf29Fw1SnujpoH_zKcqAA,vibe,
Shosenkyo,,35.7454865,138.56763329999998,,https://www.google.com/maps?ftid=0x601c062da25452d7:0x2dbdb4d43540806,0x601c062da25452d7:0x2dbdb4d43540806,,Zach J.,Japan Places,4MFKvfwkuooLXdFwzLh7bJlLOhg8-A,📍,place,visited,Japan Places,4MFKvfwkuooLXdFwzLh7bJlLOhg8-A,vibe,
Sklep Muzyczny Supersound,"Krakowiaków 64A, 02-255 Warszawa, Poland",52.189447699999995,20.9416135,Music shop.,https://www.google.com/maps?ftid=0x471ecb1c4e902585:0x982663cd6097cb4d,0x471ecb1c4e902585:0x982663cd6097cb4d,/g/1pzrn_czv,Zach J.,Poland Places,rJiYI8AwTOeCZ372vYFwILDmTQWZ1w,📍,place,visited,Poland Places,rJiYI8AwTOeCZ372vYFwILDmTQWZ1w,vibe,
Skydive Interlaken: Helicopter Skydive,"Mittelweg 11, 3812 Wilderswil, Switzerland",46.6690001,7.8738199,,https://www.google.com/maps?ftid=0x478fa49b4e7b9281:0xbd06249df26260d8,0x478fa49b4e7b9281:0xbd06249df26260d8,/g/1tj2mcjd,Zach J.,Switzerland Places,OvARGjqcJqUpQGyHwNiftD3eqtby6g,📍,place,visited,Switzerland Places,OvARGjqcJqUpQGyHwNiftD3eqtby6g,vibe,
Smalls,,40.7343873,-74.002765,,https://www.google.com/maps?ftid=0x89c25994686b9ebb:0xa994b5b6ffd1279,0x89c25994686b9ebb:0xa994b5b6ffd1279,,Zach J.,"New York, New York",m7FS_hkzSJJEPgD5o0716tZ4PbE9XQ,📍,place,visited,"New York, New York",m7FS_hkzSJJEPgD5o0716tZ4PbE9XQ,vibe,
Smart Line Dry Cleaners,"54 Coram St, London WC1N 1HB, United Kingdom",51.5241299,-0.1261814,,https://www.google.com/maps?ftid=0x48761b30f53a927b:0x1e1ea97669099547,0x48761b30f53a927b:0x1e1ea97669099547,/g/1td5wn6s,Zach J.,London (The British One),Dc1pjbzURxS4lLc15TJmfg,📍,place,visited,London (The British One),Dc1pjbzURxS4lLc15TJmfg,vibe,
Snake Farm,"1871 Rama IV Rd, Pathum Wan, Bangkok 10330",13.7325556,100.5327805,,https://www.google.com/maps?ftid=0x30e29f2a5771e4c1:0x42464b1ca5e0a054,0x30e29f2a5771e4c1:0x42464b1ca5e0a054,/g/1pp2vgj6r,Zach J.,Thailand Places,8ZLYjtP28NdeHaxAFNWuqLewhbemIw,📍,place,visited,Thailand Places,8ZLYjtP28NdeHaxAFNWuqLewhbemIw,vibe,
Snakes & Lattes Annex,,43.6648086,-79.41319399999999,Board games and stuff.,https://www.google.com/maps?ftid=0x882b34926c21ef73:0x82c8b5ffa93f150e,0x882b34926c21ef73:0x82c8b5ffa93f150e,,Zach J.,Churono,_Goa88wVSLuG5ntawKc2cw,📍,place,visited,Churono,_Goa88wVSLuG5ntawKc2cw,vibe,
Sneaky Dee's,,43.656357799999995,-79.4074644,Get the nachos.,https://www.google.com/maps?ftid=0x0:0x1ed72ff031eed0bf,0x0:0x1ed72ff031eed0bf,,Zach J.,Churono,_Goa88wVSLuG5ntawKc2cw,📍,place,visited,Churono,_Goa88wVSLuG5ntawKc2cw,vibe,
Soi Cowboy,"Khlong Toei Nuea, Watthana, Bangkok 10110",13.737067399999999,100.56189859999999,"I'd let you watch, I would invite you, but the queens we use would not excite you.",https://www.google.com/maps?ftid=0x30e29ee33cfb207d:0x1380e8861e2db80a,0x30e29ee33cfb207d:0x1380e8861e2db80a,/m/03pzz3,Zach J.,Thailand Places,8ZLYjtP28NdeHaxAFNWuqLewhbemIw,📍,place,visited,Thailand Places,8ZLYjtP28NdeHaxAFNWuqLewhbemIw,vibe,
SOJO Esperanto-Vegana Kafejo,,35.7082726,139.7234251,"Esperanto cafe, very nice.",https://www.google.com/maps?ftid=0x60188d031a27cf61:0x58b6a563b638b938,0x60188d031a27cf61:0x58b6a563b638b938,,Zach J.,Japan Places,4MFKvfwkuooLXdFwzLh7bJlLOhg8-A,📍,place,visited,Japan Places,4MFKvfwkuooLXdFwzLh7bJlLOhg8-A,vibe,
Space Needle,"400 Broad St, Seattle, WA 98109, United States",47.620506299999995,-122.34927739999999,,https://www.google.com/maps?ftid=0x5490151f4ed5b7f9:0xdb2ba8689ed0920d,0x5490151f4ed5b7f9:0xdb2ba8689ed0920d,/m/01k7v7,Zach J.,Washington Places,WfdnMC3zRI3sfjHBnm_HrYeScehYSA,📍,place,visited,Washington Places,WfdnMC3zRI3sfjHBnm_HrYeScehYSA,vibe,
SPiN Toronto,,43.6444688,-79.3961022,,https://www.google.com/maps?ftid=0x0:0x6ef80c088444f733,0x0:0x6ef80c088444f733,,Zach J.,Churono,_Goa88wVSLuG5ntawKc2cw,📍,place,visited,Churono,_Goa88wVSLuG5ntawKc2cw,vibe,
Springbrunnen Aquaretum,"Mythenquai 9, 8002 Zürich, Switzerland",47.360445999999996,8.5376523,,https://www.google.com/maps?ftid=0x479009aa5ea21505:0x5daa004a65929548,0x479009aa5ea21505:0x5daa004a65929548,/g/11h1m5148_,Zach J.,Switzerland Places,OvARGjqcJqUpQGyHwNiftD3eqtby6g,📍,place,visited,Switzerland Places,OvARGjqcJqUpQGyHwNiftD3eqtby6g,vibe,
St Lawrence Hall,,43.6502784,-79.3719492,Market shots.,https://www.google.com/maps?ftid=0x89d4cb2fd79b7abb:0x93c78b8ac186b7dc,0x89d4cb2fd79b7abb:0x93c78b8ac186b7dc,,Zach J.,Toronto Photography,EBdYtSZKT2SzsVOBUpVjfw,📍,place,visited,Toronto Photography,EBdYtSZKT2SzsVOBUpVjfw,vibe,
Stanford Mansion,"800 N St, Sacramento, CA 95814, United States",38.576192,-121.4978541,,https://www.google.com/maps?ftid=0x809ad12f31db4601:0x8699a2f02b040df5,0x809ad12f31db4601:0x8699a2f02b040df5,/m/0809_m,Zach J.,California Places,aTaCY8tke-6jFT8XQ0SVYBXQZ4k60Q,📍,place,visited,California Places,aTaCY8tke-6jFT8XQ0SVYBXQZ4k60Q,vibe,
Starving Artist,"505 Mt Pleasant Rd, Toronto, ON M4S 1J9",43.7015022,-79.3872087,Nice brunch menu.,https://www.google.com/maps?ftid=0x882b33e765ddfce5:0xc191dbce9e417a90,0x882b33e765ddfce5:0xc191dbce9e417a90,/g/11c6lwxns4,Zach J.,Churono,_Goa88wVSLuG5ntawKc2cw,📍,place,visited,Churono,_Goa88wVSLuG5ntawKc2cw,vibe,
Sternwarte Wendelstein,,47.7036916,12.0122328,Lookout point.,https://www.google.com/maps?ftid=0x477623e8b64251df:0x7f43dc4b114a91,0x477623e8b64251df:0x7f43dc4b114a91,,Zach J.,Deutschland Places,_xr3THKc69o0Q1Jj4xw49b6So0Yt2Q,📍,place,visited,Deutschland Places,_xr3THKc69o0Q1Jj4xw49b6So0Yt2Q,vibe,
Strahov Library,"Strahovské nádvoří 132/1, 118 00 Praha 1-Hradčany, Czechia",50.0863503,14.3886968,,https://www.google.com/maps?ftid=0x470b951adf98a84d:0x65f9a5a5009242b3,0x470b951adf98a84d:0x65f9a5a5009242b3,/g/123dm13ld,Zach J.,Czech Republic Places,5Sbx3FnNAI1ouog5bO7G95yNPypkiA,📍,place,visited,Czech Republic Places,5Sbx3FnNAI1ouog5bO7G95yNPypkiA,vibe,
Strathcona Beer Company,"895 E Hastings St, Vancouver, BC V6A 1R8",49.281265,-123.0850619,Local brew,https://www.google.com/maps?ftid=0x5486716d24b212e5:0xaa170c01672b1309,0x5486716d24b212e5:0xaa170c01672b1309,/g/11c0rl1_6m,Zach J.,BC Places,J-HTPTrrRB2hdSQ_jx2gvA,📍,place,visited,BC Places,J-HTPTrrRB2hdSQ_jx2gvA,vibe,
Strawberry Fields,,40.7757544,-73.97520759999999,John Lemon,https://www.google.com/maps?ftid=0x89c258f82783a5d9:0xbd239d025aa7a850,0x89c258f82783a5d9:0xbd239d025aa7a850,,Zach J.,"New York, New York",m7FS_hkzSJJEPgD5o0716tZ4PbE9XQ,📍,place,visited,"New York, New York",m7FS_hkzSJJEPgD5o0716tZ4PbE9XQ,vibe,
Street Food Karavan Budapest,"Budapest, Kazinczy u. 20, 1075 Hungary",47.497152799999995,19.0630857,,https://www.google.com/maps?ftid=0x4741dc6818b83ef3:0x8a242f38f2f2d80e,0x4741dc6818b83ef3:0x8a242f38f2f2d80e,/g/11b6tz939t,Zach J.,Hungary Places,1a46QBe0HWmKrjJYm4D9EROGYD6JOw,📍,place,visited,Hungary Places,1a46QBe0HWmKrjJYm4D9EROGYD6JOw,vibe,
Stubbe's Haring,,52.3790853,4.8942331999999995,Traditional dutch herring. Eat it raw.,https://www.google.com/maps?ftid=0x47c609c626b091e5:0x23139fa27e5e62d3,0x47c609c626b091e5:0x23139fa27e5e62d3,,Zach J.,Netherlands Places,uUJAjJl3UL4Vb2neQptAbAc1dIoemQ,📍,place,visited,Netherlands Places,uUJAjJl3UL4Vb2neQptAbAc1dIoemQ,vibe,
Sumiyoshi Taisha,,34.6123945,135.4937612,,https://www.google.com/maps?ftid=0x6000e7bbc67c0001:0xa7f51dfe4d001f82,0x6000e7bbc67c0001:0xa7f51dfe4d001f82,,Zach J.,Japan Places,4MFKvfwkuooLXdFwzLh7bJlLOhg8-A,📍,place,visited,Japan Places,4MFKvfwkuooLXdFwzLh7bJlLOhg8-A,vibe,
Supersense,,48.2169248,16.3892417,,https://www.google.com/maps?ftid=0x476d0708be595959:0x3fb57b0aa6583adb,0x476d0708be595959:0x3fb57b0aa6583adb,,Zach J.,Austria-ish Places,JW6_PhOiwD9hqDmWcuJh6u67rjwIwA,📍,place,visited,Austria-ish Places,JW6_PhOiwD9hqDmWcuJh6u67rjwIwA,vibe,
Supreme Court of the United States,"1 First St NE, Washington, DC 20543, United States",38.8906424,-77.0044398,,https://www.google.com/maps?ftid=0x89b7b828d32c69bb:0xffb704728ee19592,0x89b7b828d32c69bb:0xffb704728ee19592,/m/07sz1,Zach J.,Washington DC Places | 'Murica Road Trip,LcNB3Ku1niTAsy0qH-HKT1v9d_odjw | D0K89-5vgjBHw6XsSCispo4wxNwsVA,📍,place,visited,Washington DC Places | 'Murica Road Trip,LcNB3Ku1niTAsy0qH-HKT1v9d_odjw | D0K89-5vgjBHw6XsSCispo4wxNwsVA,vibe,
Surf Riders Ericeira,"R. do Carmo 33 A, 2655-253 Ericeira, Portugal",38.9689347,-9.418987,,https://www.google.com/maps?ftid=0xd1f270f197f4805:0x61ce2a69b1f6818e,0xd1f270f197f4805:0x61ce2a69b1f6818e,/g/11c6dcnl2_,Zach J.,Portugal Places,PJetNvIfkAY8zDHfGEEQlDLG4G2qyg,📍,place,visited,Portugal Places,PJetNvIfkAY8zDHfGEEQlDLG4G2qyg,vibe,
Surgeons' Hall Museums,"Surgeons Hall Museums, Nicolson St, Edinburgh EH8 9DW, United Kingdom",55.9465812,-3.1852053,Don't go on a full stomach.,https://www.google.com/maps?ftid=0x4887c784231b81f9:0xdd38e56f5febdafc,0x4887c784231b81f9:0xdd38e56f5febdafc,/m/02q01v1,Zach J.,Land of Scots,nrpv0PI_5p-7UBIdU0S_VRRVZzdshQ,📍,place,visited,Land of Scots,nrpv0PI_5p-7UBIdU0S_VRRVZzdshQ,vibe,
Sushiro Shinjuku 3-chome,"Japan, 〒160-0022 Tokyo, Shinjuku City, Shinjuku, 3 Chome−13−3, Shinjuku Bunka Bldg, B1F",35.6918714,139.70573819999998,,https://www.google.com/maps?ftid=0x60188d1854cb866b:0xc1c3e507fea097de,0x60188d1854cb866b:0xc1c3e507fea097de,/g/11ncg9x7vy,Zach J.,Japan Places,4MFKvfwkuooLXdFwzLh7bJlLOhg8-A,📍,place,visited,Japan Places,4MFKvfwkuooLXdFwzLh7bJlLOhg8-A,vibe,
Swan Dive,,43.6497617,-79.4361291,,https://www.google.com/maps?ftid=0x882b3451fbbe4019:0xd03161c146cdbfd8,0x882b3451fbbe4019:0xd03161c146cdbfd8,,Zach J.,Churono,_Goa88wVSLuG5ntawKc2cw,📍,place,visited,Churono,_Goa88wVSLuG5ntawKc2cw,vibe,
Sweaty Betty's,"13 Ossington Ave, Toronto, ON M6J 2Y8, Canada",43.6445418,-79.418842,,https://www.google.com/maps?ftid=0x882b34fdc3192c3b:0xcffddd9efef6f8a,0x882b34fdc3192c3b:0xcffddd9efef6f8a,,Zach J.,Churono,_Goa88wVSLuG5ntawKc2cw,📍,place,visited,Churono,_Goa88wVSLuG5ntawKc2cw,vibe,
Swig,,40.2543018,-111.656437,Mormon Juice,https://www.google.com/maps?ftid=0x874d90a2f27aca23:0x897ad4ad4470de5f,0x874d90a2f27aca23:0x897ad4ad4470de5f,,Zach J.,Utah Places,yxf29Fw1SnujpoH_zKcqAA,📍,place,visited,Utah Places,yxf29Fw1SnujpoH_zKcqAA,vibe,
Swing 46 Jazz and Supper Club,,40.76065,-73.9897187,,https://www.google.com/maps?ftid=0x89c25853e4c09dd7:0xef5c4caa8f40647b,0x89c25853e4c09dd7:0xef5c4caa8f40647b,,Zach J.,"New York, New York",m7FS_hkzSJJEPgD5o0716tZ4PbE9XQ,📍,place,visited,"New York, New York",m7FS_hkzSJJEPgD5o0716tZ4PbE9XQ,vibe,
Szimpla Kert,"Budapest, Kazinczy u. 14, 1075 Hungary",47.4969648,19.063345899999998,,https://www.google.com/maps?ftid=0x4741dc42a0d20de5:0x267742d3fb311da4,0x4741dc42a0d20de5:0x267742d3fb311da4,/g/187cd6lb,Zach J.,Hungary Places,1a46QBe0HWmKrjJYm4D9EROGYD6JOw,📍,place,visited,Hungary Places,1a46QBe0HWmKrjJYm4D9EROGYD6JOw,vibe,
Söckchen Altstadtkneipe,"Markmannsgasse 13, 50667 Köln, Germany",50.936822199999995,6.9628176999999996,,https://www.google.com/maps?ftid=0x47bf25b148086867:0x6324f549fecba8cc,0x47bf25b148086867:0x6324f549fecba8cc,/g/1tdn36wv,Zach J.,Deutschland Places,_xr3THKc69o0Q1Jj4xw49b6So0Yt2Q,📍,place,visited,Deutschland Places,_xr3THKc69o0Q1Jj4xw49b6So0Yt2Q,vibe,
Tabayama rolling slide,,35.784763,138.9231625,"Neat slide, but really out of the way.",https://www.google.com/maps?ftid=0x60194c2bb07daf8f:0xedf216129b5ebd5e,0x60194c2bb07daf8f:0xedf216129b5ebd5e,,Zach J.,Japan Places,4MFKvfwkuooLXdFwzLh7bJlLOhg8-A,📍,place,visited,Japan Places,4MFKvfwkuooLXdFwzLh7bJlLOhg8-A,vibe,
TAITO STATION Shinjuku GameWorld,"3 Chome-35-8 Shinjuku, Shinjuku City, Tokyo 160-0022, Japan",35.68991,139.70225499999998,Play some games.,https://www.google.com/maps?ftid=0x60188cda8ebba8a5:0x257db037946e4afe,0x60188cda8ebba8a5:0x257db037946e4afe,/g/1tfz0320,Zach J.,Japan Places,4MFKvfwkuooLXdFwzLh7bJlLOhg8-A,📍,place,visited,Japan Places,4MFKvfwkuooLXdFwzLh7bJlLOhg8-A,vibe,
Takarajima 24 Shibuyanishiguchiten,,35.656828,139.70032899999998,,https://www.google.com/maps?ftid=0x60188b57718421ed:0xa76b25d9dad399a8,0x60188b57718421ed:0xa76b25d9dad399a8,,Zach J.,Japan Places,4MFKvfwkuooLXdFwzLh7bJlLOhg8-A,📍,place,visited,Japan Places,4MFKvfwkuooLXdFwzLh7bJlLOhg8-A,vibe,
Talstation Kitzsteinhorn,,47.2295193,12.7261563,,https://www.google.com/maps?ftid=0x477705499f11d593:0xb74dc13753f00118,0x477705499f11d593:0xb74dc13753f00118,,Zach J.,Austria-ish Places,JW6_PhOiwD9hqDmWcuJh6u67rjwIwA,📍,place,visited,Austria-ish Places,JW6_PhOiwD9hqDmWcuJh6u67rjwIwA,vibe,
Tarihi Çeşme,"Balat, Sancaktar Ykş. No:11, 34087 Fatih/İstanbul, Turkey",41.0297415,28.949911,,https://www.google.com/maps?ftid=0x14caba1cd5f1bf43:0xf4f43c9d90bf6bf5,0x14caba1cd5f1bf43:0xf4f43c9d90bf6bf5,/g/11dxr0tkq6,Zach J.,Istanbul,T9mlMxDchiknHm63Z7-uttmXeOMrzg,📍,place,visited,Istanbul,T9mlMxDchiknHm63Z7-uttmXeOMrzg,vibe,
Tate Modern,"Bankside, London SE1 9TG, United Kingdom",51.5075953,-0.0993564,Okay art,https://www.google.com/maps?ftid=0x487604a931761995:0x1ffc6f23e06b9be7,0x487604a931761995:0x1ffc6f23e06b9be7,/m/07nb5,Zach J.,London (The British One),Dc1pjbzURxS4lLc15TJmfg,📍,place,visited,London (The British One),Dc1pjbzURxS4lLc15TJmfg,vibe,
teamLab Borderless,,35.6620689,139.7432671,,https://www.google.com/maps?ftid=0x601889fad49a9443:0x5831aba3288d2651,0x601889fad49a9443:0x5831aba3288d2651,,Zach J.,Japan Places,4MFKvfwkuooLXdFwzLh7bJlLOhg8-A,📍,place,visited,Japan Places,4MFKvfwkuooLXdFwzLh7bJlLOhg8-A,vibe,
Teeling Whiskey Distillery,"13-17 Newmarket, The Liberties, Dublin 8, D08 KD91, Ireland",53.337850499999995,-6.2771840999999995,,https://www.google.com/maps?ftid=0x48670fa7e35040d1:0xdd5e9538709b5de6,0x48670fa7e35040d1:0xdd5e9538709b5de6,/g/11cn6bq5l8,Zach J.,Ireland,PZ1939FGYznLJLfbw23DtttFpkZvgg,📍,place,visited,Ireland,PZ1939FGYznLJLfbw23DtttFpkZvgg,vibe,
Teens of Thailand,"76 ซ. นานา Khwaeng Pom Prap, Khet Pom Prap Sattru Phai, Krung Thep Maha Nakhon 10100",13.7399358,100.5139949,,https://www.google.com/maps?ftid=0x30e29926be6c2047:0x1284b4ea344fbf8f,0x30e29926be6c2047:0x1284b4ea344fbf8f,/g/11btwv9skb,Zach J.,Thailand Places,8ZLYjtP28NdeHaxAFNWuqLewhbemIw,📍,place,visited,Thailand Places,8ZLYjtP28NdeHaxAFNWuqLewhbemIw,vibe,
Tejo Power Station,"Av. Brasília, 1300-598 Lisboa, Portugal",38.695667799999995,-9.1953114,,https://www.google.com/maps?ftid=0xd1ecb4e7d891069:0x156e2dabbb5ea454,0xd1ecb4e7d891069:0x156e2dabbb5ea454,/m/0gff5dg,Zach J.,Portugal Places,PJetNvIfkAY8zDHfGEEQlDLG4G2qyg,📍,place,visited,Portugal Places,PJetNvIfkAY8zDHfGEEQlDLG4G2qyg,vibe,
Tempelhofer Feld,,52.4748569,13.4005926,Former airport turned into a massive park.,https://www.google.com/maps?ftid=0x47a84fe8f7d899eb:0x88898e99acbb718b,0x47a84fe8f7d899eb:0x88898e99acbb718b,,Zach J.,Deutschland Places,_xr3THKc69o0Q1Jj4xw49b6So0Yt2Q,📍,place,visited,Deutschland Places,_xr3THKc69o0Q1Jj4xw49b6So0Yt2Q,vibe,
Texas Street,"207 Jungang-daero, Dong-gu, Busan",35.1153337,129.0389956,,https://www.google.com/maps?ftid=0x3568ebd8006dbde7:0x417b426c1319a29b,0x3568ebd8006dbde7:0x417b426c1319a29b,/g/11cmcfw_fz,Zach J.,South Korea Places,eq-jX2C0L9Am26jRVNLfIlkd0WnWLw,📍,place,visited,South Korea Places,eq-jX2C0L9Am26jRVNLfIlkd0WnWLw,vibe,
Thanon Khao San,"Talat Yot, Phra Nakhon, Bangkok 10200",13.7589206,100.4972578,Circus,https://www.google.com/maps?ftid=0x30e29912cab71d0d:0x40b71c7b0079a776,0x30e29912cab71d0d:0x40b71c7b0079a776,/m/03300t,Zach J.,Thailand Places,8ZLYjtP28NdeHaxAFNWuqLewhbemIw,📍,place,visited,Thailand Places,8ZLYjtP28NdeHaxAFNWuqLewhbemIw,vibe,
Thanon Phat Phong,"Bang Rak, Bangkok 10500",13.7288752,100.5317455,,https://www.google.com/maps?ftid=0x30e29f2b693c34f3:0xda4a73e81560cd40,0x30e29f2b693c34f3:0xda4a73e81560cd40,/m/011j_v,Zach J.,Thailand Places,8ZLYjtP28NdeHaxAFNWuqLewhbemIw,📍,place,visited,Thailand Places,8ZLYjtP28NdeHaxAFNWuqLewhbemIw,vibe,
Thanos Rotisserie-Θάνος Ψησταριά,"Agias Zonis 23a, Limassol 3027, Cyprus",34.683240999999995,33.0439108,"Cheap lunch, very good.",https://www.google.com/maps?ftid=0x14e7330fcb9ad14d:0x18e50483a4f43036,0x14e7330fcb9ad14d:0x18e50483a4f43036,/g/11bxg2t7k7,Zach J.,Cyprus Places,op1yFHMtopjnsWL6BEbTl-cVqS5sDg,📍,place,visited,Cyprus Places,op1yFHMtopjnsWL6BEbTl-cVqS5sDg,vibe,
The 3 Speed,,43.6592159,-79.4379981,,https://www.google.com/maps?ftid=0x0:0x2b12bf5713112579,0x0:0x2b12bf5713112579,,Zach J.,Churono,_Goa88wVSLuG5ntawKc2cw,📍,place,visited,Churono,_Goa88wVSLuG5ntawKc2cw,vibe,
The Abbot on Eglinton,,43.7037434,-79.413487,,https://www.google.com/maps?ftid=0x882b33120f8c3191:0x4b3873ba44ed7710,0x882b33120f8c3191:0x4b3873ba44ed7710,,Zach J.,Churono,_Goa88wVSLuG5ntawKc2cw,📍,place,visited,Churono,_Goa88wVSLuG5ntawKc2cw,vibe,
The Adam & Eve,,51.5488474,-0.040389299999999996,Home of the L shaped pool table.,https://www.google.com/maps?ftid=0x48761d048688385b:0x26e12202e88ab03b,0x48761d048688385b:0x26e12202e88ab03b,,Zach J.,London (The British One),Dc1pjbzURxS4lLc15TJmfg,📍,place,visited,London (The British One),Dc1pjbzURxS4lLc15TJmfg,vibe,
The American,"926 Main St, Vancouver, BC V6A 2W1, Canada",49.2762792,-123.0996041,,https://www.google.com/maps?ftid=0x548671650c720d51:0xa29a73ad65059557,0x548671650c720d51:0xa29a73ad65059557,,Zach J.,BC Places,J-HTPTrrRB2hdSQ_jx2gvA,📍,place,visited,BC Places,J-HTPTrrRB2hdSQ_jx2gvA,vibe,
"The Antelope, Belgravia","22 Eaton Terrace, London SW1W 8EZ, United Kingdom",51.4939928,-0.15541939999999999,Pub Crawl #7,https://www.google.com/maps?ftid=0x4876053d815c6c5b:0x22301014b5c52fe8,0x4876053d815c6c5b:0x22301014b5c52fe8,/m/051tdx2,Zach J.,London (The British One),Dc1pjbzURxS4lLc15TJmfg,📍,place,visited,London (The British One),Dc1pjbzURxS4lLc15TJmfg,vibe,
The Back Room,"102 Norfolk St, New York, NY 10002, United States",40.718776999999996,-73.9870648,"""Lower East Side Toy Company"", follow down to the end. Password may be enforced. If so, say a friend invited you casually to get in.",https://www.google.com/maps?ftid=0x89c259811e7d8d9d:0xac44d532c045cf7e,0x89c259811e7d8d9d:0xac44d532c045cf7e,/g/1tcv_b8h,Zach J.,"New York, New York",m7FS_hkzSJJEPgD5o0716tZ4PbE9XQ,📍,place,visited,"New York, New York",m7FS_hkzSJJEPgD5o0716tZ4PbE9XQ,vibe,
The Book of Kells,"The University of Dublin Trinity College, College Green, Dublin, Ireland",53.343888,-6.256755399999999,Famous library for IG.,https://www.google.com/maps?ftid=0x48670e9b2dc78edd:0x50c31b465d3f4fa4,0x48670e9b2dc78edd:0x50c31b465d3f4fa4,/g/1pxy1d06v,Zach J.,Ireland,PZ1939FGYznLJLfbw23DtttFpkZvgg,📍,place,visited,Ireland,PZ1939FGYznLJLfbw23DtttFpkZvgg,vibe,
The British Library,,51.5299717,-0.12767589999999998,,https://www.google.com/maps?ftid=0x48761b3b70171395:0x18905479de0fdb25,0x48761b3b70171395:0x18905479de0fdb25,,Zach J.,London (The British One),Dc1pjbzURxS4lLc15TJmfg,📍,place,visited,London (The British One),Dc1pjbzURxS4lLc15TJmfg,vibe,
The Burgernator,"269 Augusta Ave, Toronto, ON M5T 2M1",43.6556218,-79.4023186,Burgers,https://www.google.com/maps?ftid=0x882b34c203052fa7:0x8ee7f116b0617bae,0x882b34c203052fa7:0x8ee7f116b0617bae,/g/1hhw7ttrl,Zach J.,Churono,_Goa88wVSLuG5ntawKc2cw,📍,place,visited,Churono,_Goa88wVSLuG5ntawKc2cw,vibe,
The Caledonian,,43.6543068,-79.42355959999999,Whiskey Bar,https://www.google.com/maps?ftid=0x882b34f7bdb8d7cb:0x38d6ae0a74575138,0x882b34f7bdb8d7cb:0x38d6ae0a74575138,,Zach J.,Churono,_Goa88wVSLuG5ntawKc2cw,📍,place,visited,Churono,_Goa88wVSLuG5ntawKc2cw,vibe,
The Cameron House,,43.648634699999995,-79.39755679999999,Live music bar on Queen,https://www.google.com/maps?ftid=0x882b34dc838caa77:0x4558bed57d3ab424,0x882b34dc838caa77:0x4558bed57d3ab424,,Zach J.,Churono,_Goa88wVSLuG5ntawKc2cw,📍,place,visited,Churono,_Goa88wVSLuG5ntawKc2cw,vibe,
The Campbell,"15 Vanderbilt Ave, New York, NY 10017, United States",40.752606,-73.97781499999999,1920s bar - expensive.,https://www.google.com/maps?ftid=0x89c2590189300cbd:0xb94e6b9642523640,0x89c2590189300cbd:0xb94e6b9642523640,/m/02pvztg,Zach J.,"New York, New York",m7FS_hkzSJJEPgD5o0716tZ4PbE9XQ,📍,place,visited,"New York, New York",m7FS_hkzSJJEPgD5o0716tZ4PbE9XQ,vibe,
The Castro Camera and the Harvey Milk Residence,"573 Castro St, San Francisco, CA 94114, United States",37.759774,-122.434607,,https://www.google.com/maps?ftid=0x808f7f1290f49845:0x34c8195aff58fcf5,0x808f7f1290f49845:0x34c8195aff58fcf5,/g/11kxkmbc0r,Zach J.,California Places,aTaCY8tke-6jFT8XQ0SVYBXQZ4k60Q,📍,place,visited,California Places,aTaCY8tke-6jFT8XQ0SVYBXQZ4k60Q,vibe,
The Commodore DC,"1636 17th St NW, Washington, DC 20009, United States",38.9123339,-77.038688,,https://www.google.com/maps?ftid=0x89b7b72764b0091f:0xdf139ab699bcab59,0x89b7b72764b0091f:0xdf139ab699bcab59,/g/11r95wfxc3,Zach J.,Washington DC Places,LcNB3Ku1niTAsy0qH-HKT1v9d_odjw,📍,place,visited,Washington DC Places,LcNB3Ku1niTAsy0qH-HKT1v9d_odjw,vibe,
The Dirty Bird Chicken + Waffles,"79 Kensington Ave, Toronto, ON M5T 2K2",43.6546698,-79.4005617,Chicken sammies,https://www.google.com/maps?ftid=0x882b34c236f34cc5:0xf4cceee59ba0711d,0x882b34c236f34cc5:0xf4cceee59ba0711d,/g/11b77qrmcs,Zach J.,Churono,_Goa88wVSLuG5ntawKc2cw,📍,place,visited,Churono,_Goa88wVSLuG5ntawKc2cw,vibe,
The Eagle's Nest,,47.6114199,13.0420885,Hitler's mountain cottage.,https://www.google.com/maps?ftid=0x4776eb69a0839185:0xee0ed7dfba05b0ab,0x4776eb69a0839185:0xee0ed7dfba05b0ab,,Zach J.,Austria-ish Places,JW6_PhOiwD9hqDmWcuJh6u67rjwIwA,📍,place,visited,Austria-ish Places,JW6_PhOiwD9hqDmWcuJh6u67rjwIwA,vibe,
The Ellis Building,"1024 Main St, Vancouver, BC V6A 2W1",49.275273299999995,-123.09953619999999,"Secret Arcade. 

https://www.instagram.com/secret.arcade",https://www.google.com/maps?ftid=0x548671fca9d25895:0x4a058996f7b1ece2,0x548671fca9d25895:0x4a058996f7b1ece2,/g/11ffrb35gm,Zach J.,BC Places,J-HTPTrrRB2hdSQ_jx2gvA,📍,place,visited,BC Places,J-HTPTrrRB2hdSQ_jx2gvA,vibe,
The Felix,"138 Mason St, San Francisco, CA 94102, United States",37.7848263,-122.40930209999999,,https://www.google.com/maps?ftid=0x8085814d1edd8cb9:0x186cbbb980e28330,0x8085814d1edd8cb9:0x186cbbb980e28330,/g/11stnw52p6,Zach J.,California Places,aTaCY8tke-6jFT8XQ0SVYBXQZ4k60Q,📍,place,visited,California Places,aTaCY8tke-6jFT8XQ0SVYBXQZ4k60Q,vibe,
The Flamingo House Social Club,"2315 K St, Sacramento, CA 95816, United States",38.5745387,-121.47571669999999,,https://www.google.com/maps?ftid=0x809ad0c3b896a7cd:0x2d5161814bf22427,0x809ad0c3b896a7cd:0x2d5161814bf22427,/g/11dxm6c0zc,Zach J.,California Places,aTaCY8tke-6jFT8XQ0SVYBXQZ4k60Q,📍,place,visited,California Places,aTaCY8tke-6jFT8XQ0SVYBXQZ4k60Q,vibe,
The Fox & Hounds,"Fox & Hounds, 29 Passmore St, London SW1W 8HR, United Kingdom",51.491106099999996,-0.1548677,Pub Crawl #9 - Finish,https://www.google.com/maps?ftid=0x4876051707dbdfb9:0xbc22e77072eeee4a,0x4876051707dbdfb9:0xbc22e77072eeee4a,/m/051tr7x,Zach J.,London (The British One),Dc1pjbzURxS4lLc15TJmfg,📍,place,visited,London (The British One),Dc1pjbzURxS4lLc15TJmfg,vibe,
The Getty,"1200 Getty Center Dr, Los Angeles, CA 90049, United States",34.0773438,-118.4732648,,https://www.google.com/maps?ftid=0x80c2bcd74227366f:0xda784a5a15aaaa25,0x80c2bcd74227366f:0xda784a5a15aaaa25,,Zach J.,California Places,aTaCY8tke-6jFT8XQ0SVYBXQZ4k60Q,📍,place,visited,California Places,aTaCY8tke-6jFT8XQ0SVYBXQZ4k60Q,vibe,
The Grassy Knoll,"411 Elm St, Dallas, TX 75202, United States",32.7792276,-96.8088392,,https://www.google.com/maps?ftid=0x864e9915d0f31143:0x9e6b32dac4916613,0x864e9915d0f31143:0x9e6b32dac4916613,/g/11gd178wzp,Zach J.,Texas,1S_gekS-v4RZuZLaRNwLRkv_EUSNYw,📍,place,visited,Texas,1S_gekS-v4RZuZLaRNwLRkv_EUSNYw,vibe,
The Grenadier,"18 Wilton Row, London SW1X 7NR, United Kingdom",51.5014477,-0.1548815,Pub crawl #2,https://www.google.com/maps?ftid=0x4876053b1b1d15bd:0xbd75c6e91cfcc68c,0x4876053b1b1d15bd:0xbd75c6e91cfcc68c,/m/0lpxp1w,Zach J.,London (The British One),Dc1pjbzURxS4lLc15TJmfg,📍,place,visited,London (The British One),Dc1pjbzURxS4lLc15TJmfg,vibe,
The Grotto,"8840 NE Skidmore St, Portland, OR 97220, United States",45.553215099999996,-122.5735354,"Historical rock, idk.",https://www.google.com/maps?ftid=0x5495a1512597471d:0xc2157262de9214aa,0x5495a1512597471d:0xc2157262de9214aa,/m/04vkn3,Zach J.,O-re-going Places,uPOFXqj2oXs8EjysOzM2PTCFTrpdog,📍,place,visited,O-re-going Places,uPOFXqj2oXs8EjysOzM2PTCFTrpdog,vibe,
The Gum Wall,"1428 Post Alley, Seattle, WA 98101, United States",47.6083607,-122.34033819999999,,https://www.google.com/maps?ftid=0x54906ab259528c69:0x2034aac2267a1e23,0x54906ab259528c69:0x2034aac2267a1e23,/m/076t424,Zach J.,Washington Places,WfdnMC3zRI3sfjHBnm_HrYeScehYSA,📍,place,visited,Washington Places,WfdnMC3zRI3sfjHBnm_HrYeScehYSA,vibe,
The Hideout,"1005 Boren Ave, Seattle, WA 98104, United States",47.6094917,-122.3255583,,https://www.google.com/maps?ftid=0x54906ac9e1461809:0x4f58e1b6df121e2,0x54906ac9e1461809:0x4f58e1b6df121e2,/g/1vn1870m,Zach J.,Washington Places,WfdnMC3zRI3sfjHBnm_HrYeScehYSA,📍,place,visited,Washington Places,WfdnMC3zRI3sfjHBnm_HrYeScehYSA,vibe,
The High Line,,40.747992499999995,-74.0047649,Old railway line turned public walking space.,https://www.google.com/maps?ftid=0x89c259c7840fb4e5:0x583f615c850a3c91,0x89c259c7840fb4e5:0x583f615c850a3c91,,Zach J.,"New York, New York",m7FS_hkzSJJEPgD5o0716tZ4PbE9XQ,📍,place,visited,"New York, New York",m7FS_hkzSJJEPgD5o0716tZ4PbE9XQ,vibe,
The Hogback,"UT-12, Boulder, UT 84716, United States",37.8395849,-111.42141939999999,,https://www.google.com/maps?ftid=0x8735f2595fcfbcb9:0x7173b6d157248914,0x8735f2595fcfbcb9:0x7173b6d157248914,/g/1thx4jdf,Zach J.,Utah Places,yxf29Fw1SnujpoH_zKcqAA,📍,place,visited,Utah Places,yxf29Fw1SnujpoH_zKcqAA,vibe,
The Lemon Grove,"165 S Jackson St, Seattle, WA 98104, United States",47.599108799999996,-122.33219989999999,,https://www.google.com/maps?ftid=0x54906bed807db621:0xb500393c4d1e785a,0x54906bed807db621:0xb500393c4d1e785a,/g/11v0wbf04q,Zach J.,Washington Places,WfdnMC3zRI3sfjHBnm_HrYeScehYSA,📍,place,visited,Washington Places,WfdnMC3zRI3sfjHBnm_HrYeScehYSA,vibe,
The Lido,"518 E Broadway, Vancouver, BC V5T 1X5",49.2623155,-123.09246689999999,,https://www.google.com/maps?ftid=0x54867159184c6c23:0xe9141a1986efc728,0x54867159184c6c23:0xe9141a1986efc728,/g/11bbt6xgtz,Zach J.,BC Places,J-HTPTrrRB2hdSQ_jx2gvA,📍,place,visited,BC Places,J-HTPTrrRB2hdSQ_jx2gvA,vibe,
The Ludwik Zamenhof Centre,"Warszawska 19, 15-062 Białystok, Poland",53.133607399999995,23.1698131,Esperanto museum.,https://www.google.com/maps?ftid=0x471ffc1da0897e97:0xa3b8ebe2311302bc,0x471ffc1da0897e97:0xa3b8ebe2311302bc,/m/0gwz9mh,Zach J.,Poland Places,rJiYI8AwTOeCZ372vYFwILDmTQWZ1w,📍,place,visited,Poland Places,rJiYI8AwTOeCZ372vYFwILDmTQWZ1w,vibe,
The Mall and Literary Walk,"The Mall, New York, NY 10022, United States",40.7723522,-73.9715901,,https://www.google.com/maps?ftid=0x89c258f2a6a5c4c5:0xfe05635ba712c32d,0x89c258f2a6a5c4c5:0xfe05635ba712c32d,/g/11bwpyypst,Zach J.,"New York, New York",m7FS_hkzSJJEPgD5o0716tZ4PbE9XQ,📍,place,visited,"New York, New York",m7FS_hkzSJJEPgD5o0716tZ4PbE9XQ,vibe,
The Merchandise Mart,,41.888409599999996,-87.63544979999999,,https://www.google.com/maps?ftid=0x880e2cb6e328686d:0x43f86a8214e286bb,0x880e2cb6e328686d:0x43f86a8214e286bb,,Zach J.,Illinois Places,jvmK2Q-VUEhCXxu8GrJbdro33fvGTw,📍,place,visited,Illinois Places,jvmK2Q-VUEhCXxu8GrJbdro33fvGTw,vibe,
The Monkey's Paw,"1067 Bloor St W, Toronto, ON M6H 3B9",43.6603396,-79.43268669999999,,https://www.google.com/maps?ftid=0x882b34f8c293a5c1:0x48dadf868b0a694e,0x882b34f8c293a5c1:0x48dadf868b0a694e,/g/1q5bm9c0j,Zach J.,Churono,_Goa88wVSLuG5ntawKc2cw,📍,place,visited,Churono,_Goa88wVSLuG5ntawKc2cw,vibe,
The Montagu Pyke - JD Wetherspoon,"105-107 Charing Cross Rd, London WC2H 0DT, United Kingdom",51.5140877,-0.1297351,,https://www.google.com/maps?ftid=0x487604d2b8d03ca1:0x32a7e36f40aac955,0x487604d2b8d03ca1:0x32a7e36f40aac955,/g/1ym82wxny,Zach J.,London (The British One),Dc1pjbzURxS4lLc15TJmfg,📍,place,visited,London (The British One),Dc1pjbzURxS4lLc15TJmfg,vibe,
The Nags Head,"53 Kinnerton St, London SW1X 8ED, United Kingdom",51.5011252,-0.156908,"Pub Crawl #4 - if served by a man, pay cash. They will over charge if by card.",https://www.google.com/maps?ftid=0x4876053bc9d4d5ef:0xa1c10c94ecb9e8f,0x4876053bc9d4d5ef:0xa1c10c94ecb9e8f,/g/1tslj5x5,Zach J.,London (The British One),Dc1pjbzURxS4lLc15TJmfg,📍,place,visited,London (The British One),Dc1pjbzURxS4lLc15TJmfg,vibe,
The narrowest street of Prague,"U Lužického semináře, 118 00 Malá Strana, Czechia",50.0879129,14.409581099999999,,https://www.google.com/maps?ftid=0x470b94e6a665d8ff:0xbd7139b476a52a17,0x470b94e6a665d8ff:0xbd7139b476a52a17,/g/11cmgpv___,Zach J.,Czech Republic Places,5Sbx3FnNAI1ouog5bO7G95yNPypkiA,📍,place,visited,Czech Republic Places,5Sbx3FnNAI1ouog5bO7G95yNPypkiA,vibe,
The New York Earth Room,"141 Wooster St, New York, NY 10012, United States",40.726038599999995,-73.9999441,,https://www.google.com/maps?ftid=0x89c2598e65625a35:0x89b6370814af0fbd,0x89c2598e65625a35:0x89b6370814af0fbd,/m/0xn8g75,Zach J.,"New York, New York",m7FS_hkzSJJEPgD5o0716tZ4PbE9XQ,📍,place,visited,"New York, New York",m7FS_hkzSJJEPgD5o0716tZ4PbE9XQ,vibe,
The Only on Davie,"1283 Davie St, Vancouver, BC V6E 1N4",49.2826308,-123.13448509999999,,https://www.google.com/maps?ftid=0x548673834ca063e3:0x77566f4068156f7c,0x548673834ca063e3:0x77566f4068156f7c,/g/11l2yxtwxx,Zach J.,BC Places,J-HTPTrrRB2hdSQ_jx2gvA,📍,place,visited,BC Places,J-HTPTrrRB2hdSQ_jx2gvA,vibe,
The Outsider,"894 Geary St, San Francisco, CA 94109, United States",37.7862358,-122.4180004,,https://www.google.com/maps?ftid=0x808580914e1d94b5:0xccf6606ad92ede8a,0x808580914e1d94b5:0xccf6606ad92ede8a,/g/1vvyy9fm,Zach J.,California Places,aTaCY8tke-6jFT8XQ0SVYBXQZ4k60Q,📍,place,visited,California Places,aTaCY8tke-6jFT8XQ0SVYBXQZ4k60Q,vibe,
The Painted Ladies,"San Francisco, CA 94117, United States",37.7762528,-122.4327556,,https://www.google.com/maps?ftid=0x808580a524767fb9:0x8421d0c06f9e59c5,0x808580a524767fb9:0x8421d0c06f9e59c5,/m/03yvm4,Zach J.,California Places,aTaCY8tke-6jFT8XQ0SVYBXQZ4k60Q,📍,place,visited,California Places,aTaCY8tke-6jFT8XQ0SVYBXQZ4k60Q,vibe,
The Queen & Beaver Public House,"35 Elm St, Toronto, ON M5G 1H1",43.657394599999996,-79.3833902,,https://www.google.com/maps?ftid=0x882b34ca5faa9181:0x1fa95a74ff0477d7,0x882b34ca5faa9181:0x1fa95a74ff0477d7,/g/1tf36lh0,Zach J.,Churono,_Goa88wVSLuG5ntawKc2cw,📍,place,visited,Churono,_Goa88wVSLuG5ntawKc2cw,vibe,
The Reagan Ranch Center - Young America's Foundation,"217 State St I, Santa Barbara, CA 93101, United States",34.4143693,-119.69238759999999,,https://www.google.com/maps?ftid=0x80e9138910c1e035:0x710d124b94f7f95e,0x80e9138910c1e035:0x710d124b94f7f95e,/g/1tf9yqwg,Zach J.,California Places,aTaCY8tke-6jFT8XQ0SVYBXQZ4k60Q,📍,place,visited,California Places,aTaCY8tke-6jFT8XQ0SVYBXQZ4k60Q,vibe,
The Savoy Tivoli,"1434 Grant Ave, San Francisco, CA 94133, United States",37.800271099999996,-122.4074467,Live music.,https://www.google.com/maps?ftid=0x808580f14e7bbc2b:0xbdf38abec527f41e,0x808580f14e7bbc2b:0xbdf38abec527f41e,/g/1tm694pp,Zach J.,California Places,aTaCY8tke-6jFT8XQ0SVYBXQZ4k60Q,📍,place,visited,California Places,aTaCY8tke-6jFT8XQ0SVYBXQZ4k60Q,vibe,
The Scotch Whisky Experience,"354 Castlehill, Edinburgh EH1 2NE, United Kingdom",55.9487452,-3.1958982,,https://www.google.com/maps?ftid=0x4887c79a5d9babff:0x57bd24a1320bb51,0x4887c79a5d9babff:0x57bd24a1320bb51,/m/0dkl3v,Zach J.,Land of Scots,nrpv0PI_5p-7UBIdU0S_VRRVZzdshQ,📍,place,visited,Land of Scots,nrpv0PI_5p-7UBIdU0S_VRRVZzdshQ,vibe,
The Shard,,51.5045,-0.0865,,https://www.google.com/maps?ftid=0x4876035a0a9271d3:0xbdf26ba73efb7b,0x4876035a0a9271d3:0xbdf26ba73efb7b,,Zach J.,London (The British One),Dc1pjbzURxS4lLc15TJmfg,📍,place,visited,London (The British One),Dc1pjbzURxS4lLc15TJmfg,vibe,
The Shipyards,"125 Victory Ship Way, North Vancouver, BC V7L 0B3",49.310049899999996,-123.07904119999999,,https://www.google.com/maps?ftid=0x5486704d2392bbb5:0x1fd7731462b9e2fc,0x5486704d2392bbb5:0x1fd7731462b9e2fc,/g/11f54cd9lg,Zach J.,BC Places,J-HTPTrrRB2hdSQ_jx2gvA,📍,place,visited,BC Places,J-HTPTrrRB2hdSQ_jx2gvA,vibe,
The Singing Oak,"New Orleans, LA 70119, United States",29.9858767,-90.09021539999999,,https://www.google.com/maps?ftid=0x8620af433470c817:0xec97d8ef9dc5a4d6,0x8620af433470c817:0xec97d8ef9dc5a4d6,/g/11bzyvh79r,Zach J.,'Murica Road Trip,D0K89-5vgjBHw6XsSCispo4wxNwsVA,📍,place,visited,'Murica Road Trip,D0K89-5vgjBHw6XsSCispo4wxNwsVA,vibe,
The Spire,"O'Connell Street Upper, North City, Dublin, Ireland",53.349824999999996,-6.2602557,Weird pole thing.,https://www.google.com/maps?ftid=0x48670e843ebdec4d:0x7f2ea0ee1d1b678a,0x48670e843ebdec4d:0x7f2ea0ee1d1b678a,/m/016lq9,Zach J.,Ireland,PZ1939FGYznLJLfbw23DtttFpkZvgg,📍,place,visited,Ireland,PZ1939FGYznLJLfbw23DtttFpkZvgg,vibe,
The Third Tunnel,"산167-1 Jeomwon-ri, Gunnae-myeon, Paju-si, Gyeonggi-do",37.916653,126.6982609,,https://www.google.com/maps?ftid=0x357cf3f5e5ef704b:0x698d9c841047718f,0x357cf3f5e5ef704b:0x698d9c841047718f,/g/11rz2px_d2,Zach J.,South Korea Places,eq-jX2C0L9Am26jRVNLfIlkd0WnWLw,📍,place,visited,South Korea Places,eq-jX2C0L9Am26jRVNLfIlkd0WnWLw,vibe,
The Wilton Arms,"71 Kinnerton St, London SW1X 8ED, United Kingdom",51.501570099999995,-0.157058,Pub Crawl #3,https://www.google.com/maps?ftid=0x4876053bb5843a35:0x623c0dc1bbf52912,0x4876053bb5843a35:0x623c0dc1bbf52912,/m/010hmpj9,Zach J.,London (The British One),Dc1pjbzURxS4lLc15TJmfg,📍,place,visited,London (The British One),Dc1pjbzURxS4lLc15TJmfg,vibe,
The World's Tallest Thermometer,"72157 Baker Blvd, Baker, CA 92309, United States",35.266490499999996,-116.07279279999999,,https://www.google.com/maps?ftid=0x80c5bdc76d856779:0xe32583065dc60d97,0x80c5bdc76d856779:0xe32583065dc60d97,/m/09m330,Zach J.,California Places,aTaCY8tke-6jFT8XQ0SVYBXQZ4k60Q,📍,place,visited,California Places,aTaCY8tke-6jFT8XQ0SVYBXQZ4k60Q,vibe,
Therme Euskirchen,"Thermenallee 1, 53879 Euskirchen, Germany",50.666999499999996,6.8024233,,https://www.google.com/maps?ftid=0x47bf1014c707d7f9:0xeba0b0b014c2cc05,0x47bf1014c707d7f9:0xeba0b0b014c2cc05,/g/11b6d0lzyx,Zach J.,Deutschland Places,_xr3THKc69o0Q1Jj4xw49b6So0Yt2Q,📍,place,visited,Deutschland Places,_xr3THKc69o0Q1Jj4xw49b6So0Yt2Q,vibe,
Tiffany & Co. - The Landmark,"727 5th Ave, New York, NY 10022, United States",40.7626931,-73.9739144,,https://www.google.com/maps?ftid=0x89c259a41af6258f:0x22b90f6a701de84f,0x89c259a41af6258f:0x22b90f6a701de84f,/g/1261n8jq7,Zach J.,"New York, New York",m7FS_hkzSJJEPgD5o0716tZ4PbE9XQ,📍,place,visited,"New York, New York",m7FS_hkzSJJEPgD5o0716tZ4PbE9XQ,vibe,
Time Warp,"1420 10th Ave, Seattle, WA 98122, United States",47.6135516,-122.31931809999999,,https://www.google.com/maps?ftid=0x54906bc3e42664df:0x34cac4824ca8d21b,0x54906bc3e42664df:0x34cac4824ca8d21b,/g/11k45k42mr,Zach J.,Washington Places,WfdnMC3zRI3sfjHBnm_HrYeScehYSA,📍,place,visited,Washington Places,WfdnMC3zRI3sfjHBnm_HrYeScehYSA,vibe,
Toad Hall,,40.7221981,-74.0035469,,https://www.google.com/maps?ftid=0x89c2598b75584629:0xc32a059d268c5750,0x89c2598b75584629:0xc32a059d268c5750,,Zach J.,"New York, New York",m7FS_hkzSJJEPgD5o0716tZ4PbE9XQ,📍,place,visited,"New York, New York",m7FS_hkzSJJEPgD5o0716tZ4PbE9XQ,vibe,
Toastable Koningsplein,,52.3673679,4.89035,Nice sandwich shop.,https://www.google.com/maps?ftid=0x47c609c1dba16271:0xb68cf1af111d68e5,0x47c609c1dba16271:0xb68cf1af111d68e5,,Zach J.,Netherlands Places,uUJAjJl3UL4Vb2neQptAbAc1dIoemQ,📍,place,visited,Netherlands Places,uUJAjJl3UL4Vb2neQptAbAc1dIoemQ,vibe,
Tokyo In April,"526 Abbott St, Vancouver, BC V6B 6N7",49.2803961,-123.1074175,,https://www.google.com/maps?ftid=0x548671c10f3efaa5:0xba87c0231ede49ba,0x548671c10f3efaa5:0xba87c0231ede49ba,/g/11jk_qsj0p,Zach J.,BC Places,J-HTPTrrRB2hdSQ_jx2gvA,📍,place,visited,BC Places,J-HTPTrrRB2hdSQ_jx2gvA,vibe,
Tokyo Metropolitan Government Building,,35.6894807,139.6916863,Skyline view.,https://www.google.com/maps?ftid=0x60188cd4b71a37a1:0xf1665c37f38661e8,0x60188cd4b71a37a1:0xf1665c37f38661e8,,Zach J.,Japan Places,4MFKvfwkuooLXdFwzLh7bJlLOhg8-A,📍,place,visited,Japan Places,4MFKvfwkuooLXdFwzLh7bJlLOhg8-A,vibe,
TOKYO Whisky Library,"Japan, 〒107-0062 Tokyo, Minato City, Minamiaoyama, 5 Chome−5−24 南青山サンタキアラ教会 2階",35.663571399999995,139.7128554,,https://www.google.com/maps?ftid=0x60188b6044215555:0xb78b94ba762a695d,0x60188b6044215555:0xb78b94ba762a695d,/g/11c1q9yrz0,Zach J.,Japan Places,4MFKvfwkuooLXdFwzLh7bJlLOhg8-A,📍,place,visited,Japan Places,4MFKvfwkuooLXdFwzLh7bJlLOhg8-A,vibe,
Tom's,"2880 Broadway, New York, NY 10025, United States",40.8055187,-73.96538869999999,Sienfeld,https://www.google.com/maps?ftid=0x89c2f63b8a11212f:0x7e5d05fffaca6ff0,0x89c2f63b8a11212f:0x7e5d05fffaca6ff0,/m/09gxd6,Zach J.,"New York, New York",m7FS_hkzSJJEPgD5o0716tZ4PbE9XQ,📍,place,visited,"New York, New York",m7FS_hkzSJJEPgD5o0716tZ4PbE9XQ,vibe,
Tommy Thompson Lighthouse,"Toronto, ON, Canada",43.6135443,-79.3434746,One of the best skylines.,https://www.google.com/maps?ftid=0x89d4ca8c31951b29:0x7a78fc749166b703,0x89d4ca8c31951b29:0x7a78fc749166b703,,Zach J.,Toronto Photography,EBdYtSZKT2SzsVOBUpVjfw,📍,place,visited,Toronto Photography,EBdYtSZKT2SzsVOBUpVjfw,vibe,
Tommy's Joynt,"1101 Geary Blvd, San Francisco, CA 94109, United States",37.785519,-122.42181099999999,,https://www.google.com/maps?ftid=0x808580967f112a53:0x245af671133d8ee3,0x808580967f112a53:0x245af671133d8ee3,/m/04fjg_6,Zach J.,California Places,aTaCY8tke-6jFT8XQ0SVYBXQZ4k60Q,📍,place,visited,California Places,aTaCY8tke-6jFT8XQ0SVYBXQZ4k60Q,vibe,
Too Soon,"18 NE 28th Ave, Portland, OR 97232, United States",45.523260099999995,-122.6371216,Cool bar.,https://www.google.com/maps?ftid=0x5495a10d81d6f5e3:0x43dd1917a42028a5,0x5495a10d81d6f5e3:0x43dd1917a42028a5,/g/11l5vw8mzf,Zach J.,O-re-going Places,uPOFXqj2oXs8EjysOzM2PTCFTrpdog,📍,place,visited,O-re-going Places,uPOFXqj2oXs8EjysOzM2PTCFTrpdog,vibe,
Toriton,"Japan, 〒160-0023 Tokyo, Shinjuku City, Nishishinjuku, 7 Chome−21−1 新宿ロイヤルビル B1F",35.693981099999995,139.694888,,https://www.google.com/maps?ftid=0x60188cd58acc9881:0xfc6bf4ce87c8c745,0x60188cd58acc9881:0xfc6bf4ce87c8c745,/g/11b7hmg6s7,Zach J.,Japan Places,4MFKvfwkuooLXdFwzLh7bJlLOhg8-A,📍,place,visited,Japan Places,4MFKvfwkuooLXdFwzLh7bJlLOhg8-A,vibe,
Toronto Public Library - Toronto Reference Library,,43.671806499999995,-79.3868159,Neat library.,https://www.google.com/maps?ftid=0x882b34ae90d62fe1:0x50fbc31e127f9314,0x882b34ae90d62fe1:0x50fbc31e127f9314,,Zach J.,Toronto Photography,EBdYtSZKT2SzsVOBUpVjfw,📍,place,visited,Toronto Photography,EBdYtSZKT2SzsVOBUpVjfw,vibe,
TotalBarber Academy,"71 Leonard St, London EC2A 4QS, United Kingdom",51.5280996,-0.0885632,,https://www.google.com/maps?ftid=0x48761cafee52b9d3:0xc51b8a4d0796a63d,0x48761cafee52b9d3:0xc51b8a4d0796a63d,/g/11b70038c3,Zach J.,London (The British One),Dc1pjbzURxS4lLc15TJmfg,📍,place,visited,London (The British One),Dc1pjbzURxS4lLc15TJmfg,vibe,
Tous Les Jours,"31 W 32nd St, New York, NY 10001, United States",40.7479249,-73.98701919999999,"Bakery, really nice.",https://www.google.com/maps?ftid=0x89c259a8e40197af:0x5a88a5383c8380f5,0x89c259a8e40197af:0x5a88a5383c8380f5,/g/1hf2pqnhn,Zach J.,"New York, New York",m7FS_hkzSJJEPgD5o0716tZ4PbE9XQ,📍,place,visited,"New York, New York",m7FS_hkzSJJEPgD5o0716tZ4PbE9XQ,vibe,
Trader Joe's,"1095 Hyde St, San Francisco, CA 94109, United States",37.790655099999995,-122.41776,,https://www.google.com/maps?ftid=0x808580934419da8b:0x1058e72e9f871582,0x808580934419da8b:0x1058e72e9f871582,/g/1hf2nhg33,Zach J.,California Places,aTaCY8tke-6jFT8XQ0SVYBXQZ4k60Q,📍,place,visited,California Places,aTaCY8tke-6jFT8XQ0SVYBXQZ4k60Q,vibe,
Train Wreck,,50.081419,-123.05549189999999,,https://www.google.com/maps?ftid=0x54871802202db0d9:0xb3de6ee9c33641fc,0x54871802202db0d9:0xb3de6ee9c33641fc,,Zach J.,BC Places,J-HTPTrrRB2hdSQ_jx2gvA,📍,place,visited,BC Places,J-HTPTrrRB2hdSQ_jx2gvA,vibe,
Trench of Bayonets,"D913, 55100 Douaumont-Vaux, France",49.2141148,5.4256265,,https://www.google.com/maps?ftid=0x47eb1e6a49aae84f:0xfe28f2b77f4edfca,0x47eb1e6a49aae84f:0xfe28f2b77f4edfca,/g/121x70zz,Zach J.,France,1a9PFoaE6QmGPm2JEsIX4DjQqMe7dQ,📍,place,visited,France,1a9PFoaE6QmGPm2JEsIX4DjQqMe7dQ,vibe,
Trinity Cider,"2656 Main St #120, Dallas, TX 75226, United States",32.784029499999995,-96.7835502,,https://www.google.com/maps?ftid=0x864e98dd9d7b64c3:0x47c24f843257cb13,0x864e98dd9d7b64c3:0x47c24f843257cb13,/g/11gfb3043r,Zach J.,Texas,1S_gekS-v4RZuZLaRNwLRkv_EUSNYw,📍,place,visited,Texas,1S_gekS-v4RZuZLaRNwLRkv_EUSNYw,vibe,
Tripel,,52.370016299999996,4.8779899,,https://www.google.com/maps?ftid=0x47c609dc52b197dd:0x39ff7e872434ca74,0x47c609dc52b197dd:0x39ff7e872434ca74,,Zach J.,Netherlands Places,uUJAjJl3UL4Vb2neQptAbAc1dIoemQ,📍,place,visited,Netherlands Places,uUJAjJl3UL4Vb2neQptAbAc1dIoemQ,vibe,
Tsutenkaku,,34.6524992,135.5063058,,https://www.google.com/maps?ftid=0x6000e76077e042ff:0xe5cbcf56def44557,0x6000e76077e042ff:0xe5cbcf56def44557,,Zach J.,Japan Places,4MFKvfwkuooLXdFwzLh7bJlLOhg8-A,📍,place,visited,Japan Places,4MFKvfwkuooLXdFwzLh7bJlLOhg8-A,vibe,
Tubarões da Atalaia,"R. da Atalaia 62, 1200-039 Lisboa, Portugal",38.712064399999996,-9.1448761,,https://www.google.com/maps?ftid=0xd19347fef701e09:0xd9f2c6ca0970d359,0xd19347fef701e09:0xd9f2c6ca0970d359,/g/11cllfzsyw,Zach J.,Portugal Places,PJetNvIfkAY8zDHfGEEQlDLG4G2qyg,📍,place,visited,Portugal Places,PJetNvIfkAY8zDHfGEEQlDLG4G2qyg,vibe,
Tōdai-ji,,34.6889851,135.8398158,Big wood temple worth seeing.,https://www.google.com/maps?ftid=0x600139907a0876dd:0xf890ac3f9dd53c8f,0x600139907a0876dd:0xf890ac3f9dd53c8f,,Zach J.,Japan Places,4MFKvfwkuooLXdFwzLh7bJlLOhg8-A,📍,place,visited,Japan Places,4MFKvfwkuooLXdFwzLh7bJlLOhg8-A,vibe,
U-Bahnhof Candidplatz,,48.1129782,11.5716483,Neat metro station.,https://www.google.com/maps?ftid=0x479ddf137d6b0f0f:0xd0fb4dbb0377d1f5,0x479ddf137d6b0f0f:0xd0fb4dbb0377d1f5,,Zach J.,Deutschland Places,_xr3THKc69o0Q1Jj4xw49b6So0Yt2Q,📍,place,visited,Deutschland Places,_xr3THKc69o0Q1Jj4xw49b6So0Yt2Q,vibe,
Ukrainian Village,"815 Denman St, Vancouver, BC V6G 2L7",49.291391999999995,-123.1357967,,https://www.google.com/maps?ftid=0x5486718823182dd7:0x4c8097987d26815c,0x5486718823182dd7:0x4c8097987d26815c,/g/1tjcp3wl,Zach J.,BC Places,J-HTPTrrRB2hdSQ_jx2gvA,📍,place,visited,BC Places,J-HTPTrrRB2hdSQ_jx2gvA,vibe,
Ultime Atome,,50.8359155,4.3644609,,https://www.google.com/maps?ftid=0x47c3c48f40596a21:0x3b7f1fcb83776f13,0x47c3c48f40596a21:0x3b7f1fcb83776f13,,Zach J.,Belgium Places,XyATa3gcf-ULckrVtuXlIrtbkHutzw,📍,place,visited,Belgium Places,XyATa3gcf-ULckrVtuXlIrtbkHutzw,vibe,
Umeda Sky Building,,34.7052872,135.4896527,,https://www.google.com/maps?ftid=0x6000e6889074276f:0x57c2e32670decafd,0x6000e6889074276f:0x57c2e32670decafd,,Zach J.,Japan Places,4MFKvfwkuooLXdFwzLh7bJlLOhg8-A,📍,place,visited,Japan Places,4MFKvfwkuooLXdFwzLh7bJlLOhg8-A,vibe,
UN zone northern - southern Cyprus,"59F6+VHX, Ledras, Nicosia 1011",35.174769999999995,33.36144,,https://www.google.com/maps?ftid=0x14de1746d3edca89:0x4788a129c0c6f38e,0x14de1746d3edca89:0x4788a129c0c6f38e,/g/11t9_06x7d,Zach J.,Cyprus Places,op1yFHMtopjnsWL6BEbTl-cVqS5sDg,📍,place,visited,Cyprus Places,op1yFHMtopjnsWL6BEbTl-cVqS5sDg,vibe,
Unholy Donuts,"95 Maitland St, Toronto, ON M4Y 1E3",43.6646686,-79.3799562,,https://www.google.com/maps?ftid=0x89d4cb5fa7909947:0x56737ab101b320b2,0x89d4cb5fa7909947:0x56737ab101b320b2,/g/11pv0lydr8,Zach J.,Churono,_Goa88wVSLuG5ntawKc2cw,📍,place,visited,Churono,_Goa88wVSLuG5ntawKc2cw,vibe,
United Camera,,48.2017416,16.3434478,,https://www.google.com/maps?ftid=0x479d6beb2822ab2f:0x42a84f244a49da86,0x479d6beb2822ab2f:0x42a84f244a49da86,,Zach J.,Austria-ish Places,JW6_PhOiwD9hqDmWcuJh6u67rjwIwA,📍,place,visited,Austria-ish Places,JW6_PhOiwD9hqDmWcuJh6u67rjwIwA,vibe,
United Nations 65,"59F4+HWQ, Nicosia 1010",35.1739836,33.3573576,,https://www.google.com/maps?ftid=0x14de17a92cec69db:0x5c70a07b746f1de8,0x14de17a92cec69db:0x5c70a07b746f1de8,/g/11p5sdrp4q,Zach J.,Cyprus Places,op1yFHMtopjnsWL6BEbTl-cVqS5sDg,📍,place,visited,Cyprus Places,op1yFHMtopjnsWL6BEbTl-cVqS5sDg,vibe,
Universität Mozarteum Salzburg,,47.8038789,13.0436663,,https://www.google.com/maps?ftid=0x4776907d5695bbbb:0x1e50d457bb9efc45,0x4776907d5695bbbb:0x1e50d457bb9efc45,,Zach J.,Austria-ish Places,JW6_PhOiwD9hqDmWcuJh6u67rjwIwA,📍,place,visited,Austria-ish Places,JW6_PhOiwD9hqDmWcuJh6u67rjwIwA,vibe,
UNPLAN Shinjuku,"5 Chome-3-15 Shinjuku, Shinjuku City, Tokyo 160-0022, Japan",35.6930948,139.71087939999998,,https://www.google.com/maps?ftid=0x60188d830939df09:0xd1a31648d0ca383b,0x60188d830939df09:0xd1a31648d0ca383b,/g/11fk3vjk4t,Zach J.,Japan Places,4MFKvfwkuooLXdFwzLh7bJlLOhg8-A,📍,place,visited,Japan Places,4MFKvfwkuooLXdFwzLh7bJlLOhg8-A,vibe,
Untersbergbahn GmbH,,47.7257159,13.042191599999999,,https://www.google.com/maps?ftid=0x477693e7f2ab6be5:0xc6a481b52d830f4d,0x477693e7f2ab6be5:0xc6a481b52d830f4d,,Zach J.,Austria-ish Places,JW6_PhOiwD9hqDmWcuJh6u67rjwIwA,📍,place,visited,Austria-ish Places,JW6_PhOiwD9hqDmWcuJh6u67rjwIwA,vibe,
Uobei,"Japan, 〒150-0043 Tokyo, Shibuya City, Dogenzaka, 2 Chome−29−11, Central Bldg. 6, １階",35.6594349,139.6979207,,https://www.google.com/maps?ftid=0x60188ca9c3e93569:0x51b1ecd6fe7ee73f,0x60188ca9c3e93569:0x51b1ecd6fe7ee73f,/g/11cn8s0vv1,Zach J.,Japan Places,4MFKvfwkuooLXdFwzLh7bJlLOhg8-A,📍,place,visited,Japan Places,4MFKvfwkuooLXdFwzLh7bJlLOhg8-A,vibe,
Used camera BOX,,35.6894804,139.6966516,Camera store,https://www.google.com/maps?ftid=0x60188cd15bce5555:0x3aefad981f63e674,0x60188cd15bce5555:0x3aefad981f63e674,,Zach J.,Japan Places,4MFKvfwkuooLXdFwzLh7bJlLOhg8-A,📍,place,visited,Japan Places,4MFKvfwkuooLXdFwzLh7bJlLOhg8-A,vibe,
Vancouver Freshmart,"1645 E 1st Ave, Vancouver, BC V5N 1A8",49.269753599999994,-123.0702511,Milk at 3am? Gotchu.,https://www.google.com/maps?ftid=0x5486714741d5517d:0xe84b54c69e378e1f,0x5486714741d5517d:0xe84b54c69e378e1f,/g/11c3v6hp4s,Zach J.,BC Places,J-HTPTrrRB2hdSQ_jx2gvA,📍,place,visited,BC Places,J-HTPTrrRB2hdSQ_jx2gvA,vibe,
Veselka,"144 2nd Ave, New York, NY 10003, United States",40.729015499999996,-73.9871139,Borcht,https://www.google.com/maps?ftid=0x89c2599c5ce21097:0x755d2ae66dc781a7,0x89c2599c5ce21097:0x755d2ae66dc781a7,/m/080lxnb,Zach J.,"New York, New York",m7FS_hkzSJJEPgD5o0716tZ4PbE9XQ,📍,place,visited,"New York, New York",m7FS_hkzSJJEPgD5o0716tZ4PbE9XQ,vibe,
Victory Column,,52.514522899999996,13.3501085,"Famous monument, nice view from the top.",https://www.google.com/maps?ftid=0x47a851af28d3f1c3:0x55627fdba380e5c9,0x47a851af28d3f1c3:0x55627fdba380e5c9,,Zach J.,Deutschland Places,_xr3THKc69o0Q1Jj4xw49b6So0Yt2Q,📍,place,visited,Deutschland Places,_xr3THKc69o0Q1Jj4xw49b6So0Yt2Q,vibe,
Vienna House by Wyndham Andel's Cracow,"Pawia 3, 31-154 Kraków, Poland",50.065624,19.945442,,https://www.google.com/maps?ftid=0x47160ffffff836f1:0x97dd06826fb579c0,0x47160ffffff836f1:0x97dd06826fb579c0,/g/121vfg0g,Zach J.,Poland Places,rJiYI8AwTOeCZ372vYFwILDmTQWZ1w,📍,place,visited,Poland Places,rJiYI8AwTOeCZ372vYFwILDmTQWZ1w,vibe,
Viennese Giant Ferris Wheel,,48.2166995,16.3959008,,https://www.google.com/maps?ftid=0x476d070f8c8d8525:0xacd6a16779e55706,0x476d070f8c8d8525:0xacd6a16779e55706,,Zach J.,Austria-ish Places,JW6_PhOiwD9hqDmWcuJh6u67rjwIwA,📍,place,visited,Austria-ish Places,JW6_PhOiwD9hqDmWcuJh6u67rjwIwA,vibe,
Villa of Theseus,"QC43+MVR, Paphos 8040, Cyprus",34.7567403,32.4046516,,https://www.google.com/maps?ftid=0x14e706d9b2f0d961:0x99bbcb3be8931a44,0x14e706d9b2f0d961:0x99bbcb3be8931a44,/g/11cs6dx1qc,Zach J.,Cyprus Places,op1yFHMtopjnsWL6BEbTl-cVqS5sDg,📍,place,visited,Cyprus Places,op1yFHMtopjnsWL6BEbTl-cVqS5sDg,vibe,
Volksgarten,,48.2080439,16.3613967,,https://www.google.com/maps?ftid=0x476d079715f8c5af:0xc56d8557f19cae27,0x476d079715f8c5af:0xc56d8557f19cae27,,Zach J.,Austria-ish Places,JW6_PhOiwD9hqDmWcuJh6u67rjwIwA,📍,place,visited,Austria-ish Places,JW6_PhOiwD9hqDmWcuJh6u67rjwIwA,vibe,
Vondelpark,,52.3579946,4.8686484,,https://www.google.com/maps?ftid=0x47c609e2c5b47ccf:0x6cd478550520ca35,0x47c609e2c5b47ccf:0x6cd478550520ca35,,Zach J.,Netherlands Places,uUJAjJl3UL4Vb2neQptAbAc1dIoemQ,📍,place,visited,Netherlands Places,uUJAjJl3UL4Vb2neQptAbAc1dIoemQ,vibe,
Voodoo Doughnut,"22 SW 3rd Ave, Portland, OR 97204, United States",45.5226507,-122.67304449999999,Pretty good donuts.,https://www.google.com/maps?ftid=0x54950a07243140ef:0x257d2968f343ef75,0x54950a07243140ef:0x257d2968f343ef75,/m/05hd_k,Zach J.,O-re-going Places,uPOFXqj2oXs8EjysOzM2PTCFTrpdog,📍,place,visited,O-re-going Places,uPOFXqj2oXs8EjysOzM2PTCFTrpdog,vibe,
Vulcan Gas Company,"418 E 6th St, Austin, TX 78701, United States",30.267032099999998,-97.7384979,,https://www.google.com/maps?ftid=0x8644b5a6519ff471:0xacc5be3d777cbe65,0x8644b5a6519ff471:0xacc5be3d777cbe65,/m/043sgbn,Zach J.,Texas,1S_gekS-v4RZuZLaRNwLRkv_EUSNYw,📍,place,visited,Texas,1S_gekS-v4RZuZLaRNwLRkv_EUSNYw,vibe,
Várkert Bazár Északi Bazársor,"Budapest, 1013 Hungary",47.4956878,19.0422799,,https://www.google.com/maps?ftid=0x4741dde24d81e4c3:0xc635a00cf89f7ac9,0x4741dde24d81e4c3:0xc635a00cf89f7ac9,/g/11tjw77mlx,Zach J.,Hungary Places,1a46QBe0HWmKrjJYm4D9EROGYD6JOw,📍,place,visited,Hungary Places,1a46QBe0HWmKrjJYm4D9EROGYD6JOw,vibe,
Waco Surf,"5347 Old Mexia Rd, Waco, TX 76705, United States",31.617393999999997,-97.000678,,https://www.google.com/maps?ftid=0x864f7a01ec14482d:0xa8211eb560b667d0,0x864f7a01ec14482d:0xa8211eb560b667d0,/g/11cfgdght,Zach J.,Texas,1S_gekS-v4RZuZLaRNwLRkv_EUSNYw,📍,place,visited,Texas,1S_gekS-v4RZuZLaRNwLRkv_EUSNYw,vibe,
Walkway,"QC67+R6J, Paphos 8041, Cyprus",34.7622716,32.4137803,,https://www.google.com/maps?ftid=0x14e707571e718333:0xaf35df5f02fbea6f,0x14e707571e718333:0xaf35df5f02fbea6f,/g/11t5x0w7db,Zach J.,Cyprus Places,op1yFHMtopjnsWL6BEbTl-cVqS5sDg,📍,place,visited,Cyprus Places,op1yFHMtopjnsWL6BEbTl-cVqS5sDg,vibe,
Wall with bullet holes from WW2,"plac Uniwersytecki, 50-137 Wrocław, Poland",51.113828,17.0355509,,https://www.google.com/maps?ftid=0x470fe902d78600e3:0x1843eea1f8e2570b,0x470fe902d78600e3:0x1843eea1f8e2570b,/g/11hz160kwl,Zach J.,Poland Places,rJiYI8AwTOeCZ372vYFwILDmTQWZ1w,📍,place,visited,Poland Places,rJiYI8AwTOeCZ372vYFwILDmTQWZ1w,vibe,
Wanda's Pie in the Sky,,43.6562407,-79.4025661,Pie by the slice.,https://www.google.com/maps?ftid=0x882b34c1fc4cf38d:0xf65f939e101afb57,0x882b34c1fc4cf38d:0xf65f939e101afb57,,Zach J.,Churono,_Goa88wVSLuG5ntawKc2cw,📍,place,visited,Churono,_Goa88wVSLuG5ntawKc2cw,vibe,
Warsaw Ghetto boundary marker,"Sienna 53, 00-823 Warszawa, Poland",52.2307601,20.9986541,WWII monument/relic.,https://www.google.com/maps?ftid=0x471ecc85c8f0e5a7:0x9cfd877b4416e1c0,0x471ecc85c8f0e5a7:0x9cfd877b4416e1c0,/g/11b6zrnrsv,Zach J.,Poland Places,rJiYI8AwTOeCZ372vYFwILDmTQWZ1w,📍,place,visited,Poland Places,rJiYI8AwTOeCZ372vYFwILDmTQWZ1w,vibe,
Washington Family Tomb,"Alexandria, VA 22309, United States",38.706848699999995,-77.08872459999999,,https://www.google.com/maps?ftid=0x89b7ae97d0fae6fd:0xbff2bfa32447ca6a,0x89b7ae97d0fae6fd:0xbff2bfa32447ca6a,/g/1thx4yrb,Zach J.,Washington DC Places,LcNB3Ku1niTAsy0qH-HKT1v9d_odjw,📍,place,visited,Washington DC Places,LcNB3Ku1niTAsy0qH-HKT1v9d_odjw,vibe,
Wat Lok Moli,"298/1 Manee Nopparat Rd, ตำบล ศรีภูมิ อำเภอ เมืองเชียงใหม่ Chiang Mai 50200",18.7960243,98.9825675,,https://www.google.com/maps?ftid=0x30da3a9100c30075:0x37241441d3264a00,0x30da3a9100c30075:0x37241441d3264a00,/m/080dl_9,Zach J.,Thailand Places,8ZLYjtP28NdeHaxAFNWuqLewhbemIw,📍,place,visited,Thailand Places,8ZLYjtP28NdeHaxAFNWuqLewhbemIw,vibe,
Wat Phra Chetuphon Wimon Mangkhalaram Rajwaramahawihan,"2 Sanam Chai Rd, Phra Borom Maha Ratchawang, Phra Nakhon, Bangkok 10200",13.7464237,100.4927733,,https://www.google.com/maps?ftid=0x30e299057145cc81:0x7df49a08f511c22e,0x30e299057145cc81:0x7df49a08f511c22e,/g/121dw17y,Zach J.,Thailand Places,8ZLYjtP28NdeHaxAFNWuqLewhbemIw,📍,place,visited,Thailand Places,8ZLYjtP28NdeHaxAFNWuqLewhbemIw,vibe,
Waterfront Wheel,"1150 Front St, Sacramento, CA 95814, United States",38.5816592,-121.50646289999999,,https://www.google.com/maps?ftid=0x809ad7dabef97aeb:0x7cbfe1ab9b27e158,0x809ad7dabef97aeb:0x7cbfe1ab9b27e158,/g/11ny9t9fw0,Zach J.,California Places,aTaCY8tke-6jFT8XQ0SVYBXQZ4k60Q,📍,place,visited,California Places,aTaCY8tke-6jFT8XQ0SVYBXQZ4k60Q,vibe,
WB Rentals - Clocktower,"4262 Village Stroll, Whistler, BC V8E 0X9",50.114098999999996,-122.95488499999999,,https://www.google.com/maps?ftid=0x5487237b595aebb9:0xcd82902e49828aec,0x5487237b595aebb9:0xcd82902e49828aec,/g/1tnsrmcb,Zach J.,BC Places,J-HTPTrrRB2hdSQ_jx2gvA,📍,place,visited,BC Places,J-HTPTrrRB2hdSQ_jx2gvA,vibe,
WeBase Hiroshima,"4-16 Nakamachi, Naka Ward, Hiroshima, 730-0037, Japan",34.3901487,132.459272,,https://www.google.com/maps?ftid=0x355aa376b26d7447:0xff695a49918198ae,0x355aa376b26d7447:0xff695a49918198ae,/g/11fmvjktl0,Zach J.,Japan Places,4MFKvfwkuooLXdFwzLh7bJlLOhg8-A,📍,place,visited,Japan Places,4MFKvfwkuooLXdFwzLh7bJlLOhg8-A,vibe,
Wegmans,"770 Broadway, New York, NY 10003, United States",40.7302556,-73.99116409999999,,https://www.google.com/maps?ftid=0x89c259cd965d9e8b:0x7b350d7c07eb43c6,0x89c259cd965d9e8b:0x7b350d7c07eb43c6,/g/11sb34d65x,Zach J.,"New York, New York",m7FS_hkzSJJEPgD5o0716tZ4PbE9XQ,📍,place,visited,"New York, New York",m7FS_hkzSJJEPgD5o0716tZ4PbE9XQ,vibe,
Welcome to Fabulous Las Vegas Sign,,36.0820727,-115.17277899999999,,https://www.google.com/maps?ftid=0x80c8d1348932683b:0x42027a27dabd9309,0x80c8d1348932683b:0x42027a27dabd9309,,Zach J.,Las Vegas & Beyond,s8jsj3Ck0g54qiNSl6LBxHqr130VlA,📍,place,visited,Las Vegas & Beyond,s8jsj3Ck0g54qiNSl6LBxHqr130VlA,vibe,
Weltmeister - Currywurst & Pommes,"Maybachstraße 22, 50670 Köln, Germany",50.9468381,6.944582,,https://www.google.com/maps?ftid=0x47bf2509f33398ff:0x7c6dd0ecc019da94,0x47bf2509f33398ff:0x7c6dd0ecc019da94,/g/11b76tzzwq,Zach J.,Deutschland Places,_xr3THKc69o0Q1Jj4xw49b6So0Yt2Q,📍,place,visited,Deutschland Places,_xr3THKc69o0Q1Jj4xw49b6So0Yt2Q,vibe,
Wendelstein Rack Railway,,47.7253955,12.0927843,Train.,https://www.google.com/maps?ftid=0x477622dbe83fd8fd:0x2c08f42f2d5295d8,0x477622dbe83fd8fd:0x2c08f42f2d5295d8,,Zach J.,Deutschland Places,_xr3THKc69o0Q1Jj4xw49b6So0Yt2Q,📍,place,visited,Deutschland Places,_xr3THKc69o0Q1Jj4xw49b6So0Yt2Q,vibe,
West Camera,"690 Queen St W, Toronto, ON M6J 1E7",43.6464658,-79.4080269,,https://www.google.com/maps?ftid=0x882b34dd968bddb5:0xca20e144e1be0151,0x882b34dd968bddb5:0xca20e144e1be0151,/g/1vvr6vfl,Zach J.,Churono,_Goa88wVSLuG5ntawKc2cw,📍,place,visited,Churono,_Goa88wVSLuG5ntawKc2cw,vibe,
Whales Of August,,35.660534399999996,139.69818089999998,Bar with a number of unique cocktails to try.,https://www.google.com/maps?ftid=0x60188ca9a55c462f:0xc1242a2235dc666b,0x60188ca9a55c462f:0xc1242a2235dc666b,,Zach J.,Japan Places,4MFKvfwkuooLXdFwzLh7bJlLOhg8-A,📍,place,visited,Japan Places,4MFKvfwkuooLXdFwzLh7bJlLOhg8-A,vibe,
Whiskey Lab,"418 A St, Springfield, OR 97477, United States",44.0474743,-123.02056719999999,Good drinking spot.,https://www.google.com/maps?ftid=0x54c0e1e0e9ee540b:0x67fefbcb2d3bf7df,0x54c0e1e0e9ee540b:0x67fefbcb2d3bf7df,/g/11fqb6_8bh,Zach J.,O-re-going Places,uPOFXqj2oXs8EjysOzM2PTCFTrpdog,📍,place,visited,O-re-going Places,uPOFXqj2oXs8EjysOzM2PTCFTrpdog,vibe,
William's Fried Chicken,"2660 Robert B Cullum Blvd, Dallas, TX 75210, United States",32.7673675,-96.7525296,,https://www.google.com/maps?ftid=0x864e98817c29ef53:0x86c266c7f386db19,0x864e98817c29ef53:0x86c266c7f386db19,/g/1vzg2nbl,Zach J.,Texas,1S_gekS-v4RZuZLaRNwLRkv_EUSNYw,📍,place,visited,Texas,1S_gekS-v4RZuZLaRNwLRkv_EUSNYw,vibe,
Windfall Cider & Co.,"250 Esplanade E #101, North Vancouver, BC V7L 1B4",49.3092952,-123.074838,,https://www.google.com/maps?ftid=0x548671560b908317:0x98ab4e7a0148858d,0x548671560b908317:0x98ab4e7a0148858d,/g/11jw6pwj6y,Zach J.,Van Beer List,aJLDTHgUQreKks22yMypEA,📍,place,visited,Van Beer List,aJLDTHgUQreKks22yMypEA,vibe,
Wing Snack,"759 N Claiborne Ave, New Orleans, LA 70116, United States",29.964733799999998,-90.0731886,,https://www.google.com/maps?ftid=0x8620a607a4938d7f:0x7fe6236a7a322b58,0x8620a607a4938d7f:0x7fe6236a7a322b58,/g/1w_vnmlx,Zach J.,'Murica Road Trip,D0K89-5vgjBHw6XsSCispo4wxNwsVA,📍,place,visited,'Murica Road Trip,D0K89-5vgjBHw6XsSCispo4wxNwsVA,vibe,
Wrocławski Rynek,"Rynek, 11-400 Wrocław, Poland",51.110437999999995,17.0309024,,https://www.google.com/maps?ftid=0x470e40c57467f87b:0xe72be8d8d320d5d8,0x470e40c57467f87b:0xe72be8d8d320d5d8,/m/04csbbd,Zach J.,Poland Places,rJiYI8AwTOeCZ372vYFwILDmTQWZ1w,📍,place,visited,Poland Places,rJiYI8AwTOeCZ372vYFwILDmTQWZ1w,vibe,
Wuppertal,"Wuppertal, Germany",51.2562128,7.150763599999999,Ride the oldest suspended electric monorail!,https://www.google.com/maps?ftid=0x47b8d63a5c61d467:0x42760fc4a2a7440,0x47b8d63a5c61d467:0x42760fc4a2a7440,/m/0d3ff,Zach J.,Deutschland Places,_xr3THKc69o0Q1Jj4xw49b6So0Yt2Q,📍,place,visited,Deutschland Places,_xr3THKc69o0Q1Jj4xw49b6So0Yt2Q,vibe,
Wynand Fockink Proeflokaal and Spirits,,52.372310999999996,4.895328999999999,Authentic Dutch Gin.,https://www.google.com/maps?ftid=0x47c609c755d350ff:0xb7382ad3076bdb0e,0x47c609c755d350ff:0xb7382ad3076bdb0e,,Zach J.,Netherlands Places,uUJAjJl3UL4Vb2neQptAbAc1dIoemQ,📍,place,visited,Netherlands Places,uUJAjJl3UL4Vb2neQptAbAc1dIoemQ,vibe,
Wynn Las Vegas,,36.126118999999996,-115.1619583,,https://www.google.com/maps?ftid=0x80c8c422de2a8695:0xb1c13b73cbbb6fed,0x80c8c422de2a8695:0xb1c13b73cbbb6fed,,Zach J.,Las Vegas & Beyond,s8jsj3Ck0g54qiNSl6LBxHqr130VlA,📍,place,visited,Las Vegas & Beyond,s8jsj3Ck0g54qiNSl6LBxHqr130VlA,vibe,
Yodobashi Camera Cameras Pavillion,,35.6916265,139.7018663,"""mainstream"" camera store.",https://www.google.com/maps?ftid=0x60188cda12294af5:0x6c0b89f12fcaa5e5,0x60188cda12294af5:0x6c0b89f12fcaa5e5,,Zach J.,Japan Places,4MFKvfwkuooLXdFwzLh7bJlLOhg8-A,📍,place,visited,Japan Places,4MFKvfwkuooLXdFwzLh7bJlLOhg8-A,vibe,
Yummy To Go,"1711 Davie St, Vancouver, BC V6G 1W5",49.2864508,-123.14036279999999,"Decent sushi, eat at the beach.",https://www.google.com/maps?ftid=0x5486722f334ab979:0x4c24402a04750c33,0x5486722f334ab979:0x4c24402a04750c33,/g/1v6p3zzy,Zach J.,BC Places,J-HTPTrrRB2hdSQ_jx2gvA,📍,place,visited,BC Places,J-HTPTrrRB2hdSQ_jx2gvA,vibe,
Zaanse Schans,,52.474016899999995,4.8227297,Dutch windmills.,https://www.google.com/maps?ftid=0x47c5fcf7bec1145b:0x8b2f4837e2ca20fe,0x47c5fcf7bec1145b:0x8b2f4837e2ca20fe,,Zach J.,Netherlands Places,uUJAjJl3UL4Vb2neQptAbAc1dIoemQ,📍,place,visited,Netherlands Places,uUJAjJl3UL4Vb2neQptAbAc1dIoemQ,vibe,
Zahoulis Lefkosia,"Themistokli Dervi 24α, Nicosia 1066, Cyprus",35.1654617,33.3576822,,https://www.google.com/maps?ftid=0x14de17baaa19c60d:0x71052c7f2f762be5,0x14de17baaa19c60d:0x71052c7f2f762be5,/g/11fpsnldbg,Zach J.,Cyprus Places,op1yFHMtopjnsWL6BEbTl-cVqS5sDg,📍,place,visited,Cyprus Places,op1yFHMtopjnsWL6BEbTl-cVqS5sDg,vibe,
Zakopane,"Zakopane, Poland",49.299181,19.949562099999998,,https://www.google.com/maps?ftid=0x4715f29294ef3939:0xdf8d87a1716ba6a0,0x4715f29294ef3939:0xdf8d87a1716ba6a0,/m/0c6d7,Zach J.,Poland Places,rJiYI8AwTOeCZ372vYFwILDmTQWZ1w,📍,place,visited,Poland Places,rJiYI8AwTOeCZ372vYFwILDmTQWZ1w,vibe,
Zamenhof-Denkmal,,48.200738099999995,16.3673133,Esperanto statue.,https://www.google.com/maps?ftid=0x476d078354c515c1:0x557199f5a0d5d1f6,0x476d078354c515c1:0x557199f5a0d5d1f6,,Zach J.,Austria-ish Places,JW6_PhOiwD9hqDmWcuJh6u67rjwIwA,📍,place,visited,Austria-ish Places,JW6_PhOiwD9hqDmWcuJh6u67rjwIwA,vibe,
Zell am See,,47.323519999999995,12.79685,Nice little ski town,https://www.google.com/maps?ftid=0x47771d6d8c2d0ccb:0x453135a3af71ddc2,0x47771d6d8c2d0ccb:0x453135a3af71ddc2,,Zach J.,Austria-ish Places,JW6_PhOiwD9hqDmWcuJh6u67rjwIwA,📍,place,visited,Austria-ish Places,JW6_PhOiwD9hqDmWcuJh6u67rjwIwA,vibe,
Zeughausgasse 7A,"Zeughausgasse 7A, 6300 Zug, Switzerland",47.1671164,8.5161578,Where it all started.,https://www.google.com/maps?ftid=0x479aaaf75184a941:0x5291ab599d1c82f4,0x479aaaf75184a941:0x5291ab599d1c82f4,/g/11c26f2x_t,Zach J.,Switzerland Places,OvARGjqcJqUpQGyHwNiftD3eqtby6g,📍,place,visited,Switzerland Places,OvARGjqcJqUpQGyHwNiftD3eqtby6g,vibe,
Zlatá ulička u Daliborky,"Hradčany, 119 00 Prague 1, Czechia",50.0918218,14.403829799999999,,https://www.google.com/maps?ftid=0x470b94e024e3e799:0x6f4243dc201428f0,0x470b94e024e3e799:0x6f4243dc201428f0,/m/0ryvvm8,Zach J.,Czech Republic Places,5Sbx3FnNAI1ouog5bO7G95yNPypkiA,📍,place,visited,Czech Republic Places,5Sbx3FnNAI1ouog5bO7G95yNPypkiA,vibe,
Çiçek Pasajı,"Hüseyinağa Mah. İstiklal Cad. Saitpaşa Geçidi No:176, 34435 Beyoğlu/İstanbul, Turkey",41.0339374,28.9780871,,https://www.google.com/maps?ftid=0x14cab760f638f619:0xba73927bf194ff53,0x14cab760f638f619:0xba73927bf194ff53,/m/02r0kw4,Zach J.,Istanbul,T9mlMxDchiknHm63Z7-uttmXeOMrzg,📍,place,visited,Istanbul,T9mlMxDchiknHm63Z7-uttmXeOMrzg,vibe,
Čapadlo Summer Terrace,"Smetanovo nábř. 6, 110 00 Staré Město, Czechia",50.0825161,14.4129662,,https://www.google.com/maps?ftid=0x470b95d7624a810d:0xb9c32986ac4080c2,0x470b95d7624a810d:0xb9c32986ac4080c2,/g/11q2y_rjnl,Zach J.,Czech Republic Places,5Sbx3FnNAI1ouog5bO7G95yNPypkiA,📍,place,visited,Czech Republic Places,5Sbx3FnNAI1ouog5bO7G95yNPypkiA,vibe,
Ōkunoshima,"Ōkunoshima, Tadanoumicho, Takehara, Hiroshima 729-2311, Japan",34.309059999999995,132.9939774,Rabbit Island,https://www.google.com/maps?ftid=0x3550453047d04345:0x48c667e9a04c14fa,0x3550453047d04345:0x48c667e9a04c14fa,/m/03bzlvh,Zach J.,Japan Places,4MFKvfwkuooLXdFwzLh7bJlLOhg8-A,📍,place,visited,Japan Places,4MFKvfwkuooLXdFwzLh7bJlLOhg8-A,vibe,
Εστιατόριο Χαρά,"Stasikratous 10, Nicosia 1066, Cyprus",35.1663536,33.3597587,"Local foods, freshly cooked, fairly priced.",https://www.google.com/maps?ftid=0x14de17571220f93b:0xc3d1d08f16f1a4d3,0x14de17571220f93b:0xc3d1d08f16f1a4d3,/g/11gf9670sf,Zach J.,Cyprus Places,op1yFHMtopjnsWL6BEbTl-cVqS5sDg,📍,place,visited,Cyprus Places,op1yFHMtopjnsWL6BEbTl-cVqS5sDg,vibe,
А хостел,"Saksahanskoho St, 1, Kyiv, Ukraine, 02000",50.4350895,30.5228392,,https://www.google.com/maps?ftid=0x40d4cf6b6a8f54e7:0x23a51c540372146e,0x40d4cf6b6a8f54e7:0x23a51c540372146e,/g/11r_xv29_p,Zach J.,Ukraine Places,rtZlzg3DJ3HuV0pqVKIPqr7kz2er6A,📍,place,visited,Ukraine Places,rtZlzg3DJ3HuV0pqVKIPqr7kz2er6A,vibe,
Пральня.Pralnia.Laundry,"Bohdana Lepkoho St, 10, Lviv, L'vivs'ka oblast, Ukraine, 79007",49.8419751,24.020139999999998,Laundry service,https://www.google.com/maps?ftid=0x473add3f4522e41b:0xcb4be2d65cf577d5,0x473add3f4522e41b:0xcb4be2d65cf577d5,/g/11hzqgf0v7,Zach J.,Ukraine Places,rtZlzg3DJ3HuV0pqVKIPqr7kz2er6A,📍,place,visited,Ukraine Places,rtZlzg3DJ3HuV0pqVKIPqr7kz2er6A,vibe,
インティアズ・カメラマーケット,,35.702278799999995,139.7714476,"The guy has stuff, but in mixed condition and could be overpriced. Be cautious.",https://www.google.com/maps?ftid=0x60188c1e730a4a99:0xd5299a06614d5e0d,0x60188c1e730a4a99:0xd5299a06614d5e0d,,Zach J.,Japan Places,4MFKvfwkuooLXdFwzLh7bJlLOhg8-A,📍,place,visited,Japan Places,4MFKvfwkuooLXdFwzLh7bJlLOhg8-A,vibe,
オスローバッティングセンター新宿店,"2 Chome-34-5 Kabukicho, Shinjuku City, Tokyo 160-0021, Japan",35.6969202,139.7025908,,https://www.google.com/maps?ftid=0x60188d869da5ccb9:0xaaaf51b844c639e8,0x60188d869da5ccb9:0xaaaf51b844c639e8,/g/11qbf0mc0w,Zach J.,Japan Places,4MFKvfwkuooLXdFwzLh7bJlLOhg8-A,📍,place,visited,Japan Places,4MFKvfwkuooLXdFwzLh7bJlLOhg8-A,vibe,
シーシャ１号店,,35.664365499999995,139.6672518,"Shisha cafe, definitely worth a visit.",https://www.google.com/maps?ftid=0x6018f36b33c30c65:0xc2e321e7d42e57a6,0x6018f36b33c30c65:0xc2e321e7d42e57a6,,Zach J.,Japan Places,4MFKvfwkuooLXdFwzLh7bJlLOhg8-A,📍,place,visited,Japan Places,4MFKvfwkuooLXdFwzLh7bJlLOhg8-A,vibe,
ドシー恵比寿,,35.6479739,139.7101631,"DoC, capsule hotel and spa with a sauna.",https://www.google.com/maps?ftid=0x60188b404ba9c2bd:0xf6b7cf594ef5bcd,0x60188b404ba9c2bd:0xf6b7cf594ef5bcd,,Zach J.,Japan Places,4MFKvfwkuooLXdFwzLh7bJlLOhg8-A,📍,place,visited,Japan Places,4MFKvfwkuooLXdFwzLh7bJlLOhg8-A,vibe,
依水園 寧楽美術館,,34.6860413,135.83718149999999,,https://www.google.com/maps?ftid=0x6001398ff95a7d73:0x5a11579a3324bda3,0x6001398ff95a7d73:0x5a11579a3324bda3,,Zach J.,Japan Places,4MFKvfwkuooLXdFwzLh7bJlLOhg8-A,📍,place,visited,Japan Places,4MFKvfwkuooLXdFwzLh7bJlLOhg8-A,vibe,
池袋ゲーセン ミカドｉｎランブルプラザ,,35.732450199999995,139.71359089999999,Old arcade hall.,https://www.google.com/maps?ftid=0x60188d6719b19f6d:0x3614208993eb4e0c,0x60188d6719b19f6d:0x3614208993eb4e0c,,Zach J.,Japan Places,4MFKvfwkuooLXdFwzLh7bJlLOhg8-A,📍,place,visited,Japan Places,4MFKvfwkuooLXdFwzLh7bJlLOhg8-A,vibe,
禅林寺 永観堂,,35.014854299999996,135.7941588,,https://www.google.com/maps?ftid=0x60010918b2b38d17:0x1c9705a093b0ad54,0x60010918b2b38d17:0x1c9705a093b0ad54,,Zach J.,Japan Places,4MFKvfwkuooLXdFwzLh7bJlLOhg8-A,📍,place,visited,Japan Places,4MFKvfwkuooLXdFwzLh7bJlLOhg8-A,vibe,
고기전쟁,"13-1 BIFF gwangjang-ro, Jung-gu, Busan",35.0986656,129.0268649,All you can eat BBQ,https://www.google.com/maps?ftid=0x3568e9a0e1cfc117:0xc2dbaa6c13b30dd4,0x3568e9a0e1cfc117:0xc2dbaa6c13b30dd4,/g/11g0kjkwby,Zach J.,South Korea Places,eq-jX2C0L9Am26jRVNLfIlkd0WnWLw,📍,place,visited,South Korea Places,eq-jX2C0L9Am26jRVNLfIlkd0WnWLw,vibe,
Ayham's Barber Shop,"1047 Avenue Rd, Toronto, ON M5N 2C5",43.705007699999996,-79.4085285,,https://www.google.com/maps?ftid=0x882b33ff3fccc1ff:0x103e62557c5cca0e,0x882b33ff3fccc1ff:0x103e62557c5cca0e,/g/11j4pk4dyf,Zach J.,Churono,_Goa88wVSLuG5ntawKc2cw,🛍️,shop,visited,Churono,_Goa88wVSLuG5ntawKc2cw,vibe,
B&H Photo Video - Electronics and Camera Store,"420 9th Ave, New York, NY 10001, United States",40.7529444,-73.9963276,Photography Mecca,https://www.google.com/maps?ftid=0x89c259b23ddddd23:0xb0dc42ba2848322,0x89c259b23ddddd23:0xb0dc42ba2848322,/m/026zl4z,Zach J.,"New York, New York",m7FS_hkzSJJEPgD5o0716tZ4PbE9XQ,🛍️,shop,visited,"New York, New York",m7FS_hkzSJJEPgD5o0716tZ4PbE9XQ,vibe,
B-PUMP Ogikubo and Shop,,35.7048431,139.6187385,,https://www.google.com/maps?ftid=0x6018edfb41f98dbf:0x88a864bc617a6f91,0x6018edfb41f98dbf:0x88a864bc617a6f91,,Zach J.,Japan Places,4MFKvfwkuooLXdFwzLh7bJlLOhg8-A,🛍️,shop,visited,Japan Places,4MFKvfwkuooLXdFwzLh7bJlLOhg8-A,vibe,
Berezka store & cuisine,"Lordou Vyrona 35, Larnaca 6023, Cyprus",34.9162087,33.634979799999996,Quick foods,https://www.google.com/maps?ftid=0x14e083ef0d373bd9:0xb10c41f8a98927ac,0x14e083ef0d373bd9:0xb10c41f8a98927ac,/g/11k4q4rqt5,Zach J.,Cyprus Places,op1yFHMtopjnsWL6BEbTl-cVqS5sDg,🛍️,shop,visited,Cyprus Places,op1yFHMtopjnsWL6BEbTl-cVqS5sDg,vibe,
Federal Army & Navy Surplus Inc,"2112 1st Ave, Seattle, WA 98121, United States",47.6123221,-122.34438829999999,,https://www.google.com/maps?ftid=0x5490154d04fa9cef:0xa511b82a020881d5,0x5490154d04fa9cef:0xa511b82a020881d5,/g/1td6g59f,Zach J.,Washington Places,WfdnMC3zRI3sfjHBnm_HrYeScehYSA,🛍️,shop,visited,Washington Places,WfdnMC3zRI3sfjHBnm_HrYeScehYSA,vibe,
Leica Galerie und Boutique Salzburg,,47.8009658,13.066269499999999,,https://www.google.com/maps?ftid=0x4776909062031bb7:0x3760bff6082b0199,0x4776909062031bb7:0x3760bff6082b0199,,Zach J.,Austria-ish Places,JW6_PhOiwD9hqDmWcuJh6u67rjwIwA,🛍️,shop,visited,Austria-ish Places,JW6_PhOiwD9hqDmWcuJh6u67rjwIwA,vibe,
Leica Shop,,48.2019179,16.3422369,,https://www.google.com/maps?ftid=0x476d07f254c545c5:0x4785974327d632ef,0x476d07f254c545c5:0x4785974327d632ef,,Zach J.,Austria-ish Places,JW6_PhOiwD9hqDmWcuJh6u67rjwIwA,🛍️,shop,visited,Austria-ish Places,JW6_PhOiwD9hqDmWcuJh6u67rjwIwA,vibe,
Leica Store München,,48.142720399999995,11.5763552,Camera store.,https://www.google.com/maps?ftid=0x479e75f2dab9ff71:0xe715de9982620183,0x479e75f2dab9ff71:0xe715de9982620183,,Zach J.,Deutschland Places,_xr3THKc69o0Q1Jj4xw49b6So0Yt2Q,🛍️,shop,visited,Deutschland Places,_xr3THKc69o0Q1Jj4xw49b6So0Yt2Q,vibe,
Lexington Candy Shop,"1226 Lexington Ave, New York, NY 10028, United States",40.777515799999996,-73.9572118,Super old candy shop.,https://www.google.com/maps?ftid=0x89c258bdb79851fb:0x5e54203c8080f784,0x89c258bdb79851fb:0x5e54203c8080f784,/g/1tfk0ryg,Zach J.,"New York, New York",m7FS_hkzSJJEPgD5o0716tZ4PbE9XQ,🛍️,shop,visited,"New York, New York",m7FS_hkzSJJEPgD5o0716tZ4PbE9XQ,vibe,
Spacing Store,"401 Richmond St W, Toronto, ON M5V 3A8",43.648134999999996,-79.39399399999999,,https://www.google.com/maps?ftid=0x882b34dba9924651:0x20e0faa40c1b18ee,0x882b34dba9924651:0x20e0faa40c1b18ee,/g/11b6n8_cmz,Zach J.,Churono,_Goa88wVSLuG5ntawKc2cw,🛍️,shop,visited,Churono,_Goa88wVSLuG5ntawKc2cw,vibe,
Sushiro Minamiikebukuro shop,,35.7266036,139.71150559999998,"Great sushi, long wait",https://www.google.com/maps?ftid=0x60188d429cfb0017:0x58ab3c57ab2246f2,0x60188d429cfb0017:0x58ab3c57ab2246f2,,Zach J.,Japan Places,4MFKvfwkuooLXdFwzLh7bJlLOhg8-A,🛍️,shop,visited,Japan Places,4MFKvfwkuooLXdFwzLh7bJlLOhg8-A,vibe,
The Federal Store Luncheonette & Grocer,"2601 Quebec St, Vancouver, BC V5T 3A6",49.2619413,-123.1031788,,https://www.google.com/maps?ftid=0x548673e1a01a95ad:0xca82a62f6530d79b,0x548673e1a01a95ad:0xca82a62f6530d79b,/g/11cspn860g,Zach J.,BC Places,J-HTPTrrRB2hdSQ_jx2gvA,🛍️,shop,visited,BC Places,J-HTPTrrRB2hdSQ_jx2gvA,vibe,
Uncle Uber's Sammich Shop,"2713 Commerce St, Dallas, TX 75226, United States",32.7833091,-96.7833553,,https://www.google.com/maps?ftid=0x864e98dd651d6161:0xa1b5aaf0a5aeef9,0x864e98dd651d6161:0xa1b5aaf0a5aeef9,/g/1tdw_z42,Zach J.,Texas,1S_gekS-v4RZuZLaRNwLRkv_EUSNYw,🛍️,shop,visited,Texas,1S_gekS-v4RZuZLaRNwLRkv_EUSNYw,vibe,
Guest services whistler village ski lifts and school,"Skiers Plaza, Whistler, BC V0N 1B4",50.1128205,-122.9543314,,https://www.google.com/maps?ftid=0x548723cfdeece7c1:0xaac0ffd8c928ac94,0x548723cfdeece7c1:0xaac0ffd8c928ac94,/g/11fks6ch_4,Zach J.,BC Places,J-HTPTrrRB2hdSQ_jx2gvA,🎿,ski,visited,BC Places,J-HTPTrrRB2hdSQ_jx2gvA,vibe,
5 Elements Hostel Leipzig,"Kleine Fleischergasse 8, 04109 Leipzig, Germany",51.341241,12.3727141,,https://www.google.com/maps?ftid=0x47a6f82123c93693:0xbafdeee0042620e1,0x47a6f82123c93693:0xbafdeee0042620e1,/g/11btv66yvr,Zach J.,Deutschland Places,_xr3THKc69o0Q1Jj4xw49b6So0Yt2Q,🏨,stay,visited,Deutschland Places,_xr3THKc69o0Q1Jj4xw49b6So0Yt2Q,vibe,
9h nine hours Hamamatsucho sleep lab,"1 Chome-25-10 Hamamatsucho, Minato City, Tokyo 105-0013, Japan",35.6573421,139.7559268,Stellar capsule hotel.,https://www.google.com/maps?ftid=0x60188bc6e6401569:0x7bdb270e9b0ff492,0x60188bc6e6401569:0x7bdb270e9b0ff492,/g/11h_sz1h22,Zach J.,Japan Places,4MFKvfwkuooLXdFwzLh7bJlLOhg8-A,🏨,stay,visited,Japan Places,4MFKvfwkuooLXdFwzLh7bJlLOhg8-A,vibe,
a&o Hostel Salzburg Hauptbahnhof,,47.8151608,13.0440895,,https://www.google.com/maps?ftid=0x47769a82dcf94d79:0x1e0f2ab14fb6c40c,0x47769a82dcf94d79:0x1e0f2ab14fb6c40c,,Zach J.,Austria-ish Places,JW6_PhOiwD9hqDmWcuJh6u67rjwIwA,🏨,stay,visited,Austria-ish Places,JW6_PhOiwD9hqDmWcuJh6u67rjwIwA,vibe,
Airway Inn Houston,"2221 Greens Rd, Houston, TX 77032, United States",29.9518094,-95.3571193,Worst. Hotel. Ever.,https://www.google.com/maps?ftid=0x8640b67c074d160d:0x9e51bc2901dcce35,0x8640b67c074d160d:0x9e51bc2901dcce35,/g/11c1f84kbb,Zach J.,'Murica Road Trip,D0K89-5vgjBHw6XsSCispo4wxNwsVA,🏨,stay,visited,'Murica Road Trip,D0K89-5vgjBHw6XsSCispo4wxNwsVA,vibe,
Arlo Chicago (Formerly Hotel Julian),"168 N Michigan Ave, Chicago, IL 60601, United States",41.885143899999996,-87.6249203,,https://www.google.com/maps?ftid=0x880e2d6f21f0e0d5:0x74a8615ee11f9978,0x880e2d6f21f0e0d5:0x74a8615ee11f9978,/g/11g1lmbb4x,Zach J.,Illinois Places,jvmK2Q-VUEhCXxu8GrJbdro33fvGTw,🏨,stay,visited,Illinois Places,jvmK2Q-VUEhCXxu8GrJbdro33fvGTw,vibe,
B&B HOTEL Wrocław Centrum,"ks. Piotra Skargi 24/28, 50-082 Wrocław, Poland",51.1065598,17.038626999999998,,https://www.google.com/maps?ftid=0x470fc27739d42501:0x8d72e19ff20d158c,0x470fc27739d42501:0x8d72e19ff20d158c,/g/12vs0cs71,Zach J.,Poland Places,rJiYI8AwTOeCZ372vYFwILDmTQWZ1w,🏨,stay,visited,Poland Places,rJiYI8AwTOeCZ372vYFwILDmTQWZ1w,vibe,
Backpackers Hostel K's House Kyoto,,34.989785999999995,135.7648534,Great hostel to stay at in Kyoto,https://www.google.com/maps?ftid=0x600108b0e10b0325:0x37b1b51802cad27e,0x600108b0e10b0325:0x37b1b51802cad27e,,Zach J.,Japan Places,4MFKvfwkuooLXdFwzLh7bJlLOhg8-A,🏨,stay,visited,Japan Places,4MFKvfwkuooLXdFwzLh7bJlLOhg8-A,vibe,
Best Western Plus Greenwell Inn,"105 S Main St, Moab, UT 84532, United States",38.571587699999995,-109.54976149999999,,https://www.google.com/maps?ftid=0x8747e1edd51f19f3:0x8920281a85968f5f,0x8747e1edd51f19f3:0x8920281a85968f5f,/g/1tdfnr6t,Zach J.,Utah Places,yxf29Fw1SnujpoH_zKcqAA,🏨,stay,visited,Utah Places,yxf29Fw1SnujpoH_zKcqAA,vibe,
Braunau am Inn,,48.25573,13.044319999999999,,https://www.google.com/maps?ftid=0x4774349a704bc057:0x294e0e673cbc4ecb,0x4774349a704bc057:0x294e0e673cbc4ecb,,Zach J.,Austria-ish Places,JW6_PhOiwD9hqDmWcuJh6u67rjwIwA,🏨,stay,visited,Austria-ish Places,JW6_PhOiwD9hqDmWcuJh6u67rjwIwA,vibe,
"Czech Inn, Prague","Francouzská 240/76, 101 00 Praha 10-Vršovice, Czechia",50.071835799999995,14.446434799999999,,https://www.google.com/maps?ftid=0x470b948167d26feb:0x5859cad6621f172c,0x470b948167d26feb:0x5859cad6621f172c,/g/1vfp2bpw,Zach J.,Czech Republic Places,5Sbx3FnNAI1ouog5bO7G95yNPypkiA,🏨,stay,visited,Czech Republic Places,5Sbx3FnNAI1ouog5bO7G95yNPypkiA,vibe,
Delta King Hotel,"1000 Front St, Sacramento, CA 95814, United States",38.582663499999995,-121.5066516,,https://www.google.com/maps?ftid=0x809ad6cce8ffb845:0x774e2a64c16aa382,0x809ad6cce8ffb845:0x774e2a64c16aa382,/g/1td9_ygm,Zach J.,California Places,aTaCY8tke-6jFT8XQ0SVYBXQZ4k60Q,🏨,stay,visited,California Places,aTaCY8tke-6jFT8XQ0SVYBXQZ4k60Q,vibe,
DoubleTree by Hilton Hotel Charlotte,"895 W Trade St, Charlotte, NC 28202, United States",35.2330204,-80.851838,,https://www.google.com/maps?ftid=0x8856a032fe3da9d3:0x45f253e03c1e1643,0x8856a032fe3da9d3:0x45f253e03c1e1643,/g/1vhkl7qx,Zach J.,'Murica Road Trip,D0K89-5vgjBHw6XsSCispo4wxNwsVA,🏨,stay,visited,'Murica Road Trip,D0K89-5vgjBHw6XsSCispo4wxNwsVA,vibe,
DoubleTree Suites by Hilton Hotel Huntsville South,"6000 Memorial Pkwy SW, Huntsville, AL 35802, United States",34.6696321,-86.5745401,,https://www.google.com/maps?ftid=0x886212ce39a229fb:0xa808d221b1377c4a,0x886212ce39a229fb:0xa808d221b1377c4a,/g/1tgyxfpf,Zach J.,'Murica Road Trip,D0K89-5vgjBHw6XsSCispo4wxNwsVA,🏨,stay,visited,'Murica Road Trip,D0K89-5vgjBHw6XsSCispo4wxNwsVA,vibe,
Euro Youth Hotel,,48.1384948,11.560221199999999,Pretty good hostel,https://www.google.com/maps?ftid=0x479e75f84c686bcd:0x65087407b211d85d,0x479e75f84c686bcd:0x65087407b211d85d,,Zach J.,Deutschland Places,_xr3THKc69o0Q1Jj4xw49b6So0Yt2Q,🏨,stay,visited,Deutschland Places,_xr3THKc69o0Q1Jj4xw49b6So0Yt2Q,vibe,
evo Hotel,"660 S 400 W, Salt Lake City, UT 84101, United States",40.754959199999995,-111.903075,,https://www.google.com/maps?ftid=0x8752f542f68b6f5f:0x2a5b29c6940c03c0,0x8752f542f68b6f5f:0x2a5b29c6940c03c0,/g/11sk_p3s9d,Zach J.,Utah Places,yxf29Fw1SnujpoH_zKcqAA,🏨,stay,visited,Utah Places,yxf29Fw1SnujpoH_zKcqAA,vibe,
"Fairfield Inn & Suites by Marriott New York Downtown Manhattan/World Trade 
Center Area",,40.7082933,-74.01371639999999,Hotel in the financial district.,https://www.google.com/maps?ftid=0x89c25a10c2fb59e5:0xa17dce4a95b89141,0x89c25a10c2fb59e5:0xa17dce4a95b89141,,Zach J.,"New York, New York",m7FS_hkzSJJEPgD5o0716tZ4PbE9XQ,🏨,stay,visited,"New York, New York",m7FS_hkzSJJEPgD5o0716tZ4PbE9XQ,vibe,
Firehouse Hostel,"605 Brazos St, Austin, TX 78701, United States",30.268208299999998,-97.7410889,,https://www.google.com/maps?ftid=0x8644b5a76505b425:0x30764dcf1f6e1876,0x8644b5a76505b425:0x30764dcf1f6e1876,/g/11c6068blx,Zach J.,Texas,1S_gekS-v4RZuZLaRNwLRkv_EUSNYw,🏨,stay,visited,Texas,1S_gekS-v4RZuZLaRNwLRkv_EUSNYw,vibe,
G Guesthouse Itaewon,"14-38 Bogwang-ro 60-gil, Yongsan District, Seoul",37.5334199,126.9949182,,https://www.google.com/maps?ftid=0x357ca24a8f8fb965:0xcea716792122cf36,0x357ca24a8f8fb965:0xcea716792122cf36,/g/11b6d7dbfb,Zach J.,South Korea Places,eq-jX2C0L9Am26jRVNLfIlkd0WnWLw,🏨,stay,visited,South Korea Places,eq-jX2C0L9Am26jRVNLfIlkd0WnWLw,vibe,
Green Tortoise Hostel San Francisco,"494 Broadway, San Francisco, CA 94133, United States",37.7981783,-122.4052208,Really chill hostel with a nice vibe.,https://www.google.com/maps?ftid=0x808580f45ee63535:0x1142d6e90e4409f5,0x808580f45ee63535:0x1142d6e90e4409f5,/g/1ts3lf68,Zach J.,California Places,aTaCY8tke-6jFT8XQ0SVYBXQZ4k60Q,🏨,stay,visited,California Places,aTaCY8tke-6jFT8XQ0SVYBXQZ4k60Q,vibe,
Green Tortoise Hostel Seattle,"105 Pike St, Seattle, WA 98101, United States",47.608903999999995,-122.3395908,,https://www.google.com/maps?ftid=0x54906ab2561e564b:0x12bc814dc283a1ab,0x54906ab2561e564b:0x12bc814dc283a1ab,/g/1td7sx3h,Zach J.,Washington Places,WfdnMC3zRI3sfjHBnm_HrYeScehYSA,🏨,stay,visited,Washington Places,WfdnMC3zRI3sfjHBnm_HrYeScehYSA,vibe,
HelloBCN Hostel Barcelona,"C/ de Lafont, 8 - 10, 08004 Barcelona, Spain",41.3736004,2.1693184,,https://www.google.com/maps?ftid=0x12a4a25c7c6d7043:0xb9c84f12730cc9b4,0x12a4a25c7c6d7043:0xb9c84f12730cc9b4,/g/1vy5d85n,Zach J.,Spain,9OTD759Vy7eRxRIn4AOrt-0eFJ0TtA,🏨,stay,visited,Spain,9OTD759Vy7eRxRIn4AOrt-0eFJ0TtA,vibe,
HI Los Angeles Santa Monica Hostel,"1436 2nd St, Santa Monica, CA 90401, United States",34.0139959,-118.4963385,,https://www.google.com/maps?ftid=0x80c2a4d03b9d770b:0x3bc48de3c7234862,0x80c2a4d03b9d770b:0x3bc48de3c7234862,/g/1tjbsfbc,Zach J.,California Places,aTaCY8tke-6jFT8XQ0SVYBXQZ4k60Q,🏨,stay,visited,California Places,aTaCY8tke-6jFT8XQ0SVYBXQZ4k60Q,vibe,
HI New York City Hostel,"891 Amsterdam Ave, New York, NY 10025, United States",40.7986629,-73.966588,,https://www.google.com/maps?ftid=0x89c2f6246837073b:0xc9dcfc4023c86664,0x89c2f6246837073b:0xc9dcfc4023c86664,/g/1wk7rt2b,Zach J.,"New York, New York",m7FS_hkzSJJEPgD5o0716tZ4PbE9XQ,🏨,stay,visited,"New York, New York",m7FS_hkzSJJEPgD5o0716tZ4PbE9XQ,vibe,
HI Sacramento Hostel,"925 H St, Sacramento, CA 95814, United States",38.582853799999995,-121.49288779999999,,https://www.google.com/maps?ftid=0x809ad12a5e62700d:0x14bd1c56efa5ceac,0x809ad12a5e62700d:0x14bd1c56efa5ceac,/g/1td0grvt,Zach J.,California Places,aTaCY8tke-6jFT8XQ0SVYBXQZ4k60Q,🏨,stay,visited,California Places,aTaCY8tke-6jFT8XQ0SVYBXQZ4k60Q,vibe,
HI San Diego Downtown Hostel,"521 Market St, San Diego, CA 92101",32.7113659,-117.1598001,,https://www.google.com/maps?ftid=0x80d95359bceddd73:0x1c4d3c69c0923875,0x80d95359bceddd73:0x1c4d3c69c0923875,,Zach J.,California Places,aTaCY8tke-6jFT8XQ0SVYBXQZ4k60Q,🏨,stay,visited,California Places,aTaCY8tke-6jFT8XQ0SVYBXQZ4k60Q,vibe,
Hidden Garden Hostel,"11 Wua Lai Rd, Tambon Haiya, Mueang Chiang Mai District, Chiang Mai 50100",18.7807605,98.9876634,,https://www.google.com/maps?ftid=0x30da31886bfd99db:0x4cdc6db9ad1431a3,0x30da31886bfd99db:0x4cdc6db9ad1431a3,/g/11j7jpc43y,Zach J.,Thailand Places,8ZLYjtP28NdeHaxAFNWuqLewhbemIw,🏨,stay,visited,Thailand Places,8ZLYjtP28NdeHaxAFNWuqLewhbemIw,vibe,
Hilton Istanbul Bomonti Hotel & Conference Center,"Merkez, Silahşör Cd. No:42, 34381 Şişli/İstanbul, Turkey",41.0584649,28.9794965,,https://www.google.com/maps?ftid=0x14cab71097e050bd:0x99466dd22ca806de,0x14cab71097e050bd:0x99466dd22ca806de,/g/1jkw18wzq,Zach J.,Istanbul,T9mlMxDchiknHm63Z7-uttmXeOMrzg,🏨,stay,visited,Istanbul,T9mlMxDchiknHm63Z7-uttmXeOMrzg,vibe,
Hostel Mitsuwaya Osaka,,34.6705946,135.5133617,Great hostel in Osaka.,https://www.google.com/maps?ftid=0x6000e747a75f53d3:0xea01d4f15807dcca,0x6000e747a75f53d3:0xea01d4f15807dcca,,Zach J.,Japan Places,4MFKvfwkuooLXdFwzLh7bJlLOhg8-A,🏨,stay,visited,Japan Places,4MFKvfwkuooLXdFwzLh7bJlLOhg8-A,vibe,
Hotel De Koopermoolen,,52.376111099999996,4.8994444,,https://www.google.com/maps?ftid=0x47c609b8348df055:0xd48c998f5451216,0x47c609b8348df055:0xd48c998f5451216,,Zach J.,Netherlands Places,uUJAjJl3UL4Vb2neQptAbAc1dIoemQ,🏨,stay,visited,Netherlands Places,uUJAjJl3UL4Vb2neQptAbAc1dIoemQ,vibe,
Hotel Fairmont Royal York,"100 Front St W, Toronto, ON M5J 1E3, Canada",43.6460303,-79.381388,Nice hotel for wedding and or normal portraits.,https://www.google.com/maps?ftid=0x882b34d3152a8e61:0x154fe230e73270f,0x882b34d3152a8e61:0x154fe230e73270f,,Zach J.,Toronto Photography,EBdYtSZKT2SzsVOBUpVjfw,🏨,stay,visited,Toronto Photography,EBdYtSZKT2SzsVOBUpVjfw,vibe,
Hotel Max,"620 Stewart St, Seattle, WA 98101, United States",47.614287399999995,-122.3367201,,https://www.google.com/maps?ftid=0x5490154ae1d0c8f1:0x9f68d43e8a9f1042,0x5490154ae1d0c8f1:0x9f68d43e8a9f1042,/g/1tmpdmsz,Zach J.,Washington Places,WfdnMC3zRI3sfjHBnm_HrYeScehYSA,🏨,stay,visited,Washington Places,WfdnMC3zRI3sfjHBnm_HrYeScehYSA,vibe,
Hub New Lisbon Hostel,,38.7145985,-9.147496,,https://www.google.com/maps?ftid=0xd19337fbb247ee7:0x58617d490cb0fcb0,0xd19337fbb247ee7:0x58617d490cb0fcb0,,Zach J.,Portugal Places,PJetNvIfkAY8zDHfGEEQlDLG4G2qyg,🏨,stay,visited,Portugal Places,PJetNvIfkAY8zDHfGEEQlDLG4G2qyg,vibe,
Imano Osaka Shinsaibashi Hostel,"1 Chome-13-28 Kitahorie, Nishi Ward, Osaka, 550-0014, Japan",34.672900999999996,135.4950431,,https://www.google.com/maps?ftid=0x6000e7057a61bb9f:0x52086fe431a13d6c,0x6000e7057a61bb9f:0x52086fe431a13d6c,/g/11gxwnqvmv,Zach J.,Japan Places,4MFKvfwkuooLXdFwzLh7bJlLOhg8-A,🏨,stay,visited,Japan Places,4MFKvfwkuooLXdFwzLh7bJlLOhg8-A,vibe,
ITH Santa Barbara Surf Hostel,"134 Chapala St, Santa Barbara, CA 93101, United States",34.413114,-119.6924581,,https://www.google.com/maps?ftid=0x80e913047eb907f3:0xb3eef192a5416ea0,0x80e913047eb907f3:0xb3eef192a5416ea0,/g/11v0_x7lhs,Zach J.,California Places,aTaCY8tke-6jFT8XQ0SVYBXQZ4k60Q,🏨,stay,visited,California Places,aTaCY8tke-6jFT8XQ0SVYBXQZ4k60Q,vibe,
Jacobs Inn Dublin,"21-28 Talbot Pl, Mountjoy, Dublin 1, D01 W5P8, Ireland",53.350703499999995,-6.2517865,,https://www.google.com/maps?ftid=0x48670e8ed74a868d:0xda47541029bb92d7,0x48670e8ed74a868d:0xda47541029bb92d7,/g/1v8gbfps,Zach J.,Ireland,PZ1939FGYznLJLfbw23DtttFpkZvgg,🏨,stay,visited,Ireland,PZ1939FGYznLJLfbw23DtttFpkZvgg,vibe,
Kapsuła Hostel - komfortowy i bezpieczny nocleg w centrum Warszawy,"Dowcip 4, 00-051 Warszawa, Poland",52.2375585,21.013954299999998,,https://www.google.com/maps?ftid=0x471ecc5ffc3a6e01:0x47fee149b91fe8b6,0x471ecc5ffc3a6e01:0x47fee149b91fe8b6,/g/11cs1ynglj,Zach J.,Poland Places,rJiYI8AwTOeCZ372vYFwILDmTQWZ1w,🏨,stay,visited,Poland Places,rJiYI8AwTOeCZ372vYFwILDmTQWZ1w,vibe,
Khaosan Social Capsule Hostel,"147, 14 Tani, Talat Yot, Phra Nakhon, Bangkok 10200",13.7601331,100.4987214,,https://www.google.com/maps?ftid=0x30e299ba55093e09:0xd47d71a5fd193a26,0x30e299ba55093e09:0xd47d71a5fd193a26,/g/11j1md7yt2,Zach J.,Thailand Places,8ZLYjtP28NdeHaxAFNWuqLewhbemIw,🏨,stay,visited,Thailand Places,8ZLYjtP28NdeHaxAFNWuqLewhbemIw,vibe,
Kimchee Busan Downtown Guesthouse,"20-8 Hwangnyeong-daero 7beon-gil, Busanjin District, Busan",35.1483662,129.060344,,https://www.google.com/maps?ftid=0x3568eb77638b3b9f:0xedf489c6cf3d419f,0x3568eb77638b3b9f:0xedf489c6cf3d419f,/g/11c1ljqdw9,Zach J.,South Korea Places,eq-jX2C0L9Am26jRVNLfIlkd0WnWLw,🏨,stay,visited,South Korea Places,eq-jX2C0L9Am26jRVNLfIlkd0WnWLw,vibe,
La Quinta Inn & Suites by Wyndham La Verkin-Gateway to Zion,,37.211531,-113.2681504,,https://www.google.com/maps?ftid=0x80caf3e68e75f559:0x51d04f9dafa8d759,0x80caf3e68e75f559:0x51d04f9dafa8d759,,Zach J.,Utah Places,yxf29Fw1SnujpoH_zKcqAA,🏨,stay,visited,Utah Places,yxf29Fw1SnujpoH_zKcqAA,vibe,
Lemongrass Hostel,"Leontiou Machaira 73, Limassol 3025, Cyprus",34.6821741,33.039647699999996,,https://www.google.com/maps?ftid=0x14e7330f556ab2b9:0x4f908284bd9857b5,0x14e7330f556ab2b9:0x4f908284bd9857b5,/g/11cm3n9xv5,Zach J.,Cyprus Places,op1yFHMtopjnsWL6BEbTl-cVqS5sDg,🏨,stay,visited,Cyprus Places,op1yFHMtopjnsWL6BEbTl-cVqS5sDg,vibe,
Lollis Homestay Hostel Dresden,"Görlitzer Str. 34, 01099 Dresden, Germany",51.0687879,13.7556783,,https://www.google.com/maps?ftid=0x4709cf3c7da5875d:0x35bb16a67d8eb3ad,0x4709cf3c7da5875d:0x35bb16a67d8eb3ad,/g/1tfp151q,Zach J.,Deutschland Places,_xr3THKc69o0Q1Jj4xw49b6So0Yt2Q,🏨,stay,visited,Deutschland Places,_xr3THKc69o0Q1Jj4xw49b6So0Yt2Q,vibe,
MEININGER Hotel Zürich Greencity,"Maneggstrasse 41, 8041 Zürich, Switzerland",47.3414813,8.5201842,,https://www.google.com/maps?ftid=0x479009c5316c3557:0xddd7e9758a0434f1,0x479009c5316c3557:0xddd7e9758a0434f1,/g/11nt6t_1ff,Zach J.,Switzerland Places,OvARGjqcJqUpQGyHwNiftD3eqtby6g,🏨,stay,visited,Switzerland Places,OvARGjqcJqUpQGyHwNiftD3eqtby6g,vibe,
Music City Hotel - Home of the San Francisco Music Hall of Fame,"1353 Bush St, San Francisco, CA 94109, United States",37.788559899999996,-122.41951689999999,,https://www.google.com/maps?ftid=0x808580948a7566d7:0x7c8eba6908a416d9,0x808580948a7566d7:0x7c8eba6908a416d9,/g/1w0j4dxn,Zach J.,California Places,aTaCY8tke-6jFT8XQ0SVYBXQZ4k60Q,🏨,stay,visited,California Places,aTaCY8tke-6jFT8XQ0SVYBXQZ4k60Q,vibe,
NapPark Hostel @ Khao San,"5 Tani, Talat Yot, Phra Nakhon, Bangkok 10200",13.7608862,100.49767849999999,,https://www.google.com/maps?ftid=0x30e2996d12e85823:0x68d16fd6d7b0bc2c,0x30e2996d12e85823:0x68d16fd6d7b0bc2c,/g/1tf5mnwr,Zach J.,Thailand Places,8ZLYjtP28NdeHaxAFNWuqLewhbemIw,🏨,stay,visited,Thailand Places,8ZLYjtP28NdeHaxAFNWuqLewhbemIw,vibe,
Northwest Portland Hostel,"479 NW 18th Ave, Portland, OR 97209, United States",45.526235199999995,-122.68957359999999,"Decent hostel, kinda bare bones.",https://www.google.com/maps?ftid=0x54950956b49c83f1:0xb62185db2ee0b71,0x54950956b49c83f1:0xb62185db2ee0b71,/g/11qbcmqhv5,Zach J.,O-re-going Places,uPOFXqj2oXs8EjysOzM2PTCFTrpdog,🏨,stay,visited,O-re-going Places,uPOFXqj2oXs8EjysOzM2PTCFTrpdog,vibe,
NY Moore Hostel,"179 Moore St, Brooklyn, NY 11206, United States",40.7042591,-73.9375953,Okayish hostel in a pinch.,https://www.google.com/maps?ftid=0x89c25bf8cb3c736d:0x9f4efe6ed01322a6,0x89c25bf8cb3c736d:0x9f4efe6ed01322a6,/g/1tfkrppf,Zach J.,"New York, New York",m7FS_hkzSJJEPgD5o0716tZ4PbE9XQ,🏨,stay,visited,"New York, New York",m7FS_hkzSJJEPgD5o0716tZ4PbE9XQ,vibe,
Oki Doki Hostel,"Długa 6, 00-238 Warszawa, Poland",52.250661199999996,21.008506699999998,,https://www.google.com/maps?ftid=0x471ecc6fc1cc4839:0x9711859dd4979730,0x471ecc6fc1cc4839:0x9711859dd4979730,/g/11dzt1zft1,Zach J.,Poland Places,rJiYI8AwTOeCZ372vYFwILDmTQWZ1w,🏨,stay,visited,Poland Places,rJiYI8AwTOeCZ372vYFwILDmTQWZ1w,vibe,
On The Square Hotel,"Kam'yanytsya Alembekivsʹka, Rynok Square, 13, Lviv, Lviv Oblast, Ukraine, 79000",49.841194099999996,24.0323982,,https://www.google.com/maps?ftid=0x473add6c4c2a8e4b:0x274cf6e810455736,0x473add6c4c2a8e4b:0x274cf6e810455736,/g/1hdz14s6k,Zach J.,Ukraine Places,rtZlzg3DJ3HuV0pqVKIPqr7kz2er6A,🏨,stay,visited,Ukraine Places,rtZlzg3DJ3HuV0pqVKIPqr7kz2er6A,vibe,
One Way Guesthouse Busan,"6-3 Jungang-daero 196beon-gil, Dong-gu, Busan",35.1141404,129.0401622,,https://www.google.com/maps?ftid=0x3568e9a466b36f15:0x90346f1ecf8b4589,0x3568e9a466b36f15:0x90346f1ecf8b4589,/g/11f9fwbxgc,Zach J.,South Korea Places,eq-jX2C0L9Am26jRVNLfIlkd0WnWLw,🏨,stay,visited,South Korea Places,eq-jX2C0L9Am26jRVNLfIlkd0WnWLw,vibe,
Pangea Pod Hotel,"4333 Sunrise Alley, Whistler, BC V8E 1M7",50.1143466,-122.95562319999999,,https://www.google.com/maps?ftid=0x5487234b576a4e19:0xf1a2db24e5f3864f,0x5487234b576a4e19:0xf1a2db24e5f3864f,/g/11g0mv7skv,Zach J.,BC Places,J-HTPTrrRB2hdSQ_jx2gvA,🏨,stay,visited,BC Places,J-HTPTrrRB2hdSQ_jx2gvA,vibe,
R Hostel Namba South,"1 Chome-12-2 Haginochaya, Nishinari Ward, Osaka, 557-0004, Japan",34.647918,135.5019927,,https://www.google.com/maps?ftid=0x6000dd8faff31011:0xcc43f58c5c1e3bd2,0x6000dd8faff31011:0xcc43f58c5c1e3bd2,/g/11j0jr527s,Zach J.,Japan Places,4MFKvfwkuooLXdFwzLh7bJlLOhg8-A,🏨,stay,visited,Japan Places,4MFKvfwkuooLXdFwzLh7bJlLOhg8-A,vibe,
Shelter City Hostel Amsterdam,,52.3723755,4.8990703,,https://www.google.com/maps?ftid=0x47c609b9284ae383:0x2530c949c6ba9da7,0x47c609b9284ae383:0x2530c949c6ba9da7,,Zach J.,Netherlands Places,uUJAjJl3UL4Vb2neQptAbAc1dIoemQ,🏨,stay,visited,Netherlands Places,uUJAjJl3UL4Vb2neQptAbAc1dIoemQ,vibe,
Shelter Jordan Amsterdam Hostel,,52.373050299999996,4.8772223,,https://www.google.com/maps?ftid=0x47c609dbf398d211:0xd66ae2dd8a101a4,0x47c609dbf398d211:0xd66ae2dd8a101a4,,Zach J.,Netherlands Places,uUJAjJl3UL4Vb2neQptAbAc1dIoemQ,🏨,stay,visited,Netherlands Places,uUJAjJl3UL4Vb2neQptAbAc1dIoemQ,vibe,
Smart Russell Square Hostel,"71-72 Guilford St, London WC1N 1DF, United Kingdom",51.5227976,-0.12320869999999999,Not a good hostel. Avoid.,https://www.google.com/maps?ftid=0x48761b3729bed0b7:0xf126608d8bf8ae26,0x48761b3729bed0b7:0xf126608d8bf8ae26,/g/1tgpmhwt,Zach J.,London (The British One),Dc1pjbzURxS4lLc15TJmfg,🏨,stay,visited,London (The British One),Dc1pjbzURxS4lLc15TJmfg,vibe,
Squamish Adventure Inn & Hostel,,49.7023076,-123.1441926,,https://www.google.com/maps?ftid=0x548642b429f84bf9:0xaa54df0477b98c20,0x548642b429f84bf9:0xaa54df0477b98c20,,Zach J.,BC Places,J-HTPTrrRB2hdSQ_jx2gvA,🏨,stay,visited,BC Places,J-HTPTrrRB2hdSQ_jx2gvA,vibe,
St Christopher's Inn Edinburgh Original,"9-13 Market St, Edinburgh EH1 1DE, United Kingdom",55.9509559,-3.1903487999999998,,https://www.google.com/maps?ftid=0x4887c78ff2c9139b:0x1edcb3dbba482546,0x4887c78ff2c9139b:0x1edcb3dbba482546,/g/1tdq5l6x,Zach J.,Land of Scots,nrpv0PI_5p-7UBIdU0S_VRRVZzdshQ,🏨,stay,visited,Land of Scots,nrpv0PI_5p-7UBIdU0S_VRRVZzdshQ,vibe,
St Christopher's Inn Paris Canal,"159 Rue de Crimée, 75019 Paris, France",48.8885584,2.3790101,Hostel,https://www.google.com/maps?ftid=0x47e66dd1aeafac3d:0x812f0652ce7770bc,0x47e66dd1aeafac3d:0x812f0652ce7770bc,/g/11xdpv67v,Zach J.,France,1a9PFoaE6QmGPm2JEsIX4DjQqMe7dQ,🏨,stay,visited,France,1a9PFoaE6QmGPm2JEsIX4DjQqMe7dQ,vibe,
Station Backpacker's Hostel,"Marzellenstraße 44-56, 50668 Köln, Germany",50.944064999999995,6.956173,,https://www.google.com/maps?ftid=0x47bf25a4fd2c2e41:0xc5659141a0475139,0x47bf25a4fd2c2e41:0xc5659141a0475139,/g/1td3qmh_,Zach J.,Deutschland Places,_xr3THKc69o0Q1Jj4xw49b6So0Yt2Q,🏨,stay,visited,Deutschland Places,_xr3THKc69o0Q1Jj4xw49b6So0Yt2Q,vibe,
"The Beekman, a Thompson Hotel","123 Nassau St, New York, NY 10038, United States",40.7112134,-74.0069041,,https://www.google.com/maps?ftid=0x89c25a187bfeaaab:0xb5e727f9cc73002a,0x89c25a187bfeaaab:0xb5e727f9cc73002a,/g/11bxfsfpjl,Zach J.,"New York, New York",m7FS_hkzSJJEPgD5o0716tZ4PbE9XQ,🏨,stay,visited,"New York, New York",m7FS_hkzSJJEPgD5o0716tZ4PbE9XQ,vibe,
The Flying Pig Downtown Hostel,,52.3767132,4.896378299999999,,https://www.google.com/maps?ftid=0x47c609b807f35e93:0xfe131c9212524df0,0x47c609b807f35e93:0xfe131c9212524df0,,Zach J.,Netherlands Places,uUJAjJl3UL4Vb2neQptAbAc1dIoemQ,🏨,stay,visited,Netherlands Places,uUJAjJl3UL4Vb2neQptAbAc1dIoemQ,vibe,
The Society Hotel - Portland,"203 NW 3rd Ave, Portland, OR 97209, United States",45.524684,-122.67368979999999,"Good hotel with bunks, not a great area, watch your cornhole bud.",https://www.google.com/maps?ftid=0x54950a00be6a6d77:0xedf87a853c91b666,0x54950a00be6a6d77:0xedf87a853c91b666,/g/11byfvyfxz,Zach J.,O-re-going Places,uPOFXqj2oXs8EjysOzM2PTCFTrpdog,🏨,stay,visited,O-re-going Places,uPOFXqj2oXs8EjysOzM2PTCFTrpdog,vibe,
"The Troubadour Hotel New Orleans, Tapestry Collection by Hilton","1111 Gravier St, New Orleans, LA 70112, United States",29.9533305,-90.0744533,Nice hotel in NOLA.,https://www.google.com/maps?ftid=0x8620a60c21ee00cb:0xfb1c351aa3b9d386,0x8620a60c21ee00cb:0xfb1c351aa3b9d386,/g/11c0xdd341,Zach J.,'Murica Road Trip,D0K89-5vgjBHw6XsSCispo4wxNwsVA,🏨,stay,visited,'Murica Road Trip,D0K89-5vgjBHw6XsSCispo4wxNwsVA,vibe,
The Watergate Hotel,"2650 Virginia Ave NW, Washington, DC 20037, United States",38.8994851,-77.0556711,,https://www.google.com/maps?ftid=0x89b7b7b2b79a3b6d:0xc7748db45c4c9750,0x89b7b7b2b79a3b6d:0xc7748db45c4c9750,/g/1q6jbg6r0,Zach J.,Washington DC Places,LcNB3Ku1niTAsy0qH-HKT1v9d_odjw,🏨,stay,visited,Washington DC Places,LcNB3Ku1niTAsy0qH-HKT1v9d_odjw,vibe,
"The Westin Resort & Spa, Puerto Vallarta","Av. Paseo de la Marina Sur 205, Marina Vallarta, 48354 Puerto Vallarta, Jal., Mexico",20.658611999999998,-105.24967079999999,Starting point.,https://www.google.com/maps?ftid=0x842145bbb696734b:0xa8bc00eb18b16b5,0x842145bbb696734b:0xa8bc00eb18b16b5,/g/113g7_d2c,Zach J.,'Murica Road Trip,D0K89-5vgjBHw6XsSCispo4wxNwsVA,🏨,stay,visited,'Murica Road Trip,D0K89-5vgjBHw6XsSCispo4wxNwsVA,vibe,
Top City Hostel & Suites,,37.1003737,-8.672365,,https://www.google.com/maps?ftid=0xd1b31ce49ddffeb:0x561d05e40fca6fc2,0xd1b31ce49ddffeb:0x561d05e40fca6fc2,,Zach J.,Portugal Places,PJetNvIfkAY8zDHfGEEQlDLG4G2qyg,🏨,stay,visited,Portugal Places,PJetNvIfkAY8zDHfGEEQlDLG4G2qyg,vibe,
Trump International Hotel & Tower® Chicago,,41.888867999999995,-87.62639399999999,,https://www.google.com/maps?ftid=0x880e2cae5d2fa103:0xa8aa997dfcc70818,0x880e2cae5d2fa103:0xa8aa997dfcc70818,,Zach J.,Illinois Places,jvmK2Q-VUEhCXxu8GrJbdro33fvGTw,🏨,stay,visited,Illinois Places,jvmK2Q-VUEhCXxu8GrJbdro33fvGTw,vibe,
Urban Habitat Capsule Beds,"Mnasiadou 11-Floor 2, Nicosia 1065, Cyprus",35.165621,33.3599351,,https://www.google.com/maps?ftid=0x14de1759db238003:0xc82ea3c23d190059,0x14de1759db238003:0xc82ea3c23d190059,/g/11r7njd_q6,Zach J.,Cyprus Places,op1yFHMtopjnsWL6BEbTl-cVqS5sDg,🏨,stay,visited,Cyprus Places,op1yFHMtopjnsWL6BEbTl-cVqS5sDg,vibe,
Vienna Hostel Ruthensteiner,,48.1933885,16.3354694,,https://www.google.com/maps?ftid=0x476da81e69cbef1d:0x268b90eb4ff4ee00,0x476da81e69cbef1d:0x268b90eb4ff4ee00,,Zach J.,Austria-ish Places,JW6_PhOiwD9hqDmWcuJh6u67rjwIwA,🏨,stay,visited,Austria-ish Places,JW6_PhOiwD9hqDmWcuJh6u67rjwIwA,vibe,
Wombat's City Hostel Munich Werksviertel,"Atelierstraße 20, 81671 München, Germany",48.1242862,11.6064653,,https://www.google.com/maps?ftid=0x479ddfa95d208941:0x98ebb72c5afb80ae,0x479ddfa95d208941:0x98ebb72c5afb80ae,/g/11qwrzvbc_,Zach J.,Deutschland Places,_xr3THKc69o0Q1Jj4xw49b6So0Yt2Q,🏨,stay,visited,Deutschland Places,_xr3THKc69o0Q1Jj4xw49b6So0Yt2Q,vibe,
Yeah Hostel,"C/ de Girona, 176, 08037 Barcelona, Spain",41.3999909,2.164485,,https://www.google.com/maps?ftid=0x12a4a2954b8a5c4d:0x9eed456099e8fe89,0x12a4a2954b8a5c4d:0x9eed456099e8fe89,/g/11clgyvf78,Zach J.,Spain,9OTD759Vy7eRxRIn4AOrt-0eFJ0TtA,🏨,stay,visited,Spain,9OTD759Vy7eRxRIn4AOrt-0eFJ0TtA,vibe,
YOTEL New York Times Square,"570 Tenth Avenue At, W 42nd St, New York, NY 10036, United States",40.7591608,-73.9954657,,https://www.google.com/maps?ftid=0x89c2584d83538fa5:0x9aaeb9042dabf0a,0x89c2584d83538fa5:0x9aaeb9042dabf0a,/g/1tnssv75,Zach J.,"New York, New York",m7FS_hkzSJJEPgD5o0716tZ4PbE9XQ,🏨,stay,visited,"New York, New York",m7FS_hkzSJJEPgD5o0716tZ4PbE9XQ,vibe,
YOTEL Washington DC,"415 New Jersey Ave NW, Washington, DC 20001, United States",38.8953091,-77.01085119999999,,https://www.google.com/maps?ftid=0x89b7b7882bf5bca5:0x68fb2da723e9dd3f,0x89b7b7882bf5bca5:0x68fb2da723e9dd3f,/m/011jd4_7,Zach J.,Washington DC Places | 'Murica Road Trip,LcNB3Ku1niTAsy0qH-HKT1v9d_odjw | D0K89-5vgjBHw6XsSCispo4wxNwsVA,🏨,stay,visited,Washington DC Places | 'Murica Road Trip,LcNB3Ku1niTAsy0qH-HKT1v9d_odjw | D0K89-5vgjBHw6XsSCispo4wxNwsVA,vibe,
Youth Hostel Van Gogh (Chab),,50.8544744,4.3680898,,https://www.google.com/maps?ftid=0x47c3c37ba495f797:0xd6e00c8af0f52aa5,0x47c3c37ba495f797:0xd6e00c8af0f52aa5,,Zach J.,Belgium Places,XyATa3gcf-ULckrVtuXlIrtbkHutzw,🏨,stay,visited,Belgium Places,XyATa3gcf-ULckrVtuXlIrtbkHutzw,vibe,
YWCA Hotel Vancouver,,49.2785194,-123.1131187,,https://www.google.com/maps?ftid=0x5486717c46c1f76f:0x9804bb69de053ca8,0x5486717c46c1f76f:0x9804bb69de053ca8,,Zach J.,BC Places,J-HTPTrrRB2hdSQ_jx2gvA,🏨,stay,visited,BC Places,J-HTPTrrRB2hdSQ_jx2gvA,vibe,
A bench under a tree with a view to the lake.,"Speerstrasse 2, 8942 Oberrieden, Switzerland",47.277102899999996,8.5712078,,https://www.google.com/maps?ftid=0x479aa93f9d3fc71d:0x5d9174cb9e2249a1,0x479aa93f9d3fc71d:0x5d9174cb9e2249a1,/g/11h260yld2,Zach J.,Switzerland Places,OvARGjqcJqUpQGyHwNiftD3eqtby6g,🌊,water,visited,Switzerland Places,OvARGjqcJqUpQGyHwNiftD3eqtby6g,vibe,
Arima Onsen,,34.7978635,135.2476412,,https://www.google.com/maps?ftid=0x60008a6a00f68cb7:0x31df916df7c4326d,0x60008a6a00f68cb7:0x31df916df7c4326d,,Zach J.,Japan Places,4MFKvfwkuooLXdFwzLh7bJlLOhg8-A,🌊,water,visited,Japan Places,4MFKvfwkuooLXdFwzLh7bJlLOhg8-A,vibe,
Bench flaming view,"WJ2H+82M Salt lake, Larnaca 6029, Cyprus",34.8954861,33.630902899999995,,https://www.google.com/maps?ftid=0x14e0830012fcaf4d:0xe14599f68b83002d,0x14e0830012fcaf4d:0xe14599f68b83002d,/g/11vs7qb1x8,Zach J.,Cyprus Places,op1yFHMtopjnsWL6BEbTl-cVqS5sDg,🌊,water,visited,Cyprus Places,op1yFHMtopjnsWL6BEbTl-cVqS5sDg,vibe,
Big Willies,"1717 S Main St, Salt Lake City, UT 84115, United States",40.733105699999996,-111.89059909999999,,https://www.google.com/maps?ftid=0x87528acd35f1f1e9:0xc0c056188a1fb8f5,0x87528acd35f1f1e9:0xc0c056188a1fb8f5,/g/1tdhm9dl,Zach J.,Utah Places,yxf29Fw1SnujpoH_zKcqAA,🌊,water,visited,Utah Places,yxf29Fw1SnujpoH_zKcqAA,vibe,
Cheer Up Charlies,"900 Red River St, Austin, TX 78701, United States",30.2696093,-97.7363532,,https://www.google.com/maps?ftid=0x8644b5a6a70f3199:0x4c7284d2fb8c9775,0x8644b5a6a70f3199:0x4c7284d2fb8c9775,/g/1ptyxyjxp,Zach J.,Texas,1S_gekS-v4RZuZLaRNwLRkv_EUSNYw,🌊,water,visited,Texas,1S_gekS-v4RZuZLaRNwLRkv_EUSNYw,vibe,
Ex-Wifes Place,"465 S 700 E, Salt Lake City, UT 84102, United States",40.7590729,-111.87075089999999,,https://www.google.com/maps?ftid=0x8752f5685b1cd607:0x637a0b30f0fa5e7e,0x8752f5685b1cd607:0x637a0b30f0fa5e7e,/g/1wz535mq,Zach J.,Utah Places,yxf29Fw1SnujpoH_zKcqAA,🌊,water,visited,Utah Places,yxf29Fw1SnujpoH_zKcqAA,vibe,
Footbridge River Feugh,"Water of Feugh, United Kingdom",57.0450381,-2.4929221,,https://www.google.com/maps?ftid=0x4884249256fdec91:0xce038a4949b8b946,0x4884249256fdec91:0xce038a4949b8b946,/g/11g6bk8xj_,Zach J.,Land of Scots,nrpv0PI_5p-7UBIdU0S_VRRVZzdshQ,🌊,water,visited,Land of Scots,nrpv0PI_5p-7UBIdU0S_VRRVZzdshQ,vibe,
Gellért Thermal Bath,"Budapest, Kelenhegyi út 4, 1118 Hungary",47.4837444,19.0516211,,https://www.google.com/maps?ftid=0x4741dc4e9c33f309:0xb57da2bfde8d7ab6,0x4741dc4e9c33f309:0xb57da2bfde8d7ab6,/m/05m91_,Zach J.,Hungary Places,1a46QBe0HWmKrjJYm4D9EROGYD6JOw,🌊,water,visited,Hungary Places,1a46QBe0HWmKrjJYm4D9EROGYD6JOw,vibe,
Grand Torii in Lake,,35.2737276,136.0115566,,https://www.google.com/maps?ftid=0x60019a5321bc4f7b:0xeb2df6d0357679ce,0x60019a5321bc4f7b:0xeb2df6d0357679ce,,Zach J.,Japan Places,4MFKvfwkuooLXdFwzLh7bJlLOhg8-A,🌊,water,visited,Japan Places,4MFKvfwkuooLXdFwzLh7bJlLOhg8-A,vibe,
Hottarakashi Onsen,,35.706154399999996,138.652145,,https://www.google.com/maps?ftid=0x601bff27079c4aa7:0xc62757f0b6ec078d,0x601bff27079c4aa7:0xc62757f0b6ec078d,,Zach J.,Japan Places,4MFKvfwkuooLXdFwzLh7bJlLOhg8-A,🌊,water,visited,Japan Places,4MFKvfwkuooLXdFwzLh7bJlLOhg8-A,vibe,
Kilby Court,"741 W Kilby Ct, Salt Lake City, UT 84101, United States",40.7529992,-111.90067189999999,,https://www.google.com/maps?ftid=0x8752f51ee2a6d8ed:0x7b961090b5656c58,0x8752f51ee2a6d8ed:0x7b961090b5656c58,/m/0k05w3w,Zach J.,Utah Places,yxf29Fw1SnujpoH_zKcqAA,🌊,water,visited,Utah Places,yxf29Fw1SnujpoH_zKcqAA,vibe,
Kinosaki Onsen,,35.6264962,134.8126148,,https://www.google.com/maps?ftid=0x5fffc96bd70b091b:0xe5be5838149470d,0x5fffc96bd70b091b:0xe5be5838149470d,,Zach J.,Japan Places,4MFKvfwkuooLXdFwzLh7bJlLOhg8-A,🌊,water,visited,Japan Places,4MFKvfwkuooLXdFwzLh7bJlLOhg8-A,vibe,
Lake Shōji,,35.4901675,138.6075698,,https://www.google.com/maps?ftid=0x601be692c4eba14b:0x4ee1563ab5690b50,0x601be692c4eba14b:0x4ee1563ab5690b50,,Zach J.,Japan Places,4MFKvfwkuooLXdFwzLh7bJlLOhg8-A,🌊,water,visited,Japan Places,4MFKvfwkuooLXdFwzLh7bJlLOhg8-A,vibe,
London Bridge,"422 English Village, Lake Havasu City, AZ 86403, United States",34.4717774,-114.34734359999999,,https://www.google.com/maps?ftid=0x80d1edef9b1a6b11:0x4a9ca101cc150bd6,0x80d1edef9b1a6b11:0x4a9ca101cc150bd6,/m/06fvq8,Zach J.,California Places,aTaCY8tke-6jFT8XQ0SVYBXQZ4k60Q,🌊,water,visited,California Places,aTaCY8tke-6jFT8XQ0SVYBXQZ4k60Q,vibe,
Montecito Hot Springs in Los Padres National Forest,"Santa Barbara, CA 93108, United States",34.4635579,-119.64047989999999,,https://www.google.com/maps?ftid=0x80e9132c961bd5f1:0x60792b073b9e597f,0x80e9132c961bd5f1:0x60792b073b9e597f,/g/11p_5xzxcw,Zach J.,California Places,aTaCY8tke-6jFT8XQ0SVYBXQZ4k60Q,🌊,water,visited,California Places,aTaCY8tke-6jFT8XQ0SVYBXQZ4k60Q,vibe,
River Walk Elevator Access,"Yturri St, San Antonio, TX 78205, United States",29.423469899999997,-98.4926278,,https://www.google.com/maps?ftid=0x865c58ace13a620b:0x3ec41e297ccfeeb8,0x865c58ace13a620b:0x3ec41e297ccfeeb8,/g/11cjp8gk0g,Zach J.,Texas,1S_gekS-v4RZuZLaRNwLRkv_EUSNYw,🌊,water,visited,Texas,1S_gekS-v4RZuZLaRNwLRkv_EUSNYw,vibe,
Salt Lake Plaza SureStay Collection By Best Western,,40.7696441,-111.89478799999999,,https://www.google.com/maps?ftid=0x8752f507b26596b5:0x1b8bc960a5d3dfe6,0x8752f507b26596b5:0x1b8bc960a5d3dfe6,,Zach J.,Utah Places,yxf29Fw1SnujpoH_zKcqAA,🌊,water,visited,Utah Places,yxf29Fw1SnujpoH_zKcqAA,vibe,
Salt Lake View Point,"WJ4C+C35, Larnaca 6031, Cyprus",34.9060025,33.6202263,,https://www.google.com/maps?ftid=0x14e082ca800ced53:0xc00b8dc9d5e70b82,0x14e082ca800ced53:0xc00b8dc9d5e70b82,/g/11c7szy_wz,Zach J.,Cyprus Places,op1yFHMtopjnsWL6BEbTl-cVqS5sDg,🌊,water,visited,Cyprus Places,op1yFHMtopjnsWL6BEbTl-cVqS5sDg,vibe,
Saratoga Hot Springs,"6800 N Saratoga Rd, Saratoga Springs, UT 84045, United States",40.353029899999996,-111.8996593,,https://www.google.com/maps?ftid=0x874d7f26c3029467:0x19a304dbd307db7d,0x874d7f26c3029467:0x19a304dbd307db7d,/g/11b75pblw0,Zach J.,Utah Places,yxf29Fw1SnujpoH_zKcqAA,🌊,water,visited,Utah Places,yxf29Fw1SnujpoH_zKcqAA,vibe,
Scandinave Spa Whistler,,50.1370351,-122.94754239999999,,https://www.google.com/maps?ftid=0x54873ca73279f56f:0x97c1d93eef6a250f,0x54873ca73279f56f:0x97c1d93eef6a250f,,Zach J.,BC Places,J-HTPTrrRB2hdSQ_jx2gvA,🌊,water,visited,BC Places,J-HTPTrrRB2hdSQ_jx2gvA,vibe,
SPA LAND Centum City,"35 Centum nam-daero, Haeundae-gu, Busan",35.168233799999996,129.1295279,,https://www.google.com/maps?ftid=0x356892c6bff93f0d:0x1f1aa6bb112b6f5d,0x356892c6bff93f0d:0x1f1aa6bb112b6f5d,/g/1tjkcnvn,Zach J.,South Korea Places,eq-jX2C0L9Am26jRVNLfIlkd0WnWLw,🌊,water,visited,South Korea Places,eq-jX2C0L9Am26jRVNLfIlkd0WnWLw,vibe,
Tahoe Waterman,"5166 N Lake Blvd, Carnelian Bay, CA 96140, United States",39.22645,-120.0798846,,https://www.google.com/maps?ftid=0x8099634d085665a5:0x9db0380829c24219,0x8099634d085665a5:0x9db0380829c24219,/g/1tdm8kvh,Zach J.,California Places,aTaCY8tke-6jFT8XQ0SVYBXQZ4k60Q,🌊,water,visited,California Places,aTaCY8tke-6jFT8XQ0SVYBXQZ4k60Q,vibe,
Takaragawa Onsen Osenkaku,,36.847978499999996,139.0467912,,https://www.google.com/maps?ftid=0x601e3dfdbe3914d5:0xe7aa52d74d33b2c4,0x601e3dfdbe3914d5:0xe7aa52d74d33b2c4,,Zach J.,Japan Places,4MFKvfwkuooLXdFwzLh7bJlLOhg8-A,🌊,water,visited,Japan Places,4MFKvfwkuooLXdFwzLh7bJlLOhg8-A,vibe,
Tenzan Onsen,,35.2252429,139.0886999,,https://www.google.com/maps?ftid=0x6019a306ec64d5a7:0x88493577a5e38a51,0x6019a306ec64d5a7:0x88493577a5e38a51,,Zach J.,Japan Places,4MFKvfwkuooLXdFwzLh7bJlLOhg8-A,🌊,water,visited,Japan Places,4MFKvfwkuooLXdFwzLh7bJlLOhg8-A,vibe,
The Mammoth Site,"1800 US-18 BYP, Hot Springs, SD 57747, United States",43.4230914,-103.4837599,,https://www.google.com/maps?ftid=0x877ccdbb78d487e5:0x8106958f21548c4f,0x877ccdbb78d487e5:0x8106958f21548c4f,/m/06zjrrn,Zach J.,South Dakota Places,57X3K7m35rFl11lXp4rw-o52_p_I3A,🌊,water,visited,South Dakota Places,57X3K7m35rFl11lXp4rw-o52_p_I3A,vibe,
Montmartre Bakery,"105 Midwest Rd, Scarborough, ON M1P 4B9",43.754486199999995,-79.26777229999999,,https://www.google.com/maps?ftid=0x89d4d1e82d5b49f9:0xc4c0fc4cc2c51e2,0x89d4d1e82d5b49f9:0xc4c0fc4cc2c51e2,/g/1tfgqcqy,Zach J.,Churono | Want to go,_Goa88wVSLuG5ntawKc2cw | 1mSquE0pnDeBv3otPCuMkxC6wzss,☕,cafe,both,Churono | Want to go,_Goa88wVSLuG5ntawKc2cw | 1mSquE0pnDeBv3otPCuMkxC6wzss,vibe,
Pizza Hut,"592 Ellesmere Rd, Scarborough, ON M1R 4E9",43.763787199999996,-79.2919854,,https://www.google.com/maps?ftid=0x89d4d21ff2d7961d:0xc7954ac6da3e399f,0x89d4d21ff2d7961d:0xc7954ac6da3e399f,/g/1tzvxk5m,Zach J.,Churono | Want to go,_Goa88wVSLuG5ntawKc2cw | 1mSquE0pnDeBv3otPCuMkxC6wzss,🍜,food,both,Churono | Want to go,_Goa88wVSLuG5ntawKc2cw | 1mSquE0pnDeBv3otPCuMkxC6wzss,vibe,
Cambridge Club,"100 Richmond Street West #11th Floor, 100 Richmond St W #11, Toronto, ON M5H 3K6",43.6509412,-79.3833014,,https://www.google.com/maps?ftid=0x882b34cda790ebb5:0x4f79a8712f715122,0x882b34cda790ebb5:0x4f79a8712f715122,/g/1tmpwlz4,Zach J.,Churono | Want to go,_Goa88wVSLuG5ntawKc2cw | 1mSquE0pnDeBv3otPCuMkxC6wzss,📍,place,both,Churono | Want to go,_Goa88wVSLuG5ntawKc2cw | 1mSquE0pnDeBv3otPCuMkxC6wzss,vibe,
Earls Court Police Box,,51.4921514,-0.1929706,,https://www.google.com/maps?ftid=0x48760f8b6f66dbd5:0x31dfa982d9823a3b,0x48760f8b6f66dbd5:0x31dfa982d9823a3b,,Zach J.,London (The British One) | Want to go,Dc1pjbzURxS4lLc15TJmfg | 1mSquE0pnDeBv3otPCuMkxC6wzss,📍,place,both,London (The British One) | Want to go,Dc1pjbzURxS4lLc15TJmfg | 1mSquE0pnDeBv3otPCuMkxC6wzss,vibe,
einstein Boulderhalle Ulm,"Blaubeurer Str. 100, 89077 Ulm, Germany",48.4007004,9.9627716,Bouldering & Rock Climbing,https://www.google.com/maps?ftid=0x4799643126ca210b:0xe0b2d6fd00188dd7,0x4799643126ca210b:0xe0b2d6fd00188dd7,/g/11b7fdkqvs,Zach J.,Deutschland Places | Want to go,_xr3THKc69o0Q1Jj4xw49b6So0Yt2Q | 1mSquE0pnDeBv3otPCuMkxC6wzss,📍,place,both,Deutschland Places | Want to go,_xr3THKc69o0Q1Jj4xw49b6So0Yt2Q | 1mSquE0pnDeBv3otPCuMkxC6wzss,vibe,
Joe's Convenience,"1049 Ossington Ave, Toronto, ON M6G 3V9",43.669968399999995,-79.4288321,,https://www.google.com/maps?ftid=0x882b352786c2a1db:0xe22de4c1bdd30824,0x882b352786c2a1db:0xe22de4c1bdd30824,/g/11hdjvq2v2,Zach J.,Churono | Want to go,_Goa88wVSLuG5ntawKc2cw | 1mSquE0pnDeBv3otPCuMkxC6wzss,📍,place,both,Churono | Want to go,_Goa88wVSLuG5ntawKc2cw | 1mSquE0pnDeBv3otPCuMkxC6wzss,vibe,
Magic Box Hobbies,"2105 W 37th Ave, Vancouver, BC V6M 1N9",49.2386403,-123.1557813,,https://www.google.com/maps?ftid=0x548673775bd90541:0x50b3de57462dfcd6,0x548673775bd90541:0x50b3de57462dfcd6,/g/1tdm3dzs,Zach J.,BC Places | Want to go,J-HTPTrrRB2hdSQ_jx2gvA | 1mSquE0pnDeBv3otPCuMkxC6wzss,📍,place,both,BC Places | Want to go,J-HTPTrrRB2hdSQ_jx2gvA | 1mSquE0pnDeBv3otPCuMkxC6wzss,vibe,
Myungrang Hotdog Eglinton (명랑핫도그 에글링턴),"2350 Yonge St, Toronto, ON M4P 2E6",43.708447199999995,-79.3990158,,https://www.google.com/maps?ftid=0x882b33cecd62daff:0x49bcc9224867e1ee,0x882b33cecd62daff:0x49bcc9224867e1ee,/g/11w8qt5g3l,Zach J.,Churono | Want to go,_Goa88wVSLuG5ntawKc2cw | 1mSquE0pnDeBv3otPCuMkxC6wzss,📍,place,both,Churono | Want to go,_Goa88wVSLuG5ntawKc2cw | 1mSquE0pnDeBv3otPCuMkxC6wzss,vibe,
Oomomo,"896 Don Mills Rd., North York, ON M3C 2H2",43.726263499999995,-79.34328409999999,,https://www.google.com/maps?ftid=0x89d4cddab8145e0f:0xd3705cbda8bff10f,0x89d4cddab8145e0f:0xd3705cbda8bff10f,/g/11fhv3ydzn,Zach J.,Churono | Want to go,_Goa88wVSLuG5ntawKc2cw | 1mSquE0pnDeBv3otPCuMkxC6wzss,📍,place,both,Churono | Want to go,_Goa88wVSLuG5ntawKc2cw | 1mSquE0pnDeBv3otPCuMkxC6wzss,vibe,
Rodelbahn Oeschinensee,"Bergstation Gondelbahn Oeschinensee Oeschinensee 37, 3718 Kandersteg, Switzerland",46.502275499999996,7.696391599999999,,https://www.google.com/maps?ftid=0x478f066c91d5553f:0xf4a8b7d28698a79d,0x478f066c91d5553f:0xf4a8b7d28698a79d,/g/1tdfm58m,Zach J.,Switzerland Places | Want to go,OvARGjqcJqUpQGyHwNiftD3eqtby6g | 1mSquE0pnDeBv3otPCuMkxC6wzss,📍,place,both,Switzerland Places | Want to go,OvARGjqcJqUpQGyHwNiftD3eqtby6g | 1mSquE0pnDeBv3otPCuMkxC6wzss,vibe,
Santa Cruz,"Santa Cruz, CA, USA",36.9741275,-122.028807,,https://www.google.com/maps?ftid=0x808e441b7c36d549:0x52ca104b2ad7f985,0x808e441b7c36d549:0x52ca104b2ad7f985,/m/0l0mk,Zach J.,California Places | Want to go,aTaCY8tke-6jFT8XQ0SVYBXQZ4k60Q | 1mSquE0pnDeBv3otPCuMkxC6wzss,📍,place,both,California Places | Want to go,aTaCY8tke-6jFT8XQ0SVYBXQZ4k60Q | 1mSquE0pnDeBv3otPCuMkxC6wzss,vibe,
SpiritHouse Toronto,"16 Trinity St, Toronto, ON M5A 3C4",43.6497856,-79.3598726,,https://www.google.com/maps?ftid=0x882b34de703bd38b:0x445c8851b23acd42,0x882b34de703bd38b:0x445c8851b23acd42,/g/1thr7t8y,Zach J.,Churono | Want to go,_Goa88wVSLuG5ntawKc2cw | 1mSquE0pnDeBv3otPCuMkxC6wzss,📍,place,both,Churono | Want to go,_Goa88wVSLuG5ntawKc2cw | 1mSquE0pnDeBv3otPCuMkxC6wzss,vibe,
The Room Santa Monica,"1325 Santa Monica Blvd, Santa Monica, CA 90404, United States",34.024001999999996,-118.48616399999999,,https://www.google.com/maps?ftid=0x80c2bb34b61c6a95:0xbba2072af9586013,0x80c2bb34b61c6a95:0xbba2072af9586013,/g/1w0p5x1h,Zach J.,California Places | Want to go,aTaCY8tke-6jFT8XQ0SVYBXQZ4k60Q | 1mSquE0pnDeBv3otPCuMkxC6wzss,📍,place,both,California Places | Want to go,aTaCY8tke-6jFT8XQ0SVYBXQZ4k60Q | 1mSquE0pnDeBv3otPCuMkxC6wzss,vibe,
Timberline Lodge,"27500 E Timberline Road, Government Camp, OR 97028, United States",45.3311281,-121.71100639999999,The shinning,https://www.google.com/maps?ftid=0x54be1eaaa37312a3:0x6738b4912b8ca4f2,0x54be1eaaa37312a3:0x6738b4912b8ca4f2,/m/0dw_86,Zach J.,O-re-going Places | Want to go,uPOFXqj2oXs8EjysOzM2PTCFTrpdog | 1mSquE0pnDeBv3otPCuMkxC6wzss,📍,place,both,O-re-going Places | Want to go,uPOFXqj2oXs8EjysOzM2PTCFTrpdog | 1mSquE0pnDeBv3otPCuMkxC6wzss,vibe,
Yamato-no-Yu Public bath,"1630 Odake, Narita, Chiba 286-0841, Japan",35.8170842,140.2716314,,https://www.google.com/maps?ftid=0x602261fc16fe77db:0xc9f1bd91d02ef63f,0x602261fc16fe77db:0xc9f1bd91d02ef63f,/g/1tfbnfgr,Zach J.,Japan Places | Want to go,4MFKvfwkuooLXdFwzLh7bJlLOhg8-A | 1mSquE0pnDeBv3otPCuMkxC6wzss,📍,place,both,Japan Places | Want to go,4MFKvfwkuooLXdFwzLh7bJlLOhg8-A | 1mSquE0pnDeBv3otPCuMkxC6wzss,vibe,
Deer Valley Resort,"2250 Deer Valley Dr S, Park City, UT 84060, United States",40.622608199999995,-111.48508899999999,,https://www.google.com/maps?ftid=0x875272ca4cfe59ab:0xd87c2457844f2f42,0x875272ca4cfe59ab:0xd87c2457844f2f42,/m/0380lh,Zach J.,Utah Places | Want to go,yxf29Fw1SnujpoH_zKcqAA | 1mSquE0pnDeBv3otPCuMkxC6wzss,🏨,stay,both,Utah Places | Want to go,yxf29Fw1SnujpoH_zKcqAA | 1mSquE0pnDeBv3otPCuMkxC6wzss,vibe,
Arcade MTL,"2031 Saint Denis St, Montreal, Quebec H2X 3K8",45.516363999999996,-73.56583599999999,,https://www.google.com/maps?ftid=0x4cc91bb4bfe5e03d:0xa0f4fb44d21ad136,0x4cc91bb4bfe5e03d:0xa0f4fb44d21ad136,/g/11cmt9_qxr,Zach J.,Want to go,1mSquE0pnDeBv3otPCuMkxC6wzss,🧗,activity,want_to_go,Want to go,1mSquE0pnDeBv3otPCuMkxC6wzss,vibe,
Golden Computer Arcade,"Hong Kong, Fuk Wa St, 黃金大廈146-152號",22.3317241,114.16230859999999,,https://www.google.com/maps?ftid=0x340400b4af6a639f:0xe8aede2aefcfffb,0x340400b4af6a639f:0xe8aede2aefcfffb,/g/1tdyszn8,Zach J.,Want to go,1mSquE0pnDeBv3otPCuMkxC6wzss,🧗,activity,want_to_go,Want to go,1mSquE0pnDeBv3otPCuMkxC6wzss,vibe,
Outdoor Bouldering Wall,"Vancouver, BC V5V 3J4",49.241532,-123.103759,,https://www.google.com/maps?ftid=0x54867517d82ac1a3:0xc06011bc36b04f12,0x54867517d82ac1a3:0xc06011bc36b04f12,/g/11ghfpcs06,Zach J.,Want to go,1mSquE0pnDeBv3otPCuMkxC6wzss,🧗,activity,want_to_go,Want to go,1mSquE0pnDeBv3otPCuMkxC6wzss,vibe,
Progression Bouldering Gym,"275 E 10th Ave, Vancouver, BC V5T 4V1",49.2621083,-123.099565,,https://www.google.com/maps?ftid=0x548673b4a6167abb:0x20a20e46a54f8635,0x548673b4a6167abb:0x20a20e46a54f8635,/g/11lf70df07,Zach J.,Want to go,1mSquE0pnDeBv3otPCuMkxC6wzss,🧗,activity,want_to_go,Want to go,1mSquE0pnDeBv3otPCuMkxC6wzss,vibe,
Silverdale Gun Club,"4948 Concession Four Rd E, Saint Anns, ON L0R 1Y0",43.054272,-79.4707662,,https://www.google.com/maps?ftid=0x882cb6eb8331204f:0xb7ce5043eff379b9,0x882cb6eb8331204f:0xb7ce5043eff379b9,/g/1vknq098,Zach J.,Want to go,1mSquE0pnDeBv3otPCuMkxC6wzss,🧗,activity,want_to_go,Want to go,1mSquE0pnDeBv3otPCuMkxC6wzss,vibe,
Siwa Oasis,"Siwa Oasis, Siwa, Matrouh Governorate, Egypt",29.2031708,25.5195451,,https://www.google.com/maps?ftid=0x147aaface8f3a523:0x6f335df8f19a074d,0x147aaface8f3a523:0x6f335df8f19a074d,/m/01cx3j,Zach J.,Want to go,1mSquE0pnDeBv3otPCuMkxC6wzss,🧗,activity,want_to_go,Want to go,1mSquE0pnDeBv3otPCuMkxC6wzss,vibe,
Strip Gun Club,"2235 S Las Vegas Blvd, Las Vegas, NV 89104, United States",36.1447985,-115.1558084,,https://www.google.com/maps?ftid=0x80c8c477ac92fbdf:0xdf02787b58fce31c,0x80c8c477ac92fbdf:0xdf02787b58fce31c,/g/11xd3mn14,Zach J.,Want to go,1mSquE0pnDeBv3otPCuMkxC6wzss,🧗,activity,want_to_go,Want to go,1mSquE0pnDeBv3otPCuMkxC6wzss,vibe,
The Arcade,,41.4999444,-81.6902444,,https://www.google.com/maps?ftid=0x8830fa8007ffae13:0xf25487669de23152,0x8830fa8007ffae13:0xf25487669de23152,,Zach J.,Want to go,1mSquE0pnDeBv3otPCuMkxC6wzss,🧗,activity,want_to_go,Want to go,1mSquE0pnDeBv3otPCuMkxC6wzss,vibe,
Tokyo Dome Bowling Center,,35.7035694,139.751994,,https://www.google.com/maps?ftid=0x60188c4751df445d:0x21a65aa6047c38e0,0x60188c4751df445d:0x21a65aa6047c38e0,,Zach J.,Want to go,1mSquE0pnDeBv3otPCuMkxC6wzss,🧗,activity,want_to_go,Want to go,1mSquE0pnDeBv3otPCuMkxC6wzss,vibe,
Anny's Dairy Bar,,49.214938,-122.92280699999999,,https://www.google.com/maps?ftid=0x548677de9311cd7d:0x90ef5f33188f1ed,0x548677de9311cd7d:0x90ef5f33188f1ed,,Zach J.,Want to go,1mSquE0pnDeBv3otPCuMkxC6wzss,🍺,bar,want_to_go,Want to go,1mSquE0pnDeBv3otPCuMkxC6wzss,vibe,
Bar FUSS 小酒館,"106, Taiwan, Taipei City, Da’an District, Section 4, Civic Blvd, 206號1 樓",25.0444939,121.5558768,,https://www.google.com/maps?ftid=0x3442ab007ecd6c13:0x84c4422388106ca5,0x3442ab007ecd6c13:0x84c4422388106ca5,/g/11w3fx6gtl,Zach J.,Want to go,1mSquE0pnDeBv3otPCuMkxC6wzss,🍺,bar,want_to_go,Want to go,1mSquE0pnDeBv3otPCuMkxC6wzss,vibe,
Bleecker Street Bar,,40.7266908,-73.9955377,,https://www.google.com/maps?ftid=0x89c2598ff4edfbb3:0x91071c8406445ec5,0x89c2598ff4edfbb3:0x91071c8406445ec5,,Zach J.,Want to go,1mSquE0pnDeBv3otPCuMkxC6wzss,🍺,bar,want_to_go,Want to go,1mSquE0pnDeBv3otPCuMkxC6wzss,vibe,
Blue & Gold Tavern,,40.7273279,-73.98625369999999,,https://www.google.com/maps?ftid=0x89c2599ce6d48f75:0x3f3b3334c94b0fd0,0x89c2599ce6d48f75:0x3f3b3334c94b0fd0,,Zach J.,Want to go,1mSquE0pnDeBv3otPCuMkxC6wzss,🍺,bar,want_to_go,Want to go,1mSquE0pnDeBv3otPCuMkxC6wzss,vibe,
Brando's Speakeasy,"343 S Dearborn St, Chicago, IL 60604, United States",41.8772763,-87.6291165,,https://www.google.com/maps?ftid=0x880e2cbd3a474423:0xaef5b2fc61bc062c,0x880e2cbd3a474423:0xaef5b2fc61bc062c,/g/1vkxmvqd,Zach J.,Want to go,1mSquE0pnDeBv3otPCuMkxC6wzss,🍺,bar,want_to_go,Want to go,1mSquE0pnDeBv3otPCuMkxC6wzss,vibe,
Breakers Sports Bar,"Soi Sukhumvit 13, Khlong Toei Nuea, Watthana, Bangkok 10110",13.740214799999999,100.5576473,,https://www.google.com/maps?ftid=0x30e29ee6a6d82a4f:0x71e9d41a28753021,0x30e29ee6a6d82a4f:0x71e9d41a28753021,/g/1ptvtfl70,Zach J.,Want to go,1mSquE0pnDeBv3otPCuMkxC6wzss,🍺,bar,want_to_go,Want to go,1mSquE0pnDeBv3otPCuMkxC6wzss,vibe,
Hammerhead Beach Bar,"2045 S Fletcher Ave, Fernandina Beach, FL 32034, United States",30.6381858,-81.4373287,,https://www.google.com/maps?ftid=0x88e4ff37be727c25:0x2097671becb9c030,0x88e4ff37be727c25:0x2097671becb9c030,/g/1260zr3mn,Zach J.,Want to go,1mSquE0pnDeBv3otPCuMkxC6wzss,🍺,bar,want_to_go,Want to go,1mSquE0pnDeBv3otPCuMkxC6wzss,vibe,
HOKY's Spirit Bar,"No. 8號, Alley 5, Lane 70, Yanji St, Da’an District, Taipei City, Taiwan 106",25.042206,121.5536173,,https://www.google.com/maps?ftid=0x3442abc5d49d270d:0xcda58e24959b601b,0x3442abc5d49d270d:0xcda58e24959b601b,/g/11gzl10fp,Zach J.,Want to go,1mSquE0pnDeBv3otPCuMkxC6wzss,🍺,bar,want_to_go,Want to go,1mSquE0pnDeBv3otPCuMkxC6wzss,vibe,
Ichigo Ichie Izakaya,"360 Rue Rachel E, Montréal, QC H2W 1E9",45.521307,-73.57845999999999,,https://www.google.com/maps?ftid=0x4cc91bcdd20435f1:0xdff070d5fd0dcae3,0x4cc91bcdd20435f1:0xdff070d5fd0dcae3,/g/11b74183wr,Zach J.,Want to go,1mSquE0pnDeBv3otPCuMkxC6wzss,🍺,bar,want_to_go,Want to go,1mSquE0pnDeBv3otPCuMkxC6wzss,vibe,
Kasey's Tavern,"701 S Dearborn St, Chicago, IL 60605, United States",41.8733028,-87.62899089999999,,https://www.google.com/maps?ftid=0x880e2c9783a9d67d:0xa651211482e07a3b,0x880e2c9783a9d67d:0xa651211482e07a3b,/g/1tdgkvg1,Zach J.,Want to go,1mSquE0pnDeBv3otPCuMkxC6wzss,🍺,bar,want_to_go,Want to go,1mSquE0pnDeBv3otPCuMkxC6wzss,vibe,
Kura Revolving Sushi Bar,"614 H St NW Suite #100, Washington, DC 20001, United States",38.8996843,-77.0207393,,https://www.google.com/maps?ftid=0x89b7b7e8d47a165d:0x6ca314dd9d7d7b39,0x89b7b7e8d47a165d:0x6ca314dd9d7d7b39,/g/11hv3z54z6,Zach J.,Want to go,1mSquE0pnDeBv3otPCuMkxC6wzss,🍺,bar,want_to_go,Want to go,1mSquE0pnDeBv3otPCuMkxC6wzss,vibe,
McMenamins Ringlers Pub,"1332 W Burnside St, Portland, OR 97209, United States",45.5228189,-122.6847178,,https://www.google.com/maps?ftid=0x54950a02e43decb9:0xad07e697b6f0424a,0x54950a02e43decb9:0xad07e697b6f0424a,/g/12hn9t1y0,Zach J.,Want to go,1mSquE0pnDeBv3otPCuMkxC6wzss,🍺,bar,want_to_go,Want to go,1mSquE0pnDeBv3otPCuMkxC6wzss,vibe,
Nawiliwili Bar & Lounge,"3490 Paena Loop, Lihue, HI 96766, United States",21.9611826,-159.352393,,https://www.google.com/maps?ftid=0x7c071f78ab63ec29:0xf63b51fb3426ccef,0x7c071f78ab63ec29:0xf63b51fb3426ccef,/g/11w8nfy7gd,Zach J.,Want to go,1mSquE0pnDeBv3otPCuMkxC6wzss,🍺,bar,want_to_go,Want to go,1mSquE0pnDeBv3otPCuMkxC6wzss,vibe,
Ryuko West - Japanese Kitchen + Bar,"40 Christie Park View SW #3150, Calgary, AB T3H 6E7",51.0375623,-114.17759799999999,,https://www.google.com/maps?ftid=0x53716f000e4e1b15:0x42069b805fe716d4,0x53716f000e4e1b15:0x42069b805fe716d4,/g/11ldvjsdxz,Zach J.,Want to go,1mSquE0pnDeBv3otPCuMkxC6wzss,🍺,bar,want_to_go,Want to go,1mSquE0pnDeBv3otPCuMkxC6wzss,vibe,
Tableau Bar Bistro,"1181 Melville St, Vancouver, BC V6E 4P6",49.287562699999995,-123.1234599,,https://www.google.com/maps?ftid=0x548671814ede77dd:0x2417f2da2eafdc0e,0x548671814ede77dd:0x2417f2da2eafdc0e,/g/1tg2d5hv,Zach J.,Want to go,1mSquE0pnDeBv3otPCuMkxC6wzss,🍺,bar,want_to_go,Want to go,1mSquE0pnDeBv3otPCuMkxC6wzss,vibe,
The Armoury Bar,,56.9461898,24.1113452,,https://www.google.com/maps?ftid=0x46eecfd42d04567d:0xc741c7b90353e6ac,0x46eecfd42d04567d:0xc741c7b90353e6ac,,Zach J.,Want to go,1mSquE0pnDeBv3otPCuMkxC6wzss,🍺,bar,want_to_go,Want to go,1mSquE0pnDeBv3otPCuMkxC6wzss,vibe,
The Keefer Bar,"135 Keefer St, Vancouver, BC V6A 1X3",49.27961,-123.1013292,,https://www.google.com/maps?ftid=0x5486717abd55daf5:0x3976ae7d29740ea7,0x5486717abd55daf5:0x3976ae7d29740ea7,/g/113gwc3vs,Zach J.,Want to go,1mSquE0pnDeBv3otPCuMkxC6wzss,🍺,bar,want_to_go,Want to go,1mSquE0pnDeBv3otPCuMkxC6wzss,vibe,
The Princeton Pub & Grill,,49.284931,-123.06510399999999,,https://www.google.com/maps?ftid=0x5486711a3d616327:0x94dc173226c743b5,0x5486711a3d616327:0x94dc173226c743b5,,Zach J.,Want to go,1mSquE0pnDeBv3otPCuMkxC6wzss,🍺,bar,want_to_go,Want to go,1mSquE0pnDeBv3otPCuMkxC6wzss,vibe,
Unculture Silom Rooftop Bar,,13.7256548,100.5280477,,https://www.google.com/maps?ftid=0x30e29905def1cf11:0xd8e0bb1b735ef52,0x30e29905def1cf11:0xd8e0bb1b735ef52,,Zach J.,Want to go,1mSquE0pnDeBv3otPCuMkxC6wzss,🍺,bar,want_to_go,Want to go,1mSquE0pnDeBv3otPCuMkxC6wzss,vibe,
Woody Creek Tavern,,39.2750141,-106.88731229999999,,https://www.google.com/maps?ftid=0x8740364a22bef0ad:0xff74cb4738bccaef,0x8740364a22bef0ad:0xff74cb4738bccaef,,Zach J.,Want to go,1mSquE0pnDeBv3otPCuMkxC6wzss,🍺,bar,want_to_go,Want to go,1mSquE0pnDeBv3otPCuMkxC6wzss,vibe,
World Famous Woody's Tavern,"221 S Main St, Moab, UT 84532, United States",38.5707874,-109.55045489999999,,https://www.google.com/maps?ftid=0x8747e1eddaa24e4d:0xb7acb3e28640cbea,0x8747e1eddaa24e4d:0xb7acb3e28640cbea,/g/1jglvd92s,Zach J.,Want to go,1mSquE0pnDeBv3otPCuMkxC6wzss,🍺,bar,want_to_go,Want to go,1mSquE0pnDeBv3otPCuMkxC6wzss,vibe,
Young Ducks Sports Bar & Grill,"625 S Main, Lusk, WY 82225, United States",42.757418,-104.45154149999999,,https://www.google.com/maps?ftid=0x87647b4173ad58f1:0x59b4b8686fd9f7c9,0x87647b4173ad58f1:0x59b4b8686fd9f7c9,/g/11kbny8kc3,Zach J.,Want to go,1mSquE0pnDeBv3otPCuMkxC6wzss,🍺,bar,want_to_go,Want to go,1mSquE0pnDeBv3otPCuMkxC6wzss,vibe,
公館45 Old Bar Coffee,"100, Taiwan, Taipei City, Zhongzheng District, Section 4, Roosevelt Rd, 110號2樓",25.013359599999998,121.53549939999999,,https://www.google.com/maps?ftid=0x3442a9045a1fe3c3:0x80745114472cb3ce,0x3442a9045a1fe3c3:0x80745114472cb3ce,/g/1tdm600v,Zach J.,Want to go,1mSquE0pnDeBv3otPCuMkxC6wzss,🍺,bar,want_to_go,Want to go,1mSquE0pnDeBv3otPCuMkxC6wzss,vibe,
金手套Golden’s Bar | 老美式酒吧,"No. 16號, Jihe Rd, Shilin District, Taipei City, Taiwan 111",25.0822689,121.5239905,,https://www.google.com/maps?ftid=0x3442af4a7d684b67:0x8d28b941aa34001e,0x3442af4a7d684b67:0x8d28b941aa34001e,/g/11vc7r2lj7,Zach J.,Want to go,1mSquE0pnDeBv3otPCuMkxC6wzss,🍺,bar,want_to_go,Want to go,1mSquE0pnDeBv3otPCuMkxC6wzss,vibe,
Off The Rail Brewing,"1351 Adanac St, Vancouver, BC V5L 2C4",49.277805199999996,-123.07602949999999,,https://www.google.com/maps?ftid=0x54867114df6340ff:0x69c24b51589268f7,0x54867114df6340ff:0x69c24b51589268f7,/g/11b700vd98,Zach J.,Want to go,1mSquE0pnDeBv3otPCuMkxC6wzss,🍻,brewery,want_to_go,Want to go,1mSquE0pnDeBv3otPCuMkxC6wzss,vibe,
Parallel 49 Brewing Company,"1950 Triumph St, Vancouver, BC V5L 1K5",49.2837864,-123.06441099999999,,https://www.google.com/maps?ftid=0x54867119f3712de1:0xc61ff9f2d0c6c113,0x54867119f3712de1:0xc61ff9f2d0c6c113,/g/1hc7fgnh7,Zach J.,Want to go,1mSquE0pnDeBv3otPCuMkxC6wzss,🍻,brewery,want_to_go,Want to go,1mSquE0pnDeBv3otPCuMkxC6wzss,vibe,
South Block Barbecue & Brewing Co.,"2437 4 St SW, Calgary, AB T2S 1X5",51.0307338,-114.0717031,,https://www.google.com/maps?ftid=0x53717147118bdc79:0x946adaf3fb559b2c,0x53717147118bdc79:0x946adaf3fb559b2c,/g/11q28r0cv8,Zach J.,Want to go,1mSquE0pnDeBv3otPCuMkxC6wzss,🍻,brewery,want_to_go,Want to go,1mSquE0pnDeBv3otPCuMkxC6wzss,vibe,
Storm Brewing LTD.,"310 Commercial Dr, Vancouver, BC V5L 3V6",49.2819934,-123.0701775,Local beer,https://www.google.com/maps?ftid=0x54867116d19346cd:0x5a92c86e6b57dddf,0x54867116d19346cd:0x5a92c86e6b57dddf,/g/1tdhdptf,Zach J.,Want to go,1mSquE0pnDeBv3otPCuMkxC6wzss,🍻,brewery,want_to_go,Want to go,1mSquE0pnDeBv3otPCuMkxC6wzss,vibe,
Veux-tu une Bière? (Mile end),"5178 Park Ave, Montreal, Quebec H2V 4G6",45.520134299999995,-73.5973712,,https://www.google.com/maps?ftid=0x4cc91ba1d0cd8a2f:0x8853086dd20ebb3b,0x4cc91ba1d0cd8a2f:0x8853086dd20ebb3b,/g/11gjt1yvjn,Zach J.,Want to go,1mSquE0pnDeBv3otPCuMkxC6wzss,🍻,brewery,want_to_go,Want to go,1mSquE0pnDeBv3otPCuMkxC6wzss,vibe,
Bean Around The World Coffee House & Bistro,"6308 Thunderbird Blvd, Vancouver, BC V6T 1Z4",49.2588643,-123.24806149999999,,https://www.google.com/maps?ftid=0x548672cb88340195:0x371b1f1601d940c0,0x548672cb88340195:0x371b1f1601d940c0,/g/1tks5_sd,Zach J.,Want to go,1mSquE0pnDeBv3otPCuMkxC6wzss,☕,cafe,want_to_go,Want to go,1mSquE0pnDeBv3otPCuMkxC6wzss,vibe,
Café Bloc,"1209-1211 St Laurent Blvd, Montreal, Quebec H2X 2S6",45.5096894,-73.5631064,,https://www.google.com/maps?ftid=0x4cc91b05b2d2b37b:0xb6f3cb669701cfc4,0x4cc91b05b2d2b37b:0xb6f3cb669701cfc4,/g/11j0d7wsnb,Zach J.,Want to go,1mSquE0pnDeBv3otPCuMkxC6wzss,☕,cafe,want_to_go,Want to go,1mSquE0pnDeBv3otPCuMkxC6wzss,vibe,
Café Georgette,"Rue de la Fourche 37, 1000 Bruxelles, Belgium",50.8485215,4.3534914,,https://www.google.com/maps?ftid=0x47c3c380a494943b:0x494aeba9e63282e2,0x47c3c380a494943b:0x494aeba9e63282e2,/g/1pp2vbrkv,Zach J.,Want to go,1mSquE0pnDeBv3otPCuMkxC6wzss,☕,cafe,want_to_go,Want to go,1mSquE0pnDeBv3otPCuMkxC6wzss,vibe,
Capital Cafe (Wan Chai),"克街6號廣生行大廈地下 B1號舖, Wan Chai",22.2775383,114.17742279999999,,https://www.google.com/maps?ftid=0x3404005a5078663f:0x347cda778ec3b7f2,0x3404005a5078663f:0x347cda778ec3b7f2,/g/1tx1qtk0,Zach J.,Want to go,1mSquE0pnDeBv3otPCuMkxC6wzss,☕,cafe,want_to_go,Want to go,1mSquE0pnDeBv3otPCuMkxC6wzss,vibe,
Coasters Coffee,"55 6th St, New Westminster, BC V3L 0J2",49.2043489,-122.9089961,,https://www.google.com/maps?ftid=0x5485d9c78e4d5d67:0x73da221b26d0878e,0x5485d9c78e4d5d67:0x73da221b26d0878e,/g/11sbdc5szl,Zach J.,Want to go,1mSquE0pnDeBv3otPCuMkxC6wzss,☕,cafe,want_to_go,Want to go,1mSquE0pnDeBv3otPCuMkxC6wzss,vibe,
DiCE Shibuya Chitose Kaikan – Private Booth Internet Cafe,,35.6611287,139.6985164,,https://www.google.com/maps?ftid=0x60188d13d6f1f08b:0x61f0e402c91d3bc2,0x60188d13d6f1f08b:0x61f0e402c91d3bc2,,Zach J.,Want to go,1mSquE0pnDeBv3otPCuMkxC6wzss,☕,cafe,want_to_go,Want to go,1mSquE0pnDeBv3otPCuMkxC6wzss,vibe,
El Fishawy Cafe,"27X6+5XQ, Haret Khan Al Khalili, El-Gamaleya, El Gamaliya, Cairo Governorate 4331302, Egypt",30.0475408,31.262390099999998,,https://www.google.com/maps?ftid=0x14583f600025b819:0xafc21152ed3389d1,0x14583f600025b819:0xafc21152ed3389d1,/g/1tdv9l30,Zach J.,Want to go,1mSquE0pnDeBv3otPCuMkxC6wzss,☕,cafe,want_to_go,Want to go,1mSquE0pnDeBv3otPCuMkxC6wzss,vibe,
Elle’s Cafe & Ice Cream,"2811 13th Ave, Regina, SK S4T 1N6",50.4454254,-104.62131269999999,,https://www.google.com/maps?ftid=0x531c1fdbbe8185b5:0xf1374a15e2ce47f7,0x531c1fdbbe8185b5:0xf1374a15e2ce47f7,/g/11lkwkp4_q,Zach J.,Want to go,1mSquE0pnDeBv3otPCuMkxC6wzss,☕,cafe,want_to_go,Want to go,1mSquE0pnDeBv3otPCuMkxC6wzss,vibe,
Fika Fika Cafe,,25.0504562,121.53524669999999,,https://www.google.com/maps?ftid=0x3442a961961efb11:0x9e0483daf98a26ef,0x3442a961961efb11:0x9e0483daf98a26ef,,Zach J.,Want to go,1mSquE0pnDeBv3otPCuMkxC6wzss,☕,cafe,want_to_go,Want to go,1mSquE0pnDeBv3otPCuMkxC6wzss,vibe,
Kouign Amann Bakery,"316 Mont-Royal Ave E, Montreal, Quebec H2T 1P7",45.5231342,-73.5834965,,https://www.google.com/maps?ftid=0x4cc91bd182d7df41:0x2b13ccd5c404e84,0x4cc91bd182d7df41:0x2b13ccd5c404e84,/g/1tlwf7zb,Zach J.,Want to go,1mSquE0pnDeBv3otPCuMkxC6wzss,☕,cafe,want_to_go,Want to go,1mSquE0pnDeBv3otPCuMkxC6wzss,vibe,
Le Café de la Régence,"167 Rue Saint-Honoré, 75001 Paris",48.8635668,2.334513,The place where Karl Marx met Frederick Engles.,https://www.google.com/maps?ftid=0x47e66e25835614b5:0xdaadc18bffa957b6,0x47e66e25835614b5:0xdaadc18bffa957b6,/m/026zclh,Zach J.,Want to go,1mSquE0pnDeBv3otPCuMkxC6wzss,☕,cafe,want_to_go,Want to go,1mSquE0pnDeBv3otPCuMkxC6wzss,vibe,
NorthStar Cafe,"1560 Powell St, San Francisco, CA 94133, United States",37.7992367,-122.4104517,,https://www.google.com/maps?ftid=0x808580f1854054e5:0xcbc9015c388320c2,0x808580f1854054e5:0xcbc9015c388320c2,/g/1tdhm13l,Zach J.,Want to go,1mSquE0pnDeBv3otPCuMkxC6wzss,☕,cafe,want_to_go,Want to go,1mSquE0pnDeBv3otPCuMkxC6wzss,vibe,
Railtown Café,"397 Railway St, Vancouver, BC V6A 1A4",49.2850325,-123.09551069999999,,https://www.google.com/maps?ftid=0x54867173931d8107:0xea2525673eafcfad,0x54867173931d8107:0xea2525673eafcfad,/g/11h0d0_6l,Zach J.,Want to go,1mSquE0pnDeBv3otPCuMkxC6wzss,☕,cafe,want_to_go,Want to go,1mSquE0pnDeBv3otPCuMkxC6wzss,vibe,
Rhythm Cafe,"Japan, 〒150-0042 Tokyo, Shibuya City, Udagawacho, 11−1, 柳光ビル別館",35.6626513,139.6973104,,https://www.google.com/maps?ftid=0x60188ca949016227:0x86d6c952af2e05f3,0x60188ca949016227:0x86d6c952af2e05f3,/g/1tjdr9t6,Zach J.,Want to go,1mSquE0pnDeBv3otPCuMkxC6wzss,☕,cafe,want_to_go,Want to go,1mSquE0pnDeBv3otPCuMkxC6wzss,vibe,
Serious Coffee Aqua Plaza 88,"900 Carnarvon St #102, New Westminster, BC V3M 0K4",49.2004697,-122.9152835,,https://www.google.com/maps?ftid=0x5485d9e33c547ecb:0xa2822641d17d77b7,0x5485d9e33c547ecb:0xa2822641d17d77b7,/g/11m9_jl42_,Zach J.,Want to go,1mSquE0pnDeBv3otPCuMkxC6wzss,☕,cafe,want_to_go,Want to go,1mSquE0pnDeBv3otPCuMkxC6wzss,vibe,
Tana Cafe,"1 Chome-2-28 Daimyo, Chuo Ward, Fukuoka, 810-0041, Japan",33.5858828,130.3932448,,https://www.google.com/maps?ftid=0x354191c9c80fd5a9:0xe5d9405b52b82570,0x354191c9c80fd5a9:0xe5d9405b52b82570,/g/11tcs4skhd,Zach J.,Want to go,1mSquE0pnDeBv3otPCuMkxC6wzss,☕,cafe,want_to_go,Want to go,1mSquE0pnDeBv3otPCuMkxC6wzss,vibe,
Trees Organic Coffee Joyce-Collingwood,"5078 Joyce St, Vancouver, BC V5R 4G6",49.2385637,-123.0312627,,https://www.google.com/maps?ftid=0x548677758d420209:0x6825d969cedc9137,0x548677758d420209:0x6825d969cedc9137,/g/11nmq1kz0f,Zach J.,Want to go,1mSquE0pnDeBv3otPCuMkxC6wzss,☕,cafe,want_to_go,Want to go,1mSquE0pnDeBv3otPCuMkxC6wzss,vibe,
Vesuvio Cafe,"255 Columbus Ave, San Francisco, CA 94133, United States",37.797494,-122.406454,,https://www.google.com/maps?ftid=0x808580f48826674f:0x23ae1c58dd5b28c3,0x808580f48826674f:0x23ae1c58dd5b28c3,/m/03cm7gl,Zach J.,Want to go,1mSquE0pnDeBv3otPCuMkxC6wzss,☕,cafe,want_to_go,Want to go,1mSquE0pnDeBv3otPCuMkxC6wzss,vibe,
Winstons Coffee - Tai Hang,"4 King St, Tai Hang",22.2788042,114.1922637,,https://www.google.com/maps?ftid=0x340401d572174641:0xf94e584ca99a8ae0,0x340401d572174641:0xf94e584ca99a8ae0,/g/11khstqrl3,Zach J.,Want to go,1mSquE0pnDeBv3otPCuMkxC6wzss,☕,cafe,want_to_go,Want to go,1mSquE0pnDeBv3otPCuMkxC6wzss,vibe,
"2fifty Texas BBQ, K St.","414 K St NW, Washington, DC 20001, United States",38.9024888,-77.0168497,,https://www.google.com/maps?ftid=0x89b7b79b7c23a8e3:0xb0e07d4e6126380f,0x89b7b79b7c23a8e3:0xb0e07d4e6126380f,/g/11y2fksq1_,Zach J.,Want to go,1mSquE0pnDeBv3otPCuMkxC6wzss,🍜,food,want_to_go,Want to go,1mSquE0pnDeBv3otPCuMkxC6wzss,vibe,
Ay-Chung Flour-Rice Noodle,"No. 8-1號, Emei St, Wanhua District, Taipei City, Taiwan 108",25.0433384,121.5077204,,https://www.google.com/maps?ftid=0x3442a90968b57c41:0xb19c4276746146ed,0x3442a90968b57c41:0xb19c4276746146ed,/g/11bwhb3mmk,Zach J.,Want to go,1mSquE0pnDeBv3otPCuMkxC6wzss,🍜,food,want_to_go,Want to go,1mSquE0pnDeBv3otPCuMkxC6wzss,vibe,
Beauty's Restaurant,,45.5190589,-73.58748609999999,,https://www.google.com/maps?ftid=0x4cc91bd33996145d:0x84e1e662cad44a45,0x4cc91bd33996145d:0x84e1e662cad44a45,,Zach J.,Want to go,1mSquE0pnDeBv3otPCuMkxC6wzss,🍜,food,want_to_go,Want to go,1mSquE0pnDeBv3otPCuMkxC6wzss,vibe,
BEEST Roast beef marinated ramen - Vancouver,"770 Bute St, Vancouver, BC V6E 1C2",49.286093699999995,-123.1263795,,https://www.google.com/maps?ftid=0x548671de69e39dd1:0x7b5d0099a73b9ffc,0x548671de69e39dd1:0x7b5d0099a73b9ffc,/g/11tx8qrml8,Zach J.,Want to go,1mSquE0pnDeBv3otPCuMkxC6wzss,🍜,food,want_to_go,Want to go,1mSquE0pnDeBv3otPCuMkxC6wzss,vibe,
Black Frog Eatery,"108 Cambie St, Vancouver, BC V6B 2M8",49.2846538,-123.1084894,,https://www.google.com/maps?ftid=0x548671782eb23d93:0xed059b9c66f9653f,0x548671782eb23d93:0xed059b9c66f9653f,/g/1th56pb6,Zach J.,Want to go,1mSquE0pnDeBv3otPCuMkxC6wzss,🍜,food,want_to_go,Want to go,1mSquE0pnDeBv3otPCuMkxC6wzss,vibe,
BUSSIN BURGER,"1121 9 Ave SE, Calgary, AB T2G 0S7",51.0421766,-114.0373664,,https://www.google.com/maps?ftid=0x53717b1a1d8cf6c9:0xc008ccdd69c1b9ae,0x53717b1a1d8cf6c9:0xc008ccdd69c1b9ae,/g/11s9d5xybp,Zach J.,Want to go,1mSquE0pnDeBv3otPCuMkxC6wzss,🍜,food,want_to_go,Want to go,1mSquE0pnDeBv3otPCuMkxC6wzss,vibe,
Chicago's Pizza,"4650 Vernor Hwy, Detroit, MI 48209, United States",42.319564,-83.09818229999999,,https://www.google.com/maps?ftid=0x883b3364dfc8c90f:0x3d9665fdc85f8a1e,0x883b3364dfc8c90f:0x3d9665fdc85f8a1e,/g/1tq6krds,Zach J.,Want to go,1mSquE0pnDeBv3otPCuMkxC6wzss,🍜,food,want_to_go,Want to go,1mSquE0pnDeBv3otPCuMkxC6wzss,vibe,
Dosanko Restaurant,"566 Powell St Unit #100, Vancouver, BC V6A 1G9",49.2829329,-123.09191229999999,,https://www.google.com/maps?ftid=0x5486717244ae3d11:0x568b47ee671b6520,0x5486717244ae3d11:0x568b47ee671b6520,/g/11d_9hqf2r,Zach J.,Want to go,1mSquE0pnDeBv3otPCuMkxC6wzss,🍜,food,want_to_go,Want to go,1mSquE0pnDeBv3otPCuMkxC6wzss,vibe,
Earnest Ice Cream | Frances St.,"1485 Frances St, Vancouver, BC V5L 1Z1",49.279549499999995,-123.0748947,,https://www.google.com/maps?ftid=0x5486711467f61b89:0x468247be373b9e98,0x5486711467f61b89:0x468247be373b9e98,/g/11dfq5rtp3,Zach J.,Want to go,1mSquE0pnDeBv3otPCuMkxC6wzss,🍜,food,want_to_go,Want to go,1mSquE0pnDeBv3otPCuMkxC6wzss,vibe,
Gibeau Orange Julep,"7700 Decarie Blvd, Montreal, Quebec H4P 2H4",45.495697299999996,-73.6568405,,https://www.google.com/maps?ftid=0x4cc919d3e1dc7577:0x99e0def5e482a288,0x4cc919d3e1dc7577:0x99e0def5e482a288,/g/1tdyvzxd,Zach J.,Want to go,1mSquE0pnDeBv3otPCuMkxC6wzss,🍜,food,want_to_go,Want to go,1mSquE0pnDeBv3otPCuMkxC6wzss,vibe,
Nice Meating You BBQ,"535 Clarke Rd, Coquitlam, BC V3J 3X4",49.261089299999995,-122.8911684,,https://www.google.com/maps?ftid=0x548679fe5f9a3935:0x17360df85a1e9142,0x548679fe5f9a3935:0x17360df85a1e9142,/g/11pz8gxgwg,Zach J.,Want to go,1mSquE0pnDeBv3otPCuMkxC6wzss,🍜,food,want_to_go,Want to go,1mSquE0pnDeBv3otPCuMkxC6wzss,vibe,
Penny's Diner,"3522 Way Hwy 59, Douglas, WY 82633, United States",43.23175,-105.25908919999999,,https://www.google.com/maps?ftid=0x876170319663d51d:0xd1d8e09541be3dc5,0x876170319663d51d:0xd1d8e09541be3dc5,/g/11dxb0p6p0,Zach J.,Want to go,1mSquE0pnDeBv3otPCuMkxC6wzss,🍜,food,want_to_go,Want to go,1mSquE0pnDeBv3otPCuMkxC6wzss,vibe,
Pizza Garden Main St.,"3033 Main St, Vancouver, BC V5T 3G6",49.2580878,-123.10141979999999,,https://www.google.com/maps?ftid=0x548673e377b1789b:0x72e843d1f6d71039,0x548673e377b1789b:0x72e843d1f6d71039,/g/11cn9hbchl,Zach J.,Want to go,1mSquE0pnDeBv3otPCuMkxC6wzss,🍜,food,want_to_go,Want to go,1mSquE0pnDeBv3otPCuMkxC6wzss,vibe,
Pizza St-Viateur,"27 Rue Bernard O, Montréal, QC H2T 2J6",45.5269457,-73.6027105,,https://www.google.com/maps?ftid=0x4cc9197bf739e4b3:0xad4b35e7e71e5af8,0x4cc9197bf739e4b3:0xad4b35e7e71e5af8,/g/1tf6g7sg,Zach J.,Want to go,1mSquE0pnDeBv3otPCuMkxC6wzss,🍜,food,want_to_go,Want to go,1mSquE0pnDeBv3otPCuMkxC6wzss,vibe,
Restaurant Chez Claudette,"351 Laurier Ave E, Montreal, Quebec H2T 1G7",45.526424899999995,-73.5899951,,https://www.google.com/maps?ftid=0x4cc91bd7b60fe0a5:0x5f52bffcc79eb755,0x4cc91bd7b60fe0a5:0x5f52bffcc79eb755,/g/1tj2n23_,Zach J.,Want to go,1mSquE0pnDeBv3otPCuMkxC6wzss,🍜,food,want_to_go,Want to go,1mSquE0pnDeBv3otPCuMkxC6wzss,vibe,
Restaurant Les Arcenaulx Marseille Vieux Port,,43.2924945,5.3732245,Order the bouillabaisse.,https://www.google.com/maps?ftid=0x12c9c0b87f46a8d9:0x9a86623ac4a8eb,0x12c9c0b87f46a8d9:0x9a86623ac4a8eb,,Zach J.,Want to go,1mSquE0pnDeBv3otPCuMkxC6wzss,🍜,food,want_to_go,Want to go,1mSquE0pnDeBv3otPCuMkxC6wzss,vibe,
Sunrise Pizza & Steak House,,49.2759055,-123.0696588,,https://www.google.com/maps?ftid=0x5486713e3bfa0dd7:0x255f1bd06375408e,0x5486713e3bfa0dd7:0x255f1bd06375408e,,Zach J.,Want to go,1mSquE0pnDeBv3otPCuMkxC6wzss,🍜,food,want_to_go,Want to go,1mSquE0pnDeBv3otPCuMkxC6wzss,vibe,
The Berghoff Restaurant,"17 W Adams St, Chicago, IL 60603, United States",41.879252,-87.628406,,https://www.google.com/maps?ftid=0x880e2cbcb4af42d3:0xb8998d0876263dc,0x880e2cbcb4af42d3:0xb8998d0876263dc,/m/09l4p_,Zach J.,Want to go,1mSquE0pnDeBv3otPCuMkxC6wzss,🍜,food,want_to_go,Want to go,1mSquE0pnDeBv3otPCuMkxC6wzss,vibe,
The Diner Ruian Branch,"No. 145, Rui'an St, Da’an District, Taipei City, Taiwan 106",25.0265894,121.5396576,,https://www.google.com/maps?ftid=0x3442aa2981664ebd:0x9193ee9afd4068d1,0x3442aa2981664ebd:0x9193ee9afd4068d1,/g/1th1rrky,Zach J.,Want to go,1mSquE0pnDeBv3otPCuMkxC6wzss,🍜,food,want_to_go,Want to go,1mSquE0pnDeBv3otPCuMkxC6wzss,vibe,
Threefold Beer & Pizza,"1507 Powell St, Vancouver, BC V5L 5C3",49.2834076,-123.073608,,https://www.google.com/maps?ftid=0x548671003f7b5947:0x475bf5d44fd25963,0x548671003f7b5947:0x475bf5d44fd25963,/g/11x5k46xx6,Zach J.,Want to go,1mSquE0pnDeBv3otPCuMkxC6wzss,🍜,food,want_to_go,Want to go,1mSquE0pnDeBv3otPCuMkxC6wzss,vibe,
Tony's Pizza,"Japan, 〒180-0003 Tokyo, Musashino, Kichijoji Minamicho, 1 Chome−6−9 尾崎ビル",35.701432499999996,139.58110109999998,American Pizza,https://www.google.com/maps?ftid=0x6018ee385124633f:0xa8190a0aae4be58,0x6018ee385124633f:0xa8190a0aae4be58,/g/1tdh8gy3,Zach J.,Want to go,1mSquE0pnDeBv3otPCuMkxC6wzss,🍜,food,want_to_go,Want to go,1mSquE0pnDeBv3otPCuMkxC6wzss,vibe,
Waffle House Diner,"13660 George Jct Unit #110, Surrey, BC V3T 0P6",49.1811851,-122.84373799999999,,https://www.google.com/maps?ftid=0x5485d93e02386795:0x9e587c98ac41cb64,0x5485d93e02386795:0x9e587c98ac41cb64,/g/11twg1d409,Zach J.,Want to go,1mSquE0pnDeBv3otPCuMkxC6wzss,🍜,food,want_to_go,Want to go,1mSquE0pnDeBv3otPCuMkxC6wzss,vibe,
Yo-Bones BBQ Catering,"3475 Kingsway #3, Vancouver, BC V5R 5L5",49.2322772,-123.03041139999999,,https://www.google.com/maps?ftid=0x5486768e1a7a9777:0x687f1d5919c17f22,0x5486768e1a7a9777:0x687f1d5919c17f22,/g/11h9ypvlgd,Zach J.,Want to go,1mSquE0pnDeBv3otPCuMkxC6wzss,🍜,food,want_to_go,Want to go,1mSquE0pnDeBv3otPCuMkxC6wzss,vibe,
Apliu Street Flea Market,"121 Kweilin St, Sham Shui Po, Hong Kong",22.330593999999998,114.16148199999999,,https://www.google.com/maps?ftid=0x0:0xc9a1f99a11c9729d,0x0:0xc9a1f99a11c9729d,,Zach J.,Want to go,1mSquE0pnDeBv3otPCuMkxC6wzss,🛒,market,want_to_go,Want to go,1mSquE0pnDeBv3otPCuMkxC6wzss,vibe,
Farm to Table Market,"1312 Richards St, Vancouver, BC V6B 3G6",49.2744727,-123.12610629999999,,https://www.google.com/maps?ftid=0x548673d148796a63:0x7eb4f680dab5a976,0x548673d148796a63:0x7eb4f680dab5a976,/g/11hcvzdt26,Zach J.,Want to go,1mSquE0pnDeBv3otPCuMkxC6wzss,🛒,market,want_to_go,Want to go,1mSquE0pnDeBv3otPCuMkxC6wzss,vibe,
Goldfish Market,"43-49 Bute Street, Bute St, Prince Edward, Hong Kong",22.322828299999998,114.16992839999999,,https://www.google.com/maps?ftid=0x0:0x52a225065704865b,0x0:0x52a225065704865b,,Zach J.,Want to go,1mSquE0pnDeBv3otPCuMkxC6wzss,🛒,market,want_to_go,Want to go,1mSquE0pnDeBv3otPCuMkxC6wzss,vibe,
Keelung MiaoKou Night Market,"200, Taiwan, Keelung City, Ren’ai District, 玉田里仁三路",25.1282405,121.7435579,,https://www.google.com/maps?ftid=0x345d4e3e159d9663:0x1d84dd13f992491e,0x345d4e3e159d9663:0x1d84dd13f992491e,/g/155rj3y0,Zach J.,Want to go,1mSquE0pnDeBv3otPCuMkxC6wzss,🛒,market,want_to_go,Want to go,1mSquE0pnDeBv3otPCuMkxC6wzss,vibe,
Ladies' Market,"Tung Choi St, Mong Kok, Hong Kong",22.317608999999997,114.1709284,,https://www.google.com/maps?ftid=0x340400c86424836d:0xfd5828ca7b8925af,0x340400c86424836d:0xfd5828ca7b8925af,/g/155q2tst,Zach J.,Want to go,1mSquE0pnDeBv3otPCuMkxC6wzss,🛒,market,want_to_go,Want to go,1mSquE0pnDeBv3otPCuMkxC6wzss,vibe,
Liuhe Night Market,,22.6320758,120.29915469999999,,https://www.google.com/maps?ftid=0x346e048bc0d739c7:0xd3e6e842bfa0ecfd,0x346e048bc0d739c7:0xd3e6e842bfa0ecfd,,Zach J.,Want to go,1mSquE0pnDeBv3otPCuMkxC6wzss,🛒,market,want_to_go,Want to go,1mSquE0pnDeBv3otPCuMkxC6wzss,vibe,
Renai Market,"No. 21號, Aisan Rd, Ren’ai District, Keelung City, Taiwan 200",25.128054,121.74107099999999,,https://www.google.com/maps?ftid=0x345d4e15fe9d9c39:0x2dc9cc506b6e642b,0x345d4e15fe9d9c39:0x2dc9cc506b6e642b,/g/1tffrnqd,Zach J.,Want to go,1mSquE0pnDeBv3otPCuMkxC6wzss,🛒,market,want_to_go,Want to go,1mSquE0pnDeBv3otPCuMkxC6wzss,vibe,
Sham Shui Po Fabric Market,,22.3279991,114.15800949999999,,https://www.google.com/maps?ftid=0x340401edad7406d5:0xe2f09428758a9004,0x340401edad7406d5:0xe2f09428758a9004,,Zach J.,Want to go,1mSquE0pnDeBv3otPCuMkxC6wzss,🛒,market,want_to_go,Want to go,1mSquE0pnDeBv3otPCuMkxC6wzss,vibe,
Shilin Night Market,"No. 101, Jihe Rd, Shilin District, Taipei City, Taiwan 111",25.0884972,121.52435039999999,,https://www.google.com/maps?ftid=0x3442aeb1c4fdaf05:0xe7c26dbe86e7f929,0x3442aeb1c4fdaf05:0xe7c26dbe86e7f929,/m/06lsb3,Zach J.,Want to go,1mSquE0pnDeBv3otPCuMkxC6wzss,🛒,market,want_to_go,Want to go,1mSquE0pnDeBv3otPCuMkxC6wzss,vibe,
Burj Khalifa,1 Sheikh Mohammed bin Rashid Blvd - Downtown Dubai - Dubai - United Arab Emirates,25.197197,55.274376399999994,,https://www.google.com/maps?ftid=0x3e5f43348a67e24b:0xff45e502e1ceb7e2,0x3e5f43348a67e24b:0xff45e502e1ceb7e2,/m/03cn0v,Zach J.,Want to go,1mSquE0pnDeBv3otPCuMkxC6wzss,🏙️,neighborhood,want_to_go,Want to go,1mSquE0pnDeBv3otPCuMkxC6wzss,vibe,
Chiang Kai-Shek Shilin Residence,"No. 60, Fulin Rd, Shilin District, Taipei City, Taiwan 111",25.093034199999998,121.53239549999999,,https://www.google.com/maps?ftid=0x3442aea3c8e0979b:0xf954036a25a0f2de,0x3442aea3c8e0979b:0xf954036a25a0f2de,/m/0dlmmxz,Zach J.,Want to go,1mSquE0pnDeBv3otPCuMkxC6wzss,🏙️,neighborhood,want_to_go,Want to go,1mSquE0pnDeBv3otPCuMkxC6wzss,vibe,
Chongqing Longtousi Coach Station,"Kunlun Blvd, Yubei District, Chongqing, China, 401121",29.606040999999998,106.54733999999999,,https://www.google.com/maps?ftid=0x369333258ffec0cd:0x70c8bf485e37fc0e,0x369333258ffec0cd:0x70c8bf485e37fc0e,/m/0swnp4j,Zach J.,Want to go,1mSquE0pnDeBv3otPCuMkxC6wzss,🏙️,neighborhood,want_to_go,Want to go,1mSquE0pnDeBv3otPCuMkxC6wzss,vibe,
Chán Shífān,"No. 58, Lane 30, Section 4, Xinyi Rd, Da’an District, Taipei City, Taiwan 106",25.031561,121.54453989999999,,https://www.google.com/maps?ftid=0x3442abd36b6ed8a5:0x949c1c8516d02a15,0x3442abd36b6ed8a5:0x949c1c8516d02a15,/g/1jkwmv7v0,Zach J.,Want to go,1mSquE0pnDeBv3otPCuMkxC6wzss,🏙️,neighborhood,want_to_go,Want to go,1mSquE0pnDeBv3otPCuMkxC6wzss,vibe,
Dihua Old Street,"No. 146號, Section 1, Dihua St, Datong District, Taipei City, Taiwan 103",25.0581195,121.5097835,,https://www.google.com/maps?ftid=0x3442a91438867265:0xc524ad8c103e4a1e,0x3442a91438867265:0xc524ad8c103e4a1e,/g/11d_756961,Zach J.,Want to go,1mSquE0pnDeBv3otPCuMkxC6wzss,🏙️,neighborhood,want_to_go,Want to go,1mSquE0pnDeBv3otPCuMkxC6wzss,vibe,
Dobar 士林,"111, Taiwan, Taipei City, Shilin District, Dadong Rd, 15-21號1樓",25.08807,121.52458899999999,,https://www.google.com/maps?ftid=0x3442af77f4c4d2d1:0xf0351cbaed585460,0x3442af77f4c4d2d1:0xf0351cbaed585460,/g/11kpj9k85n,Zach J.,Want to go,1mSquE0pnDeBv3otPCuMkxC6wzss,🏙️,neighborhood,want_to_go,Want to go,1mSquE0pnDeBv3otPCuMkxC6wzss,vibe,
Downtown Sally,"229 Bear St, Banff, AB T1L 1H8",51.1782214,-115.5724061,,https://www.google.com/maps?ftid=0x5370cb273dfe3de3:0x819209bca8a4c32a,0x5370cb273dfe3de3:0x819209bca8a4c32a,/g/11vm37dnmj,Zach J.,Want to go,1mSquE0pnDeBv3otPCuMkxC6wzss,🏙️,neighborhood,want_to_go,Want to go,1mSquE0pnDeBv3otPCuMkxC6wzss,vibe,
Dragon and Tiger Pagodas,"No. 9號, Liantan Rd, Zuoying District, Kaohsiung City, 813",22.680503299999998,120.29247769999999,,https://www.google.com/maps?ftid=0x346e05a18d40c025:0x526d3613753c80c7,0x346e05a18d40c025:0x526d3613753c80c7,/m/02rxq9c,Zach J.,Want to go,1mSquE0pnDeBv3otPCuMkxC6wzss,🏙️,neighborhood,want_to_go,Want to go,1mSquE0pnDeBv3otPCuMkxC6wzss,vibe,
Empty Quarter,Empty Quarter,21.0953306,48.7189938,,https://www.google.com/maps?ftid=0x3e72c0bfbd3d35e3:0x44efcadbcd3b8972,0x3e72c0bfbd3d35e3:0x44efcadbcd3b8972,/m/01sd2p,Zach J.,Want to go,1mSquE0pnDeBv3otPCuMkxC6wzss,🏙️,neighborhood,want_to_go,Want to go,1mSquE0pnDeBv3otPCuMkxC6wzss,vibe,
Fat Mao Noodles (Thai Soup Noodles)-Chinatown,"217 E Georgia St, Vancouver, BC V6A 1Z6",49.2787566,-123.09895949999999,,https://www.google.com/maps?ftid=0x5486716ffe8a24a3:0xc51a1f073759425a,0x5486716ffe8a24a3:0xc51a1f073759425a,/g/11bvtbynw8,Zach J.,Want to go,1mSquE0pnDeBv3otPCuMkxC6wzss,🏙️,neighborhood,want_to_go,Want to go,1mSquE0pnDeBv3otPCuMkxC6wzss,vibe,
"Fujin St, Songshan District","Fujin St, Songshan District, Taipei City, Taiwan 105",25.060620699999998,121.5590367,,https://www.google.com/maps?ftid=0x3442abf2db170a73:0x2da649eb001ec96e,0x3442abf2db170a73:0x2da649eb001ec96e,/g/1td2rllc,Zach J.,Want to go,1mSquE0pnDeBv3otPCuMkxC6wzss,🏙️,neighborhood,want_to_go,Want to go,1mSquE0pnDeBv3otPCuMkxC6wzss,vibe,
Jioufen,"Jioufen, Ruifang District, New Taipei City, Taiwan 224",25.109187,121.8462979,Go at evening,https://www.google.com/maps?ftid=0x345d451805536779:0x29b83a838c953b84,0x345d451805536779:0x29b83a838c953b84,/m/0bpw83,Zach J.,Want to go,1mSquE0pnDeBv3otPCuMkxC6wzss,🏙️,neighborhood,want_to_go,Want to go,1mSquE0pnDeBv3otPCuMkxC6wzss,vibe,
Meander 1948,"No. 42號, Taiyuan Rd, Datong District, Taipei City, Taiwan 103",25.050409499999997,121.5151283,,https://www.google.com/maps?ftid=0x3442a96d3b49d4f3:0xb502b50d8f5ff0b5,0x3442a96d3b49d4f3:0xb502b50d8f5ff0b5,/g/11ffl__4td,Zach J.,Want to go,1mSquE0pnDeBv3otPCuMkxC6wzss,🏙️,neighborhood,want_to_go,Want to go,1mSquE0pnDeBv3otPCuMkxC6wzss,vibe,
ON TAP,"No. 21, Alley 11, Lane 216, Section 4, Zhongxiao E Rd, Da’an District, Taipei City, Taiwan 106",25.0408832,121.55393749999999,,https://www.google.com/maps?ftid=0x3442abc89fa0abb9:0xa73bdffcf54caf18,0x3442abc89fa0abb9:0xa73bdffcf54caf18,/g/1tdc2y35,Zach J.,Want to go,1mSquE0pnDeBv3otPCuMkxC6wzss,🏙️,neighborhood,want_to_go,Want to go,1mSquE0pnDeBv3otPCuMkxC6wzss,vibe,
Revolver,"No. 1-2號, Section 1, Roosevelt Rd, Zhongzheng District, Taipei City, Taiwan 100",25.0342739,121.5174268,,https://www.google.com/maps?ftid=0x3442a99efb8f0c29:0xa78aaaa598fb4dda,0x3442a99efb8f0c29:0xa78aaaa598fb4dda,/g/1tn4vw9s,Zach J.,Want to go,1mSquE0pnDeBv3otPCuMkxC6wzss,🏙️,neighborhood,want_to_go,Want to go,1mSquE0pnDeBv3otPCuMkxC6wzss,vibe,
Shifen Old Street,"No. 81號, Shifen St, Pingxi District, New Taipei City, Taiwan 226",25.0423913,121.7763748,,https://www.google.com/maps?ftid=0x345d512fffffffff:0xf6dec4403a7273be,0x345d512fffffffff:0xf6dec4403a7273be,/g/12m9dvn8b,Zach J.,Want to go,1mSquE0pnDeBv3otPCuMkxC6wzss,🏙️,neighborhood,want_to_go,Want to go,1mSquE0pnDeBv3otPCuMkxC6wzss,vibe,
Symphonic Sculpture,"Ninotaira, Hakone, Ashigarashimo District, Kanagawa 250-0407, Japan",35.242858999999996,139.0530166,,https://www.google.com/maps?ftid=0x6019a37851c366d5:0x34ff8b7020c19453,0x6019a37851c366d5:0x34ff8b7020c19453,/g/11gl34pq3q,Zach J.,Want to go,1mSquE0pnDeBv3otPCuMkxC6wzss,🏙️,neighborhood,want_to_go,Want to go,1mSquE0pnDeBv3otPCuMkxC6wzss,vibe,
The Brass Monkey,"No. 166, Fuxing N Rd, Zhongshan District, Taipei City, Taiwan 10491",25.053658,121.54378109999999,,https://www.google.com/maps?ftid=0x3442abe740dc0847:0xb9ed85a28f9fd84a,0x3442abe740dc0847:0xb9ed85a28f9fd84a,/g/1td0d601,Zach J.,Want to go,1mSquE0pnDeBv3otPCuMkxC6wzss,🏙️,neighborhood,want_to_go,Want to go,1mSquE0pnDeBv3otPCuMkxC6wzss,vibe,
Tian Tian Li Delicacies,"108, Taiwan, Taipei City, Wanhua District, 漢中街32巷1號",25.0449766,121.5075481,,https://www.google.com/maps?ftid=0x3442a90eb2df3bb1:0x4daefa8d64f74f0a,0x3442a90eb2df3bb1:0x4daefa8d64f74f0a,/g/1tkb_tkh,Zach J.,Want to go,1mSquE0pnDeBv3otPCuMkxC6wzss,🏙️,neighborhood,want_to_go,Want to go,1mSquE0pnDeBv3otPCuMkxC6wzss,vibe,
Treasure Hill Artist Village,"No. 2, Alley 14, Lane 230, Section 3, Tingzhou Rd, Zhongzheng District, Taipei City, Taiwan 100",25.010751799999998,121.53224689999999,,https://www.google.com/maps?ftid=0x3442a96e2986161d:0x1292997b402b34ad,0x3442a96e2986161d:0x1292997b402b34ad,/m/02w4g7c,Zach J.,Want to go,1mSquE0pnDeBv3otPCuMkxC6wzss,🏙️,neighborhood,want_to_go,Want to go,1mSquE0pnDeBv3otPCuMkxC6wzss,vibe,
"Yongkang St, Da’an District","Yongkang St, Da’an District, Taipei City, Taiwan 106",25.030772199999998,121.5295026,,https://www.google.com/maps?ftid=0x3442a983bf3ca4f9:0x52d54638cd5328d1,0x3442a983bf3ca4f9:0x52d54638cd5328d1,/m/0nbf3ph,Zach J.,Want to go,1mSquE0pnDeBv3otPCuMkxC6wzss,🏙️,neighborhood,want_to_go,Want to go,1mSquE0pnDeBv3otPCuMkxC6wzss,vibe,
下半城,"China, Chongqing, Yuzhong District, 下半城 邮政编码: 400010",29.560170099999997,106.57339239999999,Multi level city,https://www.google.com/maps?ftid=0x3693348383c111bb:0x2ceb7dea2e2e121c,0x3693348383c111bb:0x2ceb7dea2e2e121c,/g/11r8fdwpl6,Zach J.,Want to go,1mSquE0pnDeBv3otPCuMkxC6wzss,🏙️,neighborhood,want_to_go,Want to go,1mSquE0pnDeBv3otPCuMkxC6wzss,vibe,
宮城野早川堤の桜,"626-11 Miyagino, Hakone, Ashigarashimo District, Kanagawa 250-0401, Japan",35.2535281,139.0496796,,https://www.google.com/maps?ftid=0x6019a1fa266f6193:0xc3c4b206fc6c5964,0x6019a1fa266f6193:0xc3c4b206fc6c5964,/g/11b7q8s3y8,Zach J.,Want to go,1mSquE0pnDeBv3otPCuMkxC6wzss,🏙️,neighborhood,want_to_go,Want to go,1mSquE0pnDeBv3otPCuMkxC6wzss,vibe,
瞞著爹西門壽司丼(海鮮丼飯),"1樓 No, No. 4, Alley 2, Lane 82, Section 2, Wuchang St, Wanhua District, Taipei City, Taiwan 108",25.044681999999998,121.50579049999999,,https://www.google.com/maps?ftid=0x3442a97636bab5db:0x8854ccd86b1583c6,0x3442a97636bab5db:0x8854ccd86b1583c6,/g/11nwb5tw4z,Zach J.,Want to go,1mSquE0pnDeBv3otPCuMkxC6wzss,🏙️,neighborhood,want_to_go,Want to go,1mSquE0pnDeBv3otPCuMkxC6wzss,vibe,
藍水輕旅,"No. 126號, Section 1, Gaotie S Rd, Dayuan District, Taoyuan City, Taiwan 33743",25.008907699999998,121.2100724,,https://www.google.com/maps?ftid=0x346821b645055569:0xc38b89cf849ad320,0x346821b645055569:0xc38b89cf849ad320,/g/11h3v6fjhf,Zach J.,Want to go,1mSquE0pnDeBv3otPCuMkxC6wzss,🏙️,neighborhood,want_to_go,Want to go,1mSquE0pnDeBv3otPCuMkxC6wzss,vibe,
麥味登 北市重慶店,"No. 61號, Section 1, Chongqing N Rd, Datong District, Taipei City, Taiwan 103015",25.0514071,121.51398499999999,,https://www.google.com/maps?ftid=0x3442a9f850b1dcef:0x64bd598f551ca99e,0x3442a9f850b1dcef:0x64bd598f551ca99e,/g/11rjv4pq88,Zach J.,Want to go,1mSquE0pnDeBv3otPCuMkxC6wzss,🏙️,neighborhood,want_to_go,Want to go,1mSquE0pnDeBv3otPCuMkxC6wzss,vibe,
0秒レモンサワー 仙台ホルモン焼肉酒場 ときわ亭 渋谷店,,35.6580655,139.69936149999998,,https://www.google.com/maps?ftid=0x60188b0cac8a89bd:0x6de5825a474edb6f,0x60188b0cac8a89bd:0x6de5825a474edb6f,,Zach J.,Want to go,1mSquE0pnDeBv3otPCuMkxC6wzss,📍,place,want_to_go,Want to go,1mSquE0pnDeBv3otPCuMkxC6wzss,vibe,
191 Street,"191st St Station Entrance Tunnel & Elevator, New York, NY 10040, United States",40.85523,-73.92940999999999,,https://www.google.com/maps?ftid=0x89c2f41b5b30a4ad:0xfd4fc9187f4d38bf,0x89c2f41b5b30a4ad:0xfd4fc9187f4d38bf,/m/05zr06,Zach J.,Want to go,1mSquE0pnDeBv3otPCuMkxC6wzss,📍,place,want_to_go,Want to go,1mSquE0pnDeBv3otPCuMkxC6wzss,vibe,
"33°50'34.2""N 7°46'44.5""E",,33.842822999999996,7.779038,,"https://www.google.com/maps?q=33.842822999999996,7.779038",,,Zach J.,Want to go,1mSquE0pnDeBv3otPCuMkxC6wzss,📍,place,want_to_go,Want to go,1mSquE0pnDeBv3otPCuMkxC6wzss,vibe,
"39°19'41.0""N 3°08'47.0""E",,39.32806,3.1463799999999997,,"https://www.google.com/maps?q=39.32806,3.1463799999999997",,,Zach J.,Want to go,1mSquE0pnDeBv3otPCuMkxC6wzss,📍,place,want_to_go,Want to go,1mSquE0pnDeBv3otPCuMkxC6wzss,vibe,
"39°19'45.2""N 3°08'51.0""E",,39.32922,3.1475009999999997,,"https://www.google.com/maps?q=39.32922,3.1475009999999997",,,Zach J.,Want to go,1mSquE0pnDeBv3otPCuMkxC6wzss,📍,place,want_to_go,Want to go,1mSquE0pnDeBv3otPCuMkxC6wzss,vibe,
"39°21'37.4""N 3°13'30.7""E",,39.3604,3.2252,,"https://www.google.com/maps?q=39.3604,3.2252",,,Zach J.,Want to go,1mSquE0pnDeBv3otPCuMkxC6wzss,📍,place,want_to_go,Want to go,1mSquE0pnDeBv3otPCuMkxC6wzss,vibe,
"41°35'59.7""N 87°21'38.0""W",,41.599924,-87.36056599999999,Abandoned School,"https://www.google.com/maps?q=41.599924,-87.36056599999999",,,Zach J.,Want to go,1mSquE0pnDeBv3otPCuMkxC6wzss,📍,place,want_to_go,Want to go,1mSquE0pnDeBv3otPCuMkxC6wzss,vibe,
"45°53'09.3""N 10°50'44.9""E",,45.885909999999996,10.845799999999999,,"https://www.google.com/maps?q=45.885909999999996,10.845799999999999",,,Zach J.,Want to go,1mSquE0pnDeBv3otPCuMkxC6wzss,📍,place,want_to_go,Want to go,1mSquE0pnDeBv3otPCuMkxC6wzss,vibe,
"46°17'59.4""N 8°47'32.7""E","Alnasca, 6634 Brione (Verzasca), Switzerland",46.29982,8.79241,,"https://www.google.com/maps?q=46.29982,8.79241",,,Zach J.,Want to go,1mSquE0pnDeBv3otPCuMkxC6wzss,📍,place,want_to_go,Want to go,1mSquE0pnDeBv3otPCuMkxC6wzss,vibe,
"63°27'32.7""N 19°21'53.1""W",,63.459081999999995,-19.364753999999998,,"https://www.google.com/maps?q=63.459081999999995,-19.364753999999998",,,Zach J.,Want to go,1mSquE0pnDeBv3otPCuMkxC6wzss,📍,place,want_to_go,Want to go,1mSquE0pnDeBv3otPCuMkxC6wzss,vibe,
"69°47'32.6""N 108°14'26.3""W",,69.792377,-108.24063299999999,,"https://www.google.com/maps?q=69.792377,-108.24063299999999",,,Zach J.,Want to go,1mSquE0pnDeBv3otPCuMkxC6wzss,📍,place,want_to_go,Want to go,1mSquE0pnDeBv3otPCuMkxC6wzss,vibe,
9838 Second St,"9838 Second St, Sidney, BC",48.6499872,-123.39676829999999,,https://www.google.com/maps?ftid=0x548f662b567e59a5:0xf5834dfd09e858e5,0x548f662b567e59a5:0xf5834dfd09e858e5,,Zach J.,Want to go,1mSquE0pnDeBv3otPCuMkxC6wzss,📍,place,want_to_go,Want to go,1mSquE0pnDeBv3otPCuMkxC6wzss,vibe,
A spectacular sunset spot,"12505 Hardin Ct NE, Albuquerque, NM 87111, United States",35.1399088,-106.4989255,,https://www.google.com/maps?ftid=0x87189fa78188e9e5:0xce3d8dcf559b4da5,0x87189fa78188e9e5:0xce3d8dcf559b4da5,/g/11shwj04l5,Zach J.,Want to go,1mSquE0pnDeBv3otPCuMkxC6wzss,📍,place,want_to_go,Want to go,1mSquE0pnDeBv3otPCuMkxC6wzss,vibe,
Abbaye Notre-Dame de Sénanque,"Abbaye de Sénanque, 84220 Gordes, France",43.9279827,5.1867401,"Stay with monks, learn French.",https://www.google.com/maps?ftid=0x12ca0db2e33c18bb:0x47ca1205ef3ceca0,0x12ca0db2e33c18bb:0x47ca1205ef3ceca0,/m/07mzqd,Zach J.,Want to go,1mSquE0pnDeBv3otPCuMkxC6wzss,📍,place,want_to_go,Want to go,1mSquE0pnDeBv3otPCuMkxC6wzss,vibe,
Abbaye Saint-Pierre de Solesmes,"1 Place Dom Guéranger, 72300 Solesmes, France",47.851579699999995,-0.3034513,"Stay with monks, learn French.",https://www.google.com/maps?ftid=0x480838cf64a86f41:0x81a97ae6fcd09f09,0x480838cf64a86f41:0x81a97ae6fcd09f09,/m/0fk0wh,Zach J.,Want to go,1mSquE0pnDeBv3otPCuMkxC6wzss,📍,place,want_to_go,Want to go,1mSquE0pnDeBv3otPCuMkxC6wzss,vibe,
Abri Adalbert,,49.2132578,5.4306677,,https://www.google.com/maps?ftid=0x47eb1e419cf17c17:0x2401eb7232606427,0x47eb1e419cf17c17:0x2401eb7232606427,,Zach J.,Want to go,1mSquE0pnDeBv3otPCuMkxC6wzss,📍,place,want_to_go,Want to go,1mSquE0pnDeBv3otPCuMkxC6wzss,vibe,
Action Impact Firearms & Training Center,,42.442810099999996,-83.29949239999999,,https://www.google.com/maps?ftid=0x8824b685fab11d61:0x3b4fd12e51ee8b8a,0x8824b685fab11d61:0x3b4fd12e51ee8b8a,,Zach J.,Want to go,1mSquE0pnDeBv3otPCuMkxC6wzss,📍,place,want_to_go,Want to go,1mSquE0pnDeBv3otPCuMkxC6wzss,vibe,
Aerospace Bristol,,51.523214499999995,-2.5776486,"Concorde location, you can go inside it.",https://www.google.com/maps?ftid=0x48719193635d4fc3:0xc266eac5f5165b2,0x48719193635d4fc3:0xc266eac5f5165b2,,Zach J.,Want to go,1mSquE0pnDeBv3otPCuMkxC6wzss,📍,place,want_to_go,Want to go,1mSquE0pnDeBv3otPCuMkxC6wzss,vibe,
Agadir,,30.428040499999998,-9.5925444,,https://www.google.com/maps?ftid=0xdb3b6e9daad1cc9:0xbcf8d0b78bf48474,0xdb3b6e9daad1cc9:0xbcf8d0b78bf48474,,Zach J.,Want to go,1mSquE0pnDeBv3otPCuMkxC6wzss,📍,place,want_to_go,Want to go,1mSquE0pnDeBv3otPCuMkxC6wzss,vibe,
Aircraft Graveyard,"S Kolb Rd, Tucson, AZ 85730, United States",32.1519701,-110.8291402,,https://www.google.com/maps?ftid=0x86d66437afbab079:0x7a8df02961a1a0,0x86d66437afbab079:0x7a8df02961a1a0,/g/11bzv56lbz,Zach J.,Want to go,1mSquE0pnDeBv3otPCuMkxC6wzss,📍,place,want_to_go,Want to go,1mSquE0pnDeBv3otPCuMkxC6wzss,vibe,
Airplane Boneyard,"2720 S Craycroft Rd, Tucson, AZ 85707, United States",32.172526,-110.8522345,,https://www.google.com/maps?ftid=0x86d66436e88b5e4b:0x155d7f46897a7e88,0x86d66436e88b5e4b:0x155d7f46897a7e88,/g/11b6ggdyd9,Zach J.,Want to go,1mSquE0pnDeBv3otPCuMkxC6wzss,📍,place,want_to_go,Want to go,1mSquE0pnDeBv3otPCuMkxC6wzss,vibe,
Al Masjid an Nabawi,"Al Haram, Madinah 42311, Saudi Arabia",24.467406099999998,39.611058899999996,Best mosque?,https://www.google.com/maps?ftid=0x15bdbfaa728d4c15:0x39c9cca9e8b98e2f,0x15bdbfaa728d4c15:0x39c9cca9e8b98e2f,/m/024902,Zach J.,Want to go,1mSquE0pnDeBv3otPCuMkxC6wzss,📍,place,want_to_go,Want to go,1mSquE0pnDeBv3otPCuMkxC6wzss,vibe,
Albert Einstein Geburtshaus Denkmal,"Bahnhofstraße 41, 89073 Ulm, Germany",48.3990978,9.9849368,,https://www.google.com/maps?ftid=0x479967dea734d919:0xed692feb439b99ef,0x479967dea734d919:0xed692feb439b99ef,/g/11hhtjcjnr,Zach J.,Want to go,1mSquE0pnDeBv3otPCuMkxC6wzss,📍,place,want_to_go,Want to go,1mSquE0pnDeBv3otPCuMkxC6wzss,vibe,
Aldi Süd,"Poststraße 11, 69115 Heidelberg, Germany",49.4075,8.689216,,https://www.google.com/maps?ftid=0x4797c11e52ee0cfb:0x75631f1403770081,0x4797c11e52ee0cfb:0x75631f1403770081,/g/1tmz5w_f,Zach J.,Want to go,1mSquE0pnDeBv3otPCuMkxC6wzss,📍,place,want_to_go,Want to go,1mSquE0pnDeBv3otPCuMkxC6wzss,vibe,
Allez Up Centre d'escalade,,45.4868841,-73.56102249999999,,https://www.google.com/maps?ftid=0x4cc91a7d69ecc7eb:0xa378ba2b26324b3e,0x4cc91a7d69ecc7eb:0xa378ba2b26324b3e,,Zach J.,Want to go,1mSquE0pnDeBv3otPCuMkxC6wzss,📍,place,want_to_go,Want to go,1mSquE0pnDeBv3otPCuMkxC6wzss,vibe,
Allô mon Coco Plateau-Mont-Royal,"4448 St Laurent Blvd, Montreal, Quebec H2W 1Z5",45.5198313,-73.5860493,,https://www.google.com/maps?ftid=0x4cc91bd31c131d8b:0xe0931ea8554c937d,0x4cc91bd31c131d8b:0xe0931ea8554c937d,/g/11bzs3q35f,Zach J.,Want to go,1mSquE0pnDeBv3otPCuMkxC6wzss,📍,place,want_to_go,Want to go,1mSquE0pnDeBv3otPCuMkxC6wzss,vibe,
Amalfi,"84011 Amalfi, SA, Italy",40.6338303,14.6027661,,https://www.google.com/maps?ftid=0x133b95b54921c5d1:0x151a2c999fb2aca9,0x133b95b54921c5d1:0x151a2c999fb2aca9,/m/0cltb,Zach J.,Want to go,1mSquE0pnDeBv3otPCuMkxC6wzss,📍,place,want_to_go,Want to go,1mSquE0pnDeBv3otPCuMkxC6wzss,vibe,
Ambrosian Library,"Piazza Pio XI, 2, 20123 Milano MI, Italy",45.4634791,9.1857881,,https://www.google.com/maps?ftid=0x4786c6ac88b2ca9f:0xcc86bf5e7ffbd36e,0x4786c6ac88b2ca9f:0xcc86bf5e7ffbd36e,/m/028zd9,Zach J.,Want to go,1mSquE0pnDeBv3otPCuMkxC6wzss,📍,place,want_to_go,Want to go,1mSquE0pnDeBv3otPCuMkxC6wzss,vibe,
Amethyst Creations,"2746 W 4th Ave, Vancouver, BC V6K 1R1",49.268222699999995,-123.1673053,,https://www.google.com/maps?ftid=0x54867252acb1a623:0x362bcea4e1678d4b,0x54867252acb1a623:0x362bcea4e1678d4b,/g/1td69klf,Zach J.,Want to go,1mSquE0pnDeBv3otPCuMkxC6wzss,📍,place,want_to_go,Want to go,1mSquE0pnDeBv3otPCuMkxC6wzss,vibe,
Angoulême,"Angoulême, France",45.6488766,0.1567288,,https://www.google.com/maps?ftid=0x47fe2d85032bc499:0x405d39260eec0f0,0x47fe2d85032bc499:0x405d39260eec0f0,/m/0lgy_,Zach J.,Want to go,1mSquE0pnDeBv3otPCuMkxC6wzss,📍,place,want_to_go,Want to go,1mSquE0pnDeBv3otPCuMkxC6wzss,vibe,
Annecy,"Annecy, France",45.899246999999995,6.129384,,https://www.google.com/maps?ftid=0x478b8ffa1c0551c9:0x42781681620534ba,0x478b8ffa1c0551c9:0x42781681620534ba,/m/02jsr9,Zach J.,Want to go,1mSquE0pnDeBv3otPCuMkxC6wzss,📍,place,want_to_go,Want to go,1mSquE0pnDeBv3otPCuMkxC6wzss,vibe,
Antietam National Battlefield,,39.4670975,-77.7363355,,https://www.google.com/maps?ftid=0x89c9e5ad0b25f195:0x6bad6e2599e8f00d,0x89c9e5ad0b25f195:0x6bad6e2599e8f00d,,Zach J.,Want to go,1mSquE0pnDeBv3otPCuMkxC6wzss,📍,place,want_to_go,Want to go,1mSquE0pnDeBv3otPCuMkxC6wzss,vibe,
Apliu St,"Apliu St, Sham Shui Po",22.329404699999998,114.16300199999999,,https://www.google.com/maps?ftid=0x340400b45c64d88f:0x690b6ec41e1a6a98,0x340400b45c64d88f:0x690b6ec41e1a6a98,/m/07m2ml,Zach J.,Want to go,1mSquE0pnDeBv3otPCuMkxC6wzss,📍,place,want_to_go,Want to go,1mSquE0pnDeBv3otPCuMkxC6wzss,vibe,
Aquaventure Waterpark,Atlantis The Palm - Crescent Rd - Dubai - United Arab Emirates,25.1324245,55.1183099,,https://www.google.com/maps?ftid=0x3e5f43496ad9c645:0xb78f1e79bffcf25d,0x3e5f43496ad9c645:0xb78f1e79bffcf25d,/g/11f8p31qy5,Zach J.,Want to go,1mSquE0pnDeBv3otPCuMkxC6wzss,📍,place,want_to_go,Want to go,1mSquE0pnDeBv3otPCuMkxC6wzss,vibe,
Arizona Snowbowl,"9300 N Snow Bowl Rd, Flagstaff, AZ 86001, United States",35.3307109,-111.7058368,,https://www.google.com/maps?ftid=0x872d87741004d2cd:0x4d6e27615eb5c167,0x872d87741004d2cd:0x4d6e27615eb5c167,/m/0dtzf4,Zach J.,Want to go,1mSquE0pnDeBv3otPCuMkxC6wzss,📍,place,want_to_go,Want to go,1mSquE0pnDeBv3otPCuMkxC6wzss,vibe,
Assaí,"Assaí, State of Paraná, 86220-000, Brazil",-23.3779252,-50.8430606,Japanese founded town in Brazil.,https://www.google.com/maps?ftid=0x94eb1757e8dcb2ff:0xcd79af22e3a89261,0x94eb1757e8dcb2ff:0xcd79af22e3a89261,/g/11bxfzyrp4,Zach J.,Want to go,1mSquE0pnDeBv3otPCuMkxC6wzss,📍,place,want_to_go,Want to go,1mSquE0pnDeBv3otPCuMkxC6wzss,vibe,
Asturias,"Asturias, Spain",43.2504393,-5.983257699999999,,https://www.google.com/maps?ftid=0xd368cfa609eb09d:0xf8b5f32b7dc69e3a,0xd368cfa609eb09d:0xf8b5f32b7dc69e3a,/m/0hvl5,Zach J.,Want to go,1mSquE0pnDeBv3otPCuMkxC6wzss,📍,place,want_to_go,Want to go,1mSquE0pnDeBv3otPCuMkxC6wzss,vibe,
Atlas Guest House & Backpackers,"7th Floor, Unit AB, Comfort Building, 86-88 Nathan Rd, Tsim Sha Tsui",22.298970999999998,114.172309,,https://www.google.com/maps?ftid=0x340400edc0f794d3:0x2fe9cb614b1a1ed4,0x340400edc0f794d3:0x2fe9cb614b1a1ed4,/g/11f0l1nmbq,Zach J.,Want to go,1mSquE0pnDeBv3otPCuMkxC6wzss,📍,place,want_to_go,Want to go,1mSquE0pnDeBv3otPCuMkxC6wzss,vibe,
Aussichtsturm Meuro-Stolln,"Lange Str. 71, 01968 Schipkau, Germany",51.531411999999996,13.9504796,,https://www.google.com/maps?ftid=0x470817d4e0d4c20b:0xca641ace025997d0,0x470817d4e0d4c20b:0xca641ace025997d0,/g/11gh4chfyx,Zach J.,Want to go,1mSquE0pnDeBv3otPCuMkxC6wzss,📍,place,want_to_go,Want to go,1mSquE0pnDeBv3otPCuMkxC6wzss,vibe,
Australia Dairy Company,"47號 Parkes St, Jordan",22.304627999999997,114.1705439,,https://www.google.com/maps?ftid=0x34040102f2c91d81:0xfa546f3e6b987fcf,0x34040102f2c91d81:0xfa546f3e6b987fcf,/g/11h1p8y2_5,Zach J.,Want to go,1mSquE0pnDeBv3otPCuMkxC6wzss,📍,place,want_to_go,Want to go,1mSquE0pnDeBv3otPCuMkxC6wzss,vibe,
BAD POUTINE,"1338B Song Wat Rd, Chakkrawat, Samphanthawong, Bangkok 10100, Thailand",13.737677999999999,100.50817939999999,,https://www.google.com/maps?ftid=0x30e2994e8d0e8309:0xc1222988549e2f14,0x30e2994e8d0e8309:0xc1222988549e2f14,/g/11sbbdhptn,Zach J.,Want to go,1mSquE0pnDeBv3otPCuMkxC6wzss,📍,place,want_to_go,Want to go,1mSquE0pnDeBv3otPCuMkxC6wzss,vibe,
BAK'D Cookies,"285 Nelson's Ct, New Westminster, BC V3L 0E3",49.2247043,-122.8916811,,https://www.google.com/maps?ftid=0x5486791377666c17:0x53fd5fc4b8194fd7,0x5486791377666c17:0x53fd5fc4b8194fd7,/g/11fv4hspdf,Zach J.,Want to go,1mSquE0pnDeBv3otPCuMkxC6wzss,📍,place,want_to_go,Want to go,1mSquE0pnDeBv3otPCuMkxC6wzss,vibe,
Balôn Torino Entrata,,45.077892399999996,7.683458,,https://www.google.com/maps?ftid=0x47886d0b045cf94b:0x51379744c8df9920,0x47886d0b045cf94b:0x51379744c8df9920,,Zach J.,Want to go,1mSquE0pnDeBv3otPCuMkxC6wzss,📍,place,want_to_go,Want to go,1mSquE0pnDeBv3otPCuMkxC6wzss,vibe,
Banh Mi Saigon,,49.2353398,-123.06577779999999,,https://www.google.com/maps?ftid=0x5486741fb5bf9437:0x253eb5873340e17b,0x5486741fb5bf9437:0x253eb5873340e17b,,Zach J.,Want to go,1mSquE0pnDeBv3otPCuMkxC6wzss,📍,place,want_to_go,Want to go,1mSquE0pnDeBv3otPCuMkxC6wzss,vibe,
Baščaršija,"Baščaršija 1, Sarajevo 71000, Bosnia and Herzegovina",43.8598071,18.4312914,,https://www.google.com/maps?ftid=0x4758c8c8c322a109:0xe90aa1a39f58600b,0x4758c8c8c322a109:0xe90aa1a39f58600b,/m/02p5yqr,Zach J.,Want to go,1mSquE0pnDeBv3otPCuMkxC6wzss,📍,place,want_to_go,Want to go,1mSquE0pnDeBv3otPCuMkxC6wzss,vibe,
BC Helicopters Ltd.,"1404 Townline Rd, Abbotsford, BC V2T 6E1",49.0278418,-122.35716359999999,,https://www.google.com/maps?ftid=0x5485ce47c91bf3fb:0xd6fbf7846f5a6887,0x5485ce47c91bf3fb:0xd6fbf7846f5a6887,/g/1td3fqfn,Zach J.,Want to go,1mSquE0pnDeBv3otPCuMkxC6wzss,📍,place,want_to_go,Want to go,1mSquE0pnDeBv3otPCuMkxC6wzss,vibe,
Beau Photo Supplies,"1401 W 8th Ave #110, Vancouver, BC V6H 1C9",49.264598899999996,-123.13642499999999,,https://www.google.com/maps?ftid=0x548673c87932d1fb:0x4431985d62485be0,0x548673c87932d1fb:0x4431985d62485be0,/g/1tzlynlt,Zach J.,Want to go,1mSquE0pnDeBv3otPCuMkxC6wzss,📍,place,want_to_go,Want to go,1mSquE0pnDeBv3otPCuMkxC6wzss,vibe,
Bekonscot Model Village & Railway,"Warwick Rd, Beaconsfield HP9 2PL, United Kingdom",51.6134549,-0.6453958,,https://www.google.com/maps?ftid=0x487666bbf8a33803:0x28a7ff7e942870e9,0x487666bbf8a33803:0x28a7ff7e942870e9,/m/024pxt,Zach J.,Want to go,1mSquE0pnDeBv3otPCuMkxC6wzss,📍,place,want_to_go,Want to go,1mSquE0pnDeBv3otPCuMkxC6wzss,vibe,
Ben Franklin House,"17 Milk St, Boston, MA 02109, United States",42.3566937,-71.0584934,,https://www.google.com/maps?ftid=0x89e37083825a151b:0x7685bd09bfa53962,0x89e37083825a151b:0x7685bd09bfa53962,/g/1v_s6wxx,Zach J.,Want to go,1mSquE0pnDeBv3otPCuMkxC6wzss,📍,place,want_to_go,Want to go,1mSquE0pnDeBv3otPCuMkxC6wzss,vibe,
Bentonville,"Bentonville, AR, USA",36.3723561,-94.2102141,,https://www.google.com/maps?ftid=0x87c910004ed64949:0xda808cc82425bf02,0x87c910004ed64949:0xda808cc82425bf02,/m/0qrl3,Zach J.,Want to go,1mSquE0pnDeBv3otPCuMkxC6wzss,📍,place,want_to_go,Want to go,1mSquE0pnDeBv3otPCuMkxC6wzss,vibe,
Bernie Beigne,"23 Rue Bernard O, Montréal, QC H2T 2J6",45.5270155,-73.6026134,,https://www.google.com/maps?ftid=0x4cc9195aa97d473d:0xfd26dbddc687de04,0x4cc9195aa97d473d:0xfd26dbddc687de04,/g/11ngvplqvb,Zach J.,Want to go,1mSquE0pnDeBv3otPCuMkxC6wzss,📍,place,want_to_go,Want to go,1mSquE0pnDeBv3otPCuMkxC6wzss,vibe,
Bibliotheca Alexandria,"Al Azaritah WA Ash Shatebi, Bab Sharqi, Alexandria Governorate 21526, Egypt",31.208903199999998,29.9091587,,https://www.google.com/maps?ftid=0x14f5c38a0562fe85:0xa34cc632ec23e7,0x14f5c38a0562fe85:0xa34cc632ec23e7,/m/01x63s,Zach J.,Want to go,1mSquE0pnDeBv3otPCuMkxC6wzss,📍,place,want_to_go,Want to go,1mSquE0pnDeBv3otPCuMkxC6wzss,vibe,
Bibliothèque Sainte-Geneviève - Université Sorbonne Nouvelle,,48.8470586,2.3458476,,https://www.google.com/maps?ftid=0x47e671e6353b6af7:0x55d98bbe504f0907,0x47e671e6353b6af7:0x55d98bbe504f0907,,Zach J.,Want to go,1mSquE0pnDeBv3otPCuMkxC6wzss,📍,place,want_to_go,Want to go,1mSquE0pnDeBv3otPCuMkxC6wzss,vibe,
Bigfoot The Tree,"Spur 4, North Vancouver, BC V7G 2S4",49.425011,-122.969324,,https://www.google.com/maps?ftid=0x5486636ba21d883b:0x5398c7be89a6bc35,0x5486636ba21d883b:0x5398c7be89a6bc35,/g/11m_gr3c3_,Zach J.,Want to go,1mSquE0pnDeBv3otPCuMkxC6wzss,📍,place,want_to_go,Want to go,1mSquE0pnDeBv3otPCuMkxC6wzss,vibe,
Bike Repair Centre,"47 W Broadway, Vancouver, BC V5Y 1P1",49.263185899999996,-123.1060488,,https://www.google.com/maps?ftid=0x548673e0eff26861:0xfd40893659c5596e,0x548673e0eff26861:0xfd40893659c5596e,/g/11bv1bd8s2,Zach J.,Want to go,1mSquE0pnDeBv3otPCuMkxC6wzss,📍,place,want_to_go,Want to go,1mSquE0pnDeBv3otPCuMkxC6wzss,vibe,
Billy Sunday,,41.9278184,-87.7065093,,https://www.google.com/maps?ftid=0x880fcd7abd88646b:0xcd7a48c83082faac,0x880fcd7abd88646b:0xcd7a48c83082faac,,Zach J.,Want to go,1mSquE0pnDeBv3otPCuMkxC6wzss,📍,place,want_to_go,Want to go,1mSquE0pnDeBv3otPCuMkxC6wzss,vibe,
Binley Mega Chippy,"Binley Rd, Binley, Coventry CV3 2TN, United Kingdom",52.402309699999996,-1.4458228,,https://www.google.com/maps?ftid=0x487749731c515a4b:0x12b5cac290f0afd1,0x487749731c515a4b:0x12b5cac290f0afd1,/g/11c0rtst6h,Zach J.,Want to go,1mSquE0pnDeBv3otPCuMkxC6wzss,📍,place,want_to_go,Want to go,1mSquE0pnDeBv3otPCuMkxC6wzss,vibe,
Biscuits N' Porn,"2112 S Croatan Hwy, Nags Head, NC 27959, United States",35.9920532,-75.6485012,,https://www.google.com/maps?ftid=0x89a4e3dc8ac4ba05:0xeb5a8e291a44c1f0,0x89a4e3dc8ac4ba05:0xeb5a8e291a44c1f0,/g/11ckr5b7ps,Zach J.,Want to go,1mSquE0pnDeBv3otPCuMkxC6wzss,📍,place,want_to_go,Want to go,1mSquE0pnDeBv3otPCuMkxC6wzss,vibe,
Bon's Off Broadway,,49.2626618,-123.0570922,,https://www.google.com/maps?ftid=0x54867135eb60dbdf:0x1cf39aa3ef3de23e,0x54867135eb60dbdf:0x1cf39aa3ef3de23e,,Zach J.,Want to go,1mSquE0pnDeBv3otPCuMkxC6wzss,📍,place,want_to_go,Want to go,1mSquE0pnDeBv3otPCuMkxC6wzss,vibe,
Bora-Bora,"Bora-Bora, French Polynesia",-16.5058512,-151.7422329,,https://www.google.com/maps?ftid=0x76bdbc53dc9fa52b:0x9bef76bb168bc559,0x76bdbc53dc9fa52b:0x9bef76bb168bc559,/g/121pvydw,Zach J.,Want to go,1mSquE0pnDeBv3otPCuMkxC6wzss,📍,place,want_to_go,Want to go,1mSquE0pnDeBv3otPCuMkxC6wzss,vibe,
Bosa Foods,"562 Victoria Dr, Vancouver, BC V5L 4E2",49.279421199999994,-123.065427,,https://www.google.com/maps?ftid=0x5486713e3ed4a271:0x349af75c2e34d596,0x5486713e3ed4a271:0x349af75c2e34d596,/g/11f2wbtwv3,Zach J.,Want to go,1mSquE0pnDeBv3otPCuMkxC6wzss,📍,place,want_to_go,Want to go,1mSquE0pnDeBv3otPCuMkxC6wzss,vibe,
Boston Common,"139 Tremont St, Boston, MA 02111, United States",42.3550897,-71.0657256,,https://www.google.com/maps?ftid=0x89e3709dbc6e232b:0x3f8683fc7ba94f04,0x89e3709dbc6e232b:0x3f8683fc7ba94f04,/m/023srd,Zach J.,Want to go,1mSquE0pnDeBv3otPCuMkxC6wzss,📍,place,want_to_go,Want to go,1mSquE0pnDeBv3otPCuMkxC6wzss,vibe,
Boston Tea Party Marker,"Harborwalk, Boston, MA 02210, United States",42.354385799999996,-71.0512104,,https://www.google.com/maps?ftid=0x89e3714296491aff:0x22ec435cfb000782,0x89e3714296491aff:0x22ec435cfb000782,/g/11jyf9zjnk,Zach J.,Want to go,1mSquE0pnDeBv3otPCuMkxC6wzss,📍,place,want_to_go,Want to go,1mSquE0pnDeBv3otPCuMkxC6wzss,vibe,
Botanist,,49.2882901,-123.11655499999999,,https://www.google.com/maps?ftid=0x54867183094e8525:0x8e02be43bea945ae,0x54867183094e8525:0x8e02be43bea945ae,,Zach J.,Want to go,1mSquE0pnDeBv3otPCuMkxC6wzss,📍,place,want_to_go,Want to go,1mSquE0pnDeBv3otPCuMkxC6wzss,vibe,
Browning Knob Overlook,"Road to, Rd to Waterrock Knob, Sylva, NC 28779, United States",35.457825299999996,-83.1407756,,https://www.google.com/maps?ftid=0x88596c207d28c633:0x50e17bc142b97089,0x88596c207d28c633:0x50e17bc142b97089,/g/11bz0c8tx2,Zach J.,Want to go,1mSquE0pnDeBv3otPCuMkxC6wzss,📍,place,want_to_go,Want to go,1mSquE0pnDeBv3otPCuMkxC6wzss,vibe,
Brückenpfeiler Erpel(Rhein),"Bergstraße 23, 53579 Erpel, Germany",50.5808999,7.2443766,,https://www.google.com/maps?ftid=0x47bef1d9e2bc59bb:0xa71b82fc0a10bbf,0x47bef1d9e2bc59bb:0xa71b82fc0a10bbf,/g/11hzstpzby,Zach J.,Want to go,1mSquE0pnDeBv3otPCuMkxC6wzss,📍,place,want_to_go,Want to go,1mSquE0pnDeBv3otPCuMkxC6wzss,vibe,
Bub City,,41.8902518,-87.63089269999999,,https://www.google.com/maps?ftid=0x880e2cb22aabab31:0x2b33c2a892683c7f,0x880e2cb22aabab31:0x2b33c2a892683c7f,,Zach J.,Want to go,1mSquE0pnDeBv3otPCuMkxC6wzss,📍,place,want_to_go,Want to go,1mSquE0pnDeBv3otPCuMkxC6wzss,vibe,
Buc-ee's,"2328 Lindsay Ln S, Athens, AL 35613, United States",34.7285373,-86.9328852,,https://www.google.com/maps?ftid=0x886289cb77b5ad77:0x3282ddada319d11f,0x886289cb77b5ad77:0x3282ddada319d11f,/g/11tk49nm2q,Zach J.,Want to go,1mSquE0pnDeBv3otPCuMkxC6wzss,📍,place,want_to_go,Want to go,1mSquE0pnDeBv3otPCuMkxC6wzss,vibe,
Buddha Stupa,"Kathmandu 44600, Nepal",27.7217876,85.3620942,,https://www.google.com/maps?ftid=0x39eb1bda4a951f0f:0x3ddabb234891c3bd,0x39eb1bda4a951f0f:0x3ddabb234891c3bd,/m/0dr4pf,Zach J.,Want to go,1mSquE0pnDeBv3otPCuMkxC6wzss,📍,place,want_to_go,Want to go,1mSquE0pnDeBv3otPCuMkxC6wzss,vibe,
Budget Truck Rental,"1477 Main St, Buffalo, NY 14209, United States",42.9137278,-78.8648333,,https://www.google.com/maps?ftid=0x89d312edb37c60bb:0x8b4b19ac7a91e787,0x89d312edb37c60bb:0x8b4b19ac7a91e787,/g/11b63cx15k,Zach J.,Want to go,1mSquE0pnDeBv3otPCuMkxC6wzss,📍,place,want_to_go,Want to go,1mSquE0pnDeBv3otPCuMkxC6wzss,vibe,
Bussey,"Bussey, IA 50044, USA",41.2066696,-92.8840881,,https://www.google.com/maps?ftid=0x87e8ccf63bbff489:0xb2396bf8cf736741,0x87e8ccf63bbff489:0xb2396bf8cf736741,/m/0t163,Zach J.,Want to go,1mSquE0pnDeBv3otPCuMkxC6wzss,📍,place,want_to_go,Want to go,1mSquE0pnDeBv3otPCuMkxC6wzss,vibe,
Caffe Trieste,"601 Vallejo St, San Francisco, CA 94133",37.7986745,-122.40730749999999,,https://www.google.com/maps?ftid=0x808580f3f5da2173:0xee2ded4b4986b7ee,0x808580f3f5da2173:0xee2ded4b4986b7ee,,Zach J.,Want to go,1mSquE0pnDeBv3otPCuMkxC6wzss,📍,place,want_to_go,Want to go,1mSquE0pnDeBv3otPCuMkxC6wzss,vibe,
Caffè Cittadella,"2310 Ash St, Vancouver, BC V5Z 0C4",49.2647985,-123.11725159999999,,https://www.google.com/maps?ftid=0x548673dcfee4d1d5:0xb3042b9b132bf310,0x548673dcfee4d1d5:0xb3042b9b132bf310,/g/1wnbxq91,Zach J.,Want to go,1mSquE0pnDeBv3otPCuMkxC6wzss,📍,place,want_to_go,Want to go,1mSquE0pnDeBv3otPCuMkxC6wzss,vibe,
Cairns,"Cairns QLD, Australia",-16.9203476,145.7709529,Zack says to go.,https://www.google.com/maps?ftid=0x697862555ba22413:0x400eef17f207860,0x697862555ba22413:0x400eef17f207860,/m/01sgmd,Zach J.,Want to go,1mSquE0pnDeBv3otPCuMkxC6wzss,📍,place,want_to_go,Want to go,1mSquE0pnDeBv3otPCuMkxC6wzss,vibe,
Calanque de Port Pin,"Calanque de Port Pin, Vaufrèges, 13260 Marseille, France",43.2038947,5.5106835,,https://www.google.com/maps?ftid=0x12c9ba7a5e9c1e41:0x4e67fe64f9495f1,0x12c9ba7a5e9c1e41:0x4e67fe64f9495f1,/g/121qg2mq,Zach J.,Want to go,1mSquE0pnDeBv3otPCuMkxC6wzss,📍,place,want_to_go,Want to go,1mSquE0pnDeBv3otPCuMkxC6wzss,vibe,
Calanque de Port-Miou,"50 Av. des Calanques, 13260 Cassis, France",43.2121297,5.5219324,,https://www.google.com/maps?ftid=0x12c9ba8a20d909c3:0x78fa2e9bf08b1fa4,0x12c9ba8a20d909c3:0x78fa2e9bf08b1fa4,/m/0d0b6d,Zach J.,Want to go,1mSquE0pnDeBv3otPCuMkxC6wzss,📍,place,want_to_go,Want to go,1mSquE0pnDeBv3otPCuMkxC6wzss,vibe,
Campbeltown,"Campbeltown, UK",55.424116999999995,-5.605373999999999,Whiskey!,https://www.google.com/maps?ftid=0x4861e2c403f2a19f:0x34bb2ed99cf89acf,0x4861e2c403f2a19f:0x34bb2ed99cf89acf,/m/023r26,Zach J.,Want to go,1mSquE0pnDeBv3otPCuMkxC6wzss,📍,place,want_to_go,Want to go,1mSquE0pnDeBv3otPCuMkxC6wzss,vibe,
Cap Spartel,,35.7863578,-5.9145568,,https://www.google.com/maps?ftid=0xd0c77ec15410907:0x2e799442cbfcdc54,0xd0c77ec15410907:0x2e799442cbfcdc54,,Zach J.,Want to go,1mSquE0pnDeBv3otPCuMkxC6wzss,📍,place,want_to_go,Want to go,1mSquE0pnDeBv3otPCuMkxC6wzss,vibe,
Cappella della Sacra Sindone,,45.073248299999996,7.685875599999999,,https://www.google.com/maps?ftid=0x47886d70da969f85:0xdc317cebec93a96b,0x47886d70da969f85:0xdc317cebec93a96b,,Zach J.,Want to go,1mSquE0pnDeBv3otPCuMkxC6wzss,📍,place,want_to_go,Want to go,1mSquE0pnDeBv3otPCuMkxC6wzss,vibe,
Capri,"80076 Capri, Metropolitan City of Naples, Italy",40.550725899999996,14.242899999999999,,https://www.google.com/maps?ftid=0x133b782b755051af:0xfa59d769d280ea4f,0x133b782b755051af:0xfa59d769d280ea4f,/m/02qm4s3,Zach J.,Want to go,1mSquE0pnDeBv3otPCuMkxC6wzss,📍,place,want_to_go,Want to go,1mSquE0pnDeBv3otPCuMkxC6wzss,vibe,
Carcassonne,,43.2163338,2.3538775999999997,,https://www.google.com/maps?ftid=0x12ae2c390116bd8b:0xe28fdf3b77a114c7,0x12ae2c390116bd8b:0xe28fdf3b77a114c7,,Zach J.,Want to go,1mSquE0pnDeBv3otPCuMkxC6wzss,📍,place,want_to_go,Want to go,1mSquE0pnDeBv3otPCuMkxC6wzss,vibe,
Carthage Jail,"310 Buchanan St, Carthage, IL 62321, United States",40.4152172,-91.139336,,https://www.google.com/maps?ftid=0x87e7260b5347ab67:0x363efdad17ac656e,0x87e7260b5347ab67:0x363efdad17ac656e,/m/042rs5,Zach J.,Want to go,1mSquE0pnDeBv3otPCuMkxC6wzss,📍,place,want_to_go,Want to go,1mSquE0pnDeBv3otPCuMkxC6wzss,vibe,
Casablanca,,33.5731104,-7.5898433999999995,,https://www.google.com/maps?ftid=0xda7cd4778aa113b:0xb06c1d84f310fd3,0xda7cd4778aa113b:0xb06c1d84f310fd3,,Zach J.,Want to go,1mSquE0pnDeBv3otPCuMkxC6wzss,📍,place,want_to_go,Want to go,1mSquE0pnDeBv3otPCuMkxC6wzss,vibe,
Cassis,,43.215134,5.53712,,https://www.google.com/maps?ftid=0x12c9bac66b7ee435:0x40819a5fd970430,0x12c9bac66b7ee435:0x40819a5fd970430,,Zach J.,Want to go,1mSquE0pnDeBv3otPCuMkxC6wzss,📍,place,want_to_go,Want to go,1mSquE0pnDeBv3otPCuMkxC6wzss,vibe,
Central-Mid-Levels Escalators,"Jubilee St, Central, Hong Kong",22.283846399999998,114.1549689,,https://www.google.com/maps?ftid=0x3404007b5f295693:0x26d418786a2b4570,0x3404007b5f295693:0x26d418786a2b4570,/m/02j7dn,Zach J.,Want to go,1mSquE0pnDeBv3otPCuMkxC6wzss,📍,place,want_to_go,Want to go,1mSquE0pnDeBv3otPCuMkxC6wzss,vibe,
Champagne Joseph Perrier,,48.9525027,4.3441130999999995,,https://www.google.com/maps?ftid=0x47ebe070853ea907:0xf43db5a9b1e6c9a6,0x47ebe070853ea907:0xf43db5a9b1e6c9a6,,Zach J.,Want to go,1mSquE0pnDeBv3otPCuMkxC6wzss,📍,place,want_to_go,Want to go,1mSquE0pnDeBv3otPCuMkxC6wzss,vibe,
Cheerful Tortoise,"1939 SW 6th Ave, Portland, OR 97201, United States",45.509955,-122.683843,,https://www.google.com/maps?ftid=0x54950a16831de287:0x658975dfdf1a929b,0x54950a16831de287:0x658975dfdf1a929b,/g/1tfkf8_v,Zach J.,Want to go,1mSquE0pnDeBv3otPCuMkxC6wzss,📍,place,want_to_go,Want to go,1mSquE0pnDeBv3otPCuMkxC6wzss,vibe,
Cheesecake Etc,"2141 Granville St, Vancouver, BC V6H 3E9",49.2664609,-123.1386603,,https://www.google.com/maps?ftid=0x548673c886d430f7:0x952f93268b4d3f18,0x548673c886d430f7:0x952f93268b4d3f18,/g/1tg_l9z8,Zach J.,Want to go,1mSquE0pnDeBv3otPCuMkxC6wzss,📍,place,want_to_go,Want to go,1mSquE0pnDeBv3otPCuMkxC6wzss,vibe,
Chefchaouen,,35.168796,-5.268364099999999,,https://www.google.com/maps?ftid=0xd0b265e6402d907:0x91548980ce97ea0c,0xd0b265e6402d907:0x91548980ce97ea0c,,Zach J.,Want to go,1mSquE0pnDeBv3otPCuMkxC6wzss,📍,place,want_to_go,Want to go,1mSquE0pnDeBv3otPCuMkxC6wzss,vibe,
chegaga spirit,,29.845577,-5.7289338999999995,,https://www.google.com/maps?ftid=0xdbe63805c75ca81:0x639eae93e81a9882,0xdbe63805c75ca81:0x639eae93e81a9882,,Zach J.,Want to go,1mSquE0pnDeBv3otPCuMkxC6wzss,📍,place,want_to_go,Want to go,1mSquE0pnDeBv3otPCuMkxC6wzss,vibe,
Chennai,"Chennai, Tamil Nadu, India",13.0843007,80.2704622,,https://www.google.com/maps?ftid=0x3a5265ea4f7d3361:0x6e61a70b6863d433,0x3a5265ea4f7d3361:0x6e61a70b6863d433,/m/0c8tk,Zach J.,Want to go,1mSquE0pnDeBv3otPCuMkxC6wzss,📍,place,want_to_go,Want to go,1mSquE0pnDeBv3otPCuMkxC6wzss,vibe,
Chichén Itzá,"97751 Yucatan, Mexico",20.684284899999998,-88.5677826,,https://www.google.com/maps?ftid=0x8f5138c6e391c0e7:0x7c1ea0a168994d9a,0x8f5138c6e391c0e7:0x7c1ea0a168994d9a,/m/017kpv,Zach J.,Want to go,1mSquE0pnDeBv3otPCuMkxC6wzss,📍,place,want_to_go,Want to go,1mSquE0pnDeBv3otPCuMkxC6wzss,vibe,
Chongqing,"Chongqing, China",29.565684299999997,106.55118379999999,Multi level city,https://www.google.com/maps?ftid=0x369334baf3e64f43:0xde9f8616dc88b321,0x369334baf3e64f43:0xde9f8616dc88b321,/m/017236,Zach J.,Want to go,1mSquE0pnDeBv3otPCuMkxC6wzss,📍,place,want_to_go,Want to go,1mSquE0pnDeBv3otPCuMkxC6wzss,vibe,
"Chora, Ios","Chora, Ios 840 01, Greece",36.7217767,25.2819385,,https://www.google.com/maps?ftid=0x1498478227f6a3b7:0xc3c522699223b522,0x1498478227f6a3b7:0xc3c522699223b522,/g/128dgwqcn,Zach J.,Want to go,1mSquE0pnDeBv3otPCuMkxC6wzss,📍,place,want_to_go,Want to go,1mSquE0pnDeBv3otPCuMkxC6wzss,vibe,
Chornobyl,"Chornobyl, Kyiv Oblast, Ukraine",51.276302699999995,30.2218992,,https://www.google.com/maps?ftid=0x472a8f00e898abcf:0x14bcceabdbfd5d2c,0x472a8f00e898abcf:0x14bcceabdbfd5d2c,/m/01tsk,Zach J.,Want to go,1mSquE0pnDeBv3otPCuMkxC6wzss,📍,place,want_to_go,Want to go,1mSquE0pnDeBv3otPCuMkxC6wzss,vibe,
Château Perrier,,49.0431928,3.9615582,famous for champagne,https://www.google.com/maps?ftid=0x47e96b7acb37f35f:0xec94771354ff4ef0,0x47e96b7acb37f35f:0xec94771354ff4ef0,,Zach J.,Want to go,1mSquE0pnDeBv3otPCuMkxC6wzss,📍,place,want_to_go,Want to go,1mSquE0pnDeBv3otPCuMkxC6wzss,vibe,
CITAN,"15-2 Nihonbashiodenmacho, Chuo City, Tokyo 103-0011, Japan",35.691570999999996,139.78136899999998,,https://www.google.com/maps?ftid=0x60188952cfa89199:0x280235448bd6d5da,0x60188952cfa89199:0x280235448bd6d5da,/g/11c6pp113j,Zach J.,Want to go,1mSquE0pnDeBv3otPCuMkxC6wzss,📍,place,want_to_go,Want to go,1mSquE0pnDeBv3otPCuMkxC6wzss,vibe,
Cleopatra Spring,"5HW2+Q3C, Siwa, Matrouh Governorate 5011430, Egypt",29.196944,25.5501558,,https://www.google.com/maps?ftid=0x147aae6683d0d015:0x7b459afeaf95740c,0x147aae6683d0d015:0x7b459afeaf95740c,/g/11bw7p4855,Zach J.,Want to go,1mSquE0pnDeBv3otPCuMkxC6wzss,📍,place,want_to_go,Want to go,1mSquE0pnDeBv3otPCuMkxC6wzss,vibe,
Cleveland Dam,"Cleveland Dam, North Vancouver, BC",49.360318,-123.1109164,,https://www.google.com/maps?ftid=0x54866fbe779b5a23:0xf488bc9fde36ac50,0x54866fbe779b5a23:0xf488bc9fde36ac50,/m/02x0pl,Zach J.,Want to go,1mSquE0pnDeBv3otPCuMkxC6wzss,📍,place,want_to_go,Want to go,1mSquE0pnDeBv3otPCuMkxC6wzss,vibe,
Coconut Shell Thai Food,"42, 4 Ratchamanka Rd, Si Phum, อำเภอเมือง, Chiang Mai 50200",18.7853969,98.9909028,,https://www.google.com/maps?ftid=0x30da3aa1e1ad4789:0xa4dd96fe0626afac,0x30da3aa1e1ad4789:0xa4dd96fe0626afac,/g/11bxfs0rwh,Zach J.,Want to go,1mSquE0pnDeBv3otPCuMkxC6wzss,📍,place,want_to_go,Want to go,1mSquE0pnDeBv3otPCuMkxC6wzss,vibe,
Colombo,"Colombo, Sri Lanka",6.9270786,79.861243,,https://www.google.com/maps?ftid=0x3ae253d10f7a7003:0x320b2e4d32d3838d,0x3ae253d10f7a7003:0x320b2e4d32d3838d,/m/0fn7r,Zach J.,Want to go,1mSquE0pnDeBv3otPCuMkxC6wzss,📍,place,want_to_go,Want to go,1mSquE0pnDeBv3otPCuMkxC6wzss,vibe,
"Colorado Scale Model of the Solar System, CU Boulder","2510 Kittredge Loop Dr, Boulder, CO 80305, United States",40.0034758,-105.2641347,,https://www.google.com/maps?ftid=0x876bedca9b283643:0xc242094acf5dcfd1,0x876bedca9b283643:0xc242094acf5dcfd1,/g/11bztfr9w9,Zach J.,Want to go,1mSquE0pnDeBv3otPCuMkxC6wzss,📍,place,want_to_go,Want to go,1mSquE0pnDeBv3otPCuMkxC6wzss,vibe,
Conservative Party of Canada,"66 Slater St. #1800, Ottawa, ON K1P 5H1",45.4213601,-75.6942895,,https://www.google.com/maps?ftid=0x4cce04553652b85f:0x9ee1902f3ba53f78,0x4cce04553652b85f:0x9ee1902f3ba53f78,/g/1tf_0s6v,Zach J.,Want to go,1mSquE0pnDeBv3otPCuMkxC6wzss,📍,place,want_to_go,Want to go,1mSquE0pnDeBv3otPCuMkxC6wzss,vibe,
Cowpens National Battlefield | Visitor Center,"4001 Chesnee Hwy, Gaffney, SC 29341, United States",35.1366432,-81.81797019999999,,https://www.google.com/maps?ftid=0x88571268def6ae49:0xd8ceb867e47dd955,0x88571268def6ae49:0xd8ceb867e47dd955,/m/07ls11,Zach J.,Want to go,1mSquE0pnDeBv3otPCuMkxC6wzss,📍,place,want_to_go,Want to go,1mSquE0pnDeBv3otPCuMkxC6wzss,vibe,
Cream Pony,"2190 Main St, Vancouver, BC V5T 3C6",49.2656156,-123.1006309,,https://www.google.com/maps?ftid=0x54867100267f45db:0xa9b6c724f3fdec03,0x54867100267f45db:0xa9b6c724f3fdec03,/g/11yqpwnmn9,Zach J.,Want to go,1mSquE0pnDeBv3otPCuMkxC6wzss,📍,place,want_to_go,Want to go,1mSquE0pnDeBv3otPCuMkxC6wzss,vibe,
Creek Aiguille,"56 Bd de la Cor d'Or, 06590 Théoule-sur-Mer, France",43.505785599999996,6.9534791,,https://www.google.com/maps?ftid=0x12ce837cd1672acb:0x9b4af5c3260b2d33,0x12ce837cd1672acb:0x9b4af5c3260b2d33,/g/11g9q7dpnd,Zach J.,Want to go,1mSquE0pnDeBv3otPCuMkxC6wzss,📍,place,want_to_go,Want to go,1mSquE0pnDeBv3otPCuMkxC6wzss,vibe,
Crete,"Crete, Greece",35.240117,24.809269099999998,,https://www.google.com/maps?ftid=0x149afe2f827d98a1:0x100bd2ce2b9c630,0x149afe2f827d98a1:0x100bd2ce2b9c630,/g/122zjww4,Zach J.,Want to go,1mSquE0pnDeBv3otPCuMkxC6wzss,📍,place,want_to_go,Want to go,1mSquE0pnDeBv3otPCuMkxC6wzss,vibe,
Cumberland,"Cumberland, MD 21502, USA",39.652865399999996,-78.7625185,Pretty town in the summer.,https://www.google.com/maps?ftid=0x89ca8ec4b1940129:0x9bdc8c96587014e2,0x89ca8ec4b1940129:0x9bdc8c96587014e2,/m/0tt6k,Zach J.,Want to go,1mSquE0pnDeBv3otPCuMkxC6wzss,📍,place,want_to_go,Want to go,1mSquE0pnDeBv3otPCuMkxC6wzss,vibe,
Cumming,"Cumming, GA, USA",34.2073196,-84.14019259999999,,https://www.google.com/maps?ftid=0x88f58523717bebd7:0x1f85f06242e1c19d,0x88f58523717bebd7:0x1f85f06242e1c19d,/m/0rwh9,Zach J.,Want to go,1mSquE0pnDeBv3otPCuMkxC6wzss,📍,place,want_to_go,Want to go,1mSquE0pnDeBv3otPCuMkxC6wzss,vibe,
Curry Cult,"Petersstraße 10, 04109 Leipzig, Germany",51.3398399,12.3743204,,https://www.google.com/maps?ftid=0x47a6f826ad360e13:0xa21ce9b160797455,0x47a6f826ad360e13:0xa21ce9b160797455,/g/1tfgnf4q,Zach J.,Want to go,1mSquE0pnDeBv3otPCuMkxC6wzss,📍,place,want_to_go,Want to go,1mSquE0pnDeBv3otPCuMkxC6wzss,vibe,
Datz Deli,"190-01 Hollis Ave, Queens, NY 11423, United States",40.7096101,-73.7675699,,https://www.google.com/maps?ftid=0x89c2615718e7c617:0xdd3741e3b47e6963,0x89c2615718e7c617:0xdd3741e3b47e6963,/g/11scvcgmyz,Zach J.,Want to go,1mSquE0pnDeBv3otPCuMkxC6wzss,📍,place,want_to_go,Want to go,1mSquE0pnDeBv3otPCuMkxC6wzss,vibe,
De la Savane,,45.500355,-73.66176,,https://www.google.com/maps?ftid=0x4cc91832a70d0d39:0x6d3d7133b4bd0c9e,0x4cc91832a70d0d39:0x6d3d7133b4bd0c9e,,Zach J.,Want to go,1mSquE0pnDeBv3otPCuMkxC6wzss,📍,place,want_to_go,Want to go,1mSquE0pnDeBv3otPCuMkxC6wzss,vibe,
Dickens Public House,"2280 Beacon Ave, Sidney, BC V8L 1X1",48.6494686,-123.40595909999999,,https://www.google.com/maps?ftid=0x548f687f8a9ffc5f:0x2618cad9b00a9c77,0x548f687f8a9ffc5f:0x2618cad9b00a9c77,/g/1tdx_l71,Zach J.,Want to go,1mSquE0pnDeBv3otPCuMkxC6wzss,📍,place,want_to_go,Want to go,1mSquE0pnDeBv3otPCuMkxC6wzss,vibe,
Disneyland Paris,,48.8673858,2.7835929999999998,,https://www.google.com/maps?ftid=0x47e61d19ca7ae2bd:0x57faf8cb6310e660,0x47e61d19ca7ae2bd:0x57faf8cb6310e660,,Zach J.,Want to go,1mSquE0pnDeBv3otPCuMkxC6wzss,📍,place,want_to_go,Want to go,1mSquE0pnDeBv3otPCuMkxC6wzss,vibe,
Doai Station,,36.8313766,138.9670159,,https://www.google.com/maps?ftid=0x601e16c9dc58bb65:0xdf2b955f5c202452,0x601e16c9dc58bb65:0xdf2b955f5c202452,,Zach J.,Want to go,1mSquE0pnDeBv3otPCuMkxC6wzss,📍,place,want_to_go,Want to go,1mSquE0pnDeBv3otPCuMkxC6wzss,vibe,
Documentation Center Nazi Party Rally Grounds,,49.4339206,11.1127118,,https://www.google.com/maps?ftid=0x479f59c4d80a84db:0x7ad0478b3d32e455,0x479f59c4d80a84db:0x7ad0478b3d32e455,,Zach J.,Want to go,1mSquE0pnDeBv3otPCuMkxC6wzss,📍,place,want_to_go,Want to go,1mSquE0pnDeBv3otPCuMkxC6wzss,vibe,
Dragonman's,"1200 Dragonman Dr, Colorado Springs, CO 80929, United States",38.8476676,-104.5621379,,https://www.google.com/maps?ftid=0x87133bd00721abd3:0x915619690e2ddcca,0x87133bd00721abd3:0x915619690e2ddcca,/g/1tjhy34j,Zach J.,Want to go,1mSquE0pnDeBv3otPCuMkxC6wzss,📍,place,want_to_go,Want to go,1mSquE0pnDeBv3otPCuMkxC6wzss,vibe,
Dropped pin,"Near Fodi Nou, Carrer Nou, 17001 Girona, Spain",41.9826751,2.8209858,"Meme location, guy looking at girl.","https://www.google.com/maps?q=41.9826751,2.8209858",,,Zach J.,Want to go,1mSquE0pnDeBv3otPCuMkxC6wzss,📍,place,want_to_go,Want to go,1mSquE0pnDeBv3otPCuMkxC6wzss,vibe,
Drugstore,"Kettengasse 10, 69117 Heidelberg, Germany",49.4113767,8.708572499999999,,https://www.google.com/maps?ftid=0x4797c106f1e5a405:0x5aa2d69d9f977176,0x4797c106f1e5a405:0x5aa2d69d9f977176,/g/1v_vrw53,Zach J.,Want to go,1mSquE0pnDeBv3otPCuMkxC6wzss,📍,place,want_to_go,Want to go,1mSquE0pnDeBv3otPCuMkxC6wzss,vibe,
Dunkin',"1165 Buford Hwy, Cumming, GA 30041, United States",34.174794999999996,-84.1273922,,https://www.google.com/maps?ftid=0x88f59ac6a8a946d9:0x147ba7e6f46653f3,0x88f59ac6a8a946d9:0x147ba7e6f46653f3,/g/1tfh5hr8,Zach J.,Want to go,1mSquE0pnDeBv3otPCuMkxC6wzss,📍,place,want_to_go,Want to go,1mSquE0pnDeBv3otPCuMkxC6wzss,vibe,
Duo Housing,"Duo Housing, 1223 11th St NW, Washington, DC 20001, United States",38.9064671,-77.026822,,https://www.google.com/maps?ftid=0x89b7b7ecbd9321df:0x5e1b19dd29ce16d1,0x89b7b7ecbd9321df:0x5e1b19dd29ce16d1,/g/1pp2t_m93,Zach J.,Want to go,1mSquE0pnDeBv3otPCuMkxC6wzss,📍,place,want_to_go,Want to go,1mSquE0pnDeBv3otPCuMkxC6wzss,vibe,
Duomo di Milano,"P.za del Duomo, Milano MI, Italy",45.464097599999995,9.1919265,,https://www.google.com/maps?ftid=0x4786c6aec34636a1:0xab7f4e27101a2e13,0x4786c6aec34636a1:0xab7f4e27101a2e13,/m/01ggs8,Zach J.,Want to go,1mSquE0pnDeBv3otPCuMkxC6wzss,📍,place,want_to_go,Want to go,1mSquE0pnDeBv3otPCuMkxC6wzss,vibe,
Durango & Silverton Narrow Gauge Railroad,,37.2690881,-107.88253429999999,"https://www.durangotrain.com/now-booking/

Cascade",https://www.google.com/maps?ftid=0x873ee7fc8913018f:0x692a174636600f0b,0x873ee7fc8913018f:0x692a174636600f0b,,Zach J.,Want to go,1mSquE0pnDeBv3otPCuMkxC6wzss,📍,place,want_to_go,Want to go,1mSquE0pnDeBv3otPCuMkxC6wzss,vibe,
Dyker Heights Christmas Lights,"1072 80th St 1st. Floor, Brooklyn, NY 11228, United States",40.6201334,-74.015346,,https://www.google.com/maps?ftid=0x89c245aeb803f76b:0x5515cec5caab57f9,0x89c245aeb803f76b:0x5515cec5caab57f9,/g/11j0bdj_4w,Zach J.,Want to go,1mSquE0pnDeBv3otPCuMkxC6wzss,📍,place,want_to_go,Want to go,1mSquE0pnDeBv3otPCuMkxC6wzss,vibe,
Dynamo Fencing Gastown,"211 Columbia St #100, Vancouver, BC V6A 2R5",49.2829951,-123.10262859999999,,https://www.google.com/maps?ftid=0x548671db6852c1cd:0x524b526807c4e631,0x548671db6852c1cd:0x524b526807c4e631,/g/11vpd2_qks,Zach J.,Want to go,1mSquE0pnDeBv3otPCuMkxC6wzss,📍,place,want_to_go,Want to go,1mSquE0pnDeBv3otPCuMkxC6wzss,vibe,
Eagle Sports Range,,41.603401,-87.7621142,,https://www.google.com/maps?ftid=0x880e3dc3bbfb2eb7:0xa9db28ad200e06ae,0x880e3dc3bbfb2eb7:0xa9db28ad200e06ae,,Zach J.,Want to go,1mSquE0pnDeBv3otPCuMkxC6wzss,📍,place,want_to_go,Want to go,1mSquE0pnDeBv3otPCuMkxC6wzss,vibe,
Ebisu Stand Fuji,"Japan, 〒150-0021 Tokyo, Shibuya, Ebisunishi, 1 Chome−7−2 ビックストーンビル 1F",35.6479863,139.70871879999999,,https://www.google.com/maps?ftid=0x60188b975f19ab09:0xf32a84bb37110965,0x60188b975f19ab09:0xf32a84bb37110965,/g/11k19b5z6v,Zach J.,Want to go,1mSquE0pnDeBv3otPCuMkxC6wzss,📍,place,want_to_go,Want to go,1mSquE0pnDeBv3otPCuMkxC6wzss,vibe,
Edge of The Key West,"G5WQ+82, Key West, FL 33040, United States",24.5458218,-81.812443,,https://www.google.com/maps?ftid=0x88d1b7003dd64b63:0xe85d25e3cdb85617,0x88d1b7003dd64b63:0xe85d25e3cdb85617,/g/11y3dslyj0,Zach J.,Want to go,1mSquE0pnDeBv3otPCuMkxC6wzss,📍,place,want_to_go,Want to go,1mSquE0pnDeBv3otPCuMkxC6wzss,vibe,
Eisenhüttenstadt,"15890 Eisenhüttenstadt, Germany",52.1436615,14.641902199999999,"East German, planned socialist city",https://www.google.com/maps?ftid=0x4707b885b42fafe3:0xe754b8581c20604e,0x4707b885b42fafe3:0xe754b8581c20604e,/m/01h8dk,Zach J.,Want to go,1mSquE0pnDeBv3otPCuMkxC6wzss,📍,place,want_to_go,Want to go,1mSquE0pnDeBv3otPCuMkxC6wzss,vibe,
EMBERS Staffing Solutions (Vancouver),"111 W Hastings St #240, Vancouver, BC V6B 1H4",49.282339799999995,-123.10733049999999,,https://www.google.com/maps?ftid=0x5486717079980703:0xb21a1e9b9e068131,0x5486717079980703:0xb21a1e9b9e068131,/g/1tdd9jt6,Zach J.,Want to go,1mSquE0pnDeBv3otPCuMkxC6wzss,📍,place,want_to_go,Want to go,1mSquE0pnDeBv3otPCuMkxC6wzss,vibe,
Enoshima,"Enoshima, Fujisawa, Kanagawa 251-0036, Japan",35.2990992,139.4809269,,https://www.google.com/maps?ftid=0x60184ee6a0890aa5:0x4fe5988514a5aec,0x60184ee6a0890aa5:0x4fe5988514a5aec,/m/01t0cq,Zach J.,Want to go,1mSquE0pnDeBv3otPCuMkxC6wzss,📍,place,want_to_go,Want to go,1mSquE0pnDeBv3otPCuMkxC6wzss,vibe,
Erg Chebbi,,31.1458333,-3.9677778,,https://www.google.com/maps?ftid=0xd973922a2222373:0x7308c7325d345344,0xd973922a2222373:0x7308c7325d345344,,Zach J.,Want to go,1mSquE0pnDeBv3otPCuMkxC6wzss,📍,place,want_to_go,Want to go,1mSquE0pnDeBv3otPCuMkxC6wzss,vibe,
Eye Of The Sahara,"3JW7+JJF، شنقيط, Mauritania",21.1246357,-11.4021706,https://vm.tiktok.com/ZMY2drxKu/,https://www.google.com/maps?ftid=0xe811f822dce98ed:0x2165fb02a4108c6f,0xe811f822dce98ed:0x2165fb02a4108c6f,/g/11g8wcvqs3,Zach J.,Want to go,1mSquE0pnDeBv3otPCuMkxC6wzss,📍,place,want_to_go,Want to go,1mSquE0pnDeBv3otPCuMkxC6wzss,vibe,
Fairy Chimneys,,38.630931499999996,34.916359,,https://www.google.com/maps?ftid=0x152a677964136fbb:0x72b3c95554914dbb,0x152a677964136fbb:0x72b3c95554914dbb,,Zach J.,Want to go,1mSquE0pnDeBv3otPCuMkxC6wzss,📍,place,want_to_go,Want to go,1mSquE0pnDeBv3otPCuMkxC6wzss,vibe,
Faraglione di Terra (o Stella),"80076 Capri, Metropolitan City of Naples, Italy",40.54244,14.2532205,,https://www.google.com/maps?ftid=0x133b796da4ff7091:0x913597e4bfcd17fa,0x133b796da4ff7091:0x913597e4bfcd17fa,/g/11sg0kvprq,Zach J.,Want to go,1mSquE0pnDeBv3otPCuMkxC6wzss,📍,place,want_to_go,Want to go,1mSquE0pnDeBv3otPCuMkxC6wzss,vibe,
Fes,,34.0181246,-5.0078451,,https://www.google.com/maps?ftid=0xd9f8b484d445777:0x10e6aaaeedd802ef,0xd9f8b484d445777:0x10e6aaaeedd802ef,,Zach J.,Want to go,1mSquE0pnDeBv3otPCuMkxC6wzss,📍,place,want_to_go,Want to go,1mSquE0pnDeBv3otPCuMkxC6wzss,vibe,
Fingringhoe,,51.843740999999994,0.945,,https://www.google.com/maps?ftid=0x47d91aa10c65ee4b:0xd3f8968e820716c1,0x47d91aa10c65ee4b:0xd3f8968e820716c1,,Zach J.,Want to go,1mSquE0pnDeBv3otPCuMkxC6wzss,📍,place,want_to_go,Want to go,1mSquE0pnDeBv3otPCuMkxC6wzss,vibe,
Forest Library,,35.6599079,139.69959799999998,,https://www.google.com/maps?ftid=0x60188b55ef94beff:0x8af8e474f71bd69f,0x60188b55ef94beff:0x8af8e474f71bd69f,,Zach J.,Want to go,1mSquE0pnDeBv3otPCuMkxC6wzss,📍,place,want_to_go,Want to go,1mSquE0pnDeBv3otPCuMkxC6wzss,vibe,
Forum of Contemporary History Leipzig,"Grimmaische Str. 6, 04109 Leipzig, Germany",51.3397678,12.3757219,,https://www.google.com/maps?ftid=0x47a6f823f67baa21:0xf9a51ea2ea13aae7,0x47a6f823f67baa21:0xf9a51ea2ea13aae7,/g/121sx9fy,Zach J.,Want to go,1mSquE0pnDeBv3otPCuMkxC6wzss,📍,place,want_to_go,Want to go,1mSquE0pnDeBv3otPCuMkxC6wzss,vibe,
Fosshótel Núpar,,63.9237766,-17.706426399999998,,https://www.google.com/maps?ftid=0x48d035db23de19f9:0xf7c49404b0c45681,0x48d035db23de19f9:0xf7c49404b0c45681,,Zach J.,Want to go,1mSquE0pnDeBv3otPCuMkxC6wzss,📍,place,want_to_go,Want to go,1mSquE0pnDeBv3otPCuMkxC6wzss,vibe,
Freedom Trl,"Freedom Trl, Boston, MA, USA",42.366938399999995,-71.0585055,,https://www.google.com/maps?ftid=0x89e3709c9a6344c9:0x4fb15fe6b7bad27a,0x89e3709c9a6344c9:0x4fb15fe6b7bad27a,/m/047bh6,Zach J.,Want to go,1mSquE0pnDeBv3otPCuMkxC6wzss,📍,place,want_to_go,Want to go,1mSquE0pnDeBv3otPCuMkxC6wzss,vibe,
Freiburg im Breisgau,"Freiburg im Breisgau, Germany",47.9990077,7.8421043,,https://www.google.com/maps?ftid=0x47911b26560bd665:0x41f6bb7a5df57b0,0x47911b26560bd665:0x41f6bb7a5df57b0,/m/0ptj2,Zach J.,Want to go,1mSquE0pnDeBv3otPCuMkxC6wzss,📍,place,want_to_go,Want to go,1mSquE0pnDeBv3otPCuMkxC6wzss,vibe,
Fuk Wing St,"Fuk Wing St, Un Chau",22.331385299999997,114.1634955,Winston's Coffee?,https://www.google.com/maps?ftid=0x3404074ce87e5e4b:0x9f7a2d912c077023,0x3404074ce87e5e4b:0x9f7a2d912c077023,/g/155rypvb,Zach J.,Want to go,1mSquE0pnDeBv3otPCuMkxC6wzss,📍,place,want_to_go,Want to go,1mSquE0pnDeBv3otPCuMkxC6wzss,vibe,
Funky Monkey,"17 Wai Ching St, Jordan, Hong Kong",22.306241699999998,114.1676833,,https://www.google.com/maps?ftid=0x34040094d4d957e7:0xb0a1a01ac977f12d,0x34040094d4d957e7:0xb0a1a01ac977f12d,/g/11bzscyx0r,Zach J.,Want to go,1mSquE0pnDeBv3otPCuMkxC6wzss,📍,place,want_to_go,Want to go,1mSquE0pnDeBv3otPCuMkxC6wzss,vibe,
Galleria Vittorio Emanuele II,"P.za del Duomo, 20123 Milano MI, Italy",45.4658434,9.1899401,,https://www.google.com/maps?ftid=0x47793506fd86b6c3:0x270b9ca95809d416,0x47793506fd86b6c3:0x270b9ca95809d416,/m/037d0h,Zach J.,Want to go,1mSquE0pnDeBv3otPCuMkxC6wzss,📍,place,want_to_go,Want to go,1mSquE0pnDeBv3otPCuMkxC6wzss,vibe,
Gary,"Gary, IN, USA",41.6020403,-87.3371523,,https://www.google.com/maps?ftid=0x8811c26949eba4df:0x3ec3739841d01645,0x8811c26949eba4df:0x3ec3739841d01645,/m/03b12,Zach J.,Want to go,1mSquE0pnDeBv3otPCuMkxC6wzss,📍,place,want_to_go,Want to go,1mSquE0pnDeBv3otPCuMkxC6wzss,vibe,
George St,"St. John's, NL",47.561175,-52.7112597,,https://www.google.com/maps?ftid=0x4b0ca3bb28b8760f:0x36f429bdcc22de6,0x4b0ca3bb28b8760f:0x36f429bdcc22de6,/m/07bgqc,Zach J.,Want to go,1mSquE0pnDeBv3otPCuMkxC6wzss,📍,place,want_to_go,Want to go,1mSquE0pnDeBv3otPCuMkxC6wzss,vibe,
Georgia General,"706 Victoria Dr, Vancouver, BC V5L 4E6",49.278226499999995,-123.0654017,,https://www.google.com/maps?ftid=0x548671b451d8508d:0xa9df32c7bae75805,0x548671b451d8508d:0xa9df32c7bae75805,/g/11txch99w1,Zach J.,Want to go,1mSquE0pnDeBv3otPCuMkxC6wzss,📍,place,want_to_go,Want to go,1mSquE0pnDeBv3otPCuMkxC6wzss,vibe,
Gerni’s Farmhouse - Adult Only 16+,"888 Sparkling Pl, Vernon, BC V1H 2K7",50.198634299999995,-119.39362209999999,,https://www.google.com/maps?ftid=0x537de1b201f61b45:0x6685fae7ebc01097,0x537de1b201f61b45:0x6685fae7ebc01097,/g/11rhdcsq0m,Zach J.,Want to go,1mSquE0pnDeBv3otPCuMkxC6wzss,📍,place,want_to_go,Want to go,1mSquE0pnDeBv3otPCuMkxC6wzss,vibe,
Gettysburg,"Gettysburg, PA 17325, USA",39.8309293,-77.2310955,,https://www.google.com/maps?ftid=0x89c854bb6968cbb9:0x76e0a9410973efbe,0x89c854bb6968cbb9:0x76e0a9410973efbe,/m/0dzs0,Zach J.,Want to go,1mSquE0pnDeBv3otPCuMkxC6wzss,📍,place,want_to_go,Want to go,1mSquE0pnDeBv3otPCuMkxC6wzss,vibe,
Gijón,"Gijón, Asturias, Spain",43.5322493,-5.660973299999999,Maxim says to drink the cider.,https://www.google.com/maps?ftid=0xd367c66cbf494bf:0xbd06d207048d3536,0xd367c66cbf494bf:0xbd06d207048d3536,/m/0vgw2,Zach J.,Want to go,1mSquE0pnDeBv3otPCuMkxC6wzss,📍,place,want_to_go,Want to go,1mSquE0pnDeBv3otPCuMkxC6wzss,vibe,
Gilroy Stadium,,41.56066,-87.34707999999999,,https://www.google.com/maps?ftid=0x8811e96312026d83:0x6f05ad2466e156f0,0x8811e96312026d83:0x6f05ad2466e156f0,,Zach J.,Want to go,1mSquE0pnDeBv3otPCuMkxC6wzss,📍,place,want_to_go,Want to go,1mSquE0pnDeBv3otPCuMkxC6wzss,vibe,
Glenfinnan Viaduct,"Glenfinnan PH37 4LT, United Kingdom",56.8762172,-5.4317589,,https://www.google.com/maps?ftid=0x488eb3c93538a1b5:0xf7b37f55e33e3fe7,0x488eb3c93538a1b5:0xf7b37f55e33e3fe7,/m/055y3b,Zach J.,Want to go,1mSquE0pnDeBv3otPCuMkxC6wzss,📍,place,want_to_go,Want to go,1mSquE0pnDeBv3otPCuMkxC6wzss,vibe,
Goa,"Goa, India",15.2993265,74.12399599999999,,https://www.google.com/maps?ftid=0x3bbfba106336b741:0xeaf887ff62f34092,0x3bbfba106336b741:0xeaf887ff62f34092,/m/01c1nm,Zach J.,Want to go,1mSquE0pnDeBv3otPCuMkxC6wzss,📍,place,want_to_go,Want to go,1mSquE0pnDeBv3otPCuMkxC6wzss,vibe,
Goderich,"Goderich, ON",43.7431102,-81.7122864,,https://www.google.com/maps?ftid=0x8828c33b1b47184d:0xae30f38c3c87c066,0x8828c33b1b47184d:0xae30f38c3c87c066,/m/059p6p,Zach J.,Want to go,1mSquE0pnDeBv3otPCuMkxC6wzss,📍,place,want_to_go,Want to go,1mSquE0pnDeBv3otPCuMkxC6wzss,vibe,
Granja M. Viader,,41.3830917,2.1708449,Crema Catalana,https://www.google.com/maps?ftid=0x12a4a2f65e77a881:0xdc05c4cad93f85d8,0x12a4a2f65e77a881:0xdc05c4cad93f85d8,,Zach J.,Want to go,1mSquE0pnDeBv3otPCuMkxC6wzss,📍,place,want_to_go,Want to go,1mSquE0pnDeBv3otPCuMkxC6wzss,vibe,
Great Smoky Mountains,"Great Smoky Mountains, United States",35.653194299999996,-83.5070203,,https://www.google.com/maps?ftid=0x8859521e1372343d:0xa04eac8607697ce3,0x8859521e1372343d:0xa04eac8607697ce3,/m/02z9hk,Zach J.,Want to go,1mSquE0pnDeBv3otPCuMkxC6wzss,📍,place,want_to_go,Want to go,1mSquE0pnDeBv3otPCuMkxC6wzss,vibe,
Great view point,,49.6078189,6.134614,,https://www.google.com/maps?ftid=0x479549cafb177f8f:0x5fb42b83c1471334,0x479549cafb177f8f:0x5fb42b83c1471334,,Zach J.,Want to go,1mSquE0pnDeBv3otPCuMkxC6wzss,📍,place,want_to_go,Want to go,1mSquE0pnDeBv3otPCuMkxC6wzss,vibe,
Guillaume,"5170 St Laurent Blvd, Montreal, Quebec H2T 1R8",45.523573299999995,-73.59424,,https://www.google.com/maps?ftid=0x4cc9197de1efa60d:0xe4c2911a94f6bb26,0x4cc9197de1efa60d:0xe4c2911a94f6bb26,/g/1tgj8ffz,Zach J.,Want to go,1mSquE0pnDeBv3otPCuMkxC6wzss,📍,place,want_to_go,Want to go,1mSquE0pnDeBv3otPCuMkxC6wzss,vibe,
Habitat 67,,45.4998316,-73.5437127,,https://www.google.com/maps?ftid=0x4cc91af0fd0507f5:0x54874884e30cae4a,0x4cc91af0fd0507f5:0x54874884e30cae4a,/m/01f_02,Zach J.,Want to go,1mSquE0pnDeBv3otPCuMkxC6wzss,📍,place,want_to_go,Want to go,1mSquE0pnDeBv3otPCuMkxC6wzss,vibe,
Hangar-7,,47.7935315,13.0077824,,https://www.google.com/maps?ftid=0x4776903b610d778b:0xef3e653ff1c42d15,0x4776903b610d778b:0xef3e653ff1c42d15,,Zach J.,Want to go,1mSquE0pnDeBv3otPCuMkxC6wzss,📍,place,want_to_go,Want to go,1mSquE0pnDeBv3otPCuMkxC6wzss,vibe,
Hangzhou,"Hangzhou, Zhejiang, China",30.274149899999998,120.15514999999999,,https://www.google.com/maps?ftid=0x344bb629439aaa99:0xa7bfd183824de83a,0x344bb629439aaa99:0xa7bfd183824de83a,/m/014vm4,Zach J.,Want to go,1mSquE0pnDeBv3otPCuMkxC6wzss,📍,place,want_to_go,Want to go,1mSquE0pnDeBv3otPCuMkxC6wzss,vibe,
Havasupai Trailhead,"Supai, AZ 86435, United States",36.1597381,-112.7093058,Camping and hiking,https://www.google.com/maps?ftid=0x80ccb41c78bb359d:0x9a3078008c8bb24a,0x80ccb41c78bb359d:0x9a3078008c8bb24a,/g/11b7xhkhyy,Zach J.,Want to go,1mSquE0pnDeBv3otPCuMkxC6wzss,📍,place,want_to_go,Want to go,1mSquE0pnDeBv3otPCuMkxC6wzss,vibe,
Hayden Block Smoke & Whiskey,,51.0526631,-114.08828489999999,,https://www.google.com/maps?ftid=0x53716fe91f84e889:0xd9642cb5335ef209,0x53716fe91f84e889:0xd9642cb5335ef209,,Zach J.,Want to go,1mSquE0pnDeBv3otPCuMkxC6wzss,📍,place,want_to_go,Want to go,1mSquE0pnDeBv3otPCuMkxC6wzss,vibe,
Hekkelun,"Japan, 〒105-0003 Tokyo, Minato City, Nishishinbashi, 1 Chome−20−11 安藤ビル 1F",35.6678648,139.752172,,https://www.google.com/maps?ftid=0x60188b9335f1bfa9:0xfc09ad2bd1f472c7,0x60188b9335f1bfa9:0xfc09ad2bd1f472c7,/g/1tgh2zmg,Zach J.,Want to go,1mSquE0pnDeBv3otPCuMkxC6wzss,📍,place,want_to_go,Want to go,1mSquE0pnDeBv3otPCuMkxC6wzss,vibe,
Heliopolis,"Heliopolis, Al Matar, El Nozha, Cairo Governorate 4470351, Egypt",30.112315,31.343850699999997,Area to visit,https://www.google.com/maps?ftid=0x145815dcc3e4e599:0x6c67c22e4aa39206,0x145815dcc3e4e599:0x6c67c22e4aa39206,/m/0c5q07,Zach J.,Want to go,1mSquE0pnDeBv3otPCuMkxC6wzss,📍,place,want_to_go,Want to go,1mSquE0pnDeBv3otPCuMkxC6wzss,vibe,
Hemingway's Heidelberg,"Fahrtgasse 1, 69117 Heidelberg, Germany",49.411397199999996,8.6946441,,https://www.google.com/maps?ftid=0x4797c11be9927b35:0x17b2d7355e32db94,0x4797c11be9927b35:0x17b2d7355e32db94,/g/113dgxpr2,Zach J.,Want to go,1mSquE0pnDeBv3otPCuMkxC6wzss,📍,place,want_to_go,Want to go,1mSquE0pnDeBv3otPCuMkxC6wzss,vibe,
Himachal Pradesh,"Himachal Pradesh, India",32.1024076,77.5619419,,https://www.google.com/maps?ftid=0x390453c367f901f7:0x7cfe04c5564b7725,0x390453c367f901f7:0x7cfe04c5564b7725,/m/03p85,Zach J.,Want to go,1mSquE0pnDeBv3otPCuMkxC6wzss,📍,place,want_to_go,Want to go,1mSquE0pnDeBv3otPCuMkxC6wzss,vibe,
Historic Sanctuary of Machu Picchu,"08680, Peru",-13.1631988,-72.5452621,,https://www.google.com/maps?ftid=0x916d9a5f89555555:0x3a10370ea4a01a27,0x916d9a5f89555555:0x3a10370ea4a01a27,/m/0krfy,Zach J.,Want to go,1mSquE0pnDeBv3otPCuMkxC6wzss,📍,place,want_to_go,Want to go,1mSquE0pnDeBv3otPCuMkxC6wzss,vibe,
Housebistro好適廚坊,,25.0807686,121.54661639999999,,https://www.google.com/maps?ftid=0x3442ac05a0cb01ef:0xe63774774b90348,0x3442ac05a0cb01ef:0xe63774774b90348,,Zach J.,Want to go,1mSquE0pnDeBv3otPCuMkxC6wzss,📍,place,want_to_go,Want to go,1mSquE0pnDeBv3otPCuMkxC6wzss,vibe,
Hôtel La Citadelle Metz - MGallery,,49.114188999999996,6.169578,,https://www.google.com/maps?ftid=0x4794dc040d9d5c09:0x5dad30c0ed463716,0x4794dc040d9d5c09:0x5dad30c0ed463716,,Zach J.,Want to go,1mSquE0pnDeBv3otPCuMkxC6wzss,📍,place,want_to_go,Want to go,1mSquE0pnDeBv3otPCuMkxC6wzss,vibe,
Hôtel Particulier Montmartre,"23 Av. Junot Pavillon D, 75018 Paris, France",48.88787,2.3353235,,https://www.google.com/maps?ftid=0x47e66e5072344621:0x7141c17a51c5c6d8,0x47e66e5072344621:0x7141c17a51c5c6d8,/g/12h2qtt7p,Zach J.,Want to go,1mSquE0pnDeBv3otPCuMkxC6wzss,📍,place,want_to_go,Want to go,1mSquE0pnDeBv3otPCuMkxC6wzss,vibe,
Ifran,,33.527174599999995,-5.1171821,,https://www.google.com/maps?ftid=0xda1d772f32d140b:0x7253cf1d404c7ca3,0xda1d772f32d140b:0x7253cf1d404c7ca3,,Zach J.,Want to go,1mSquE0pnDeBv3otPCuMkxC6wzss,📍,place,want_to_go,Want to go,1mSquE0pnDeBv3otPCuMkxC6wzss,vibe,
Inoh Tadataka's Former Residence,"Japan, 〒287-0003 Chiba, Katori, I−1900-1 伊能忠敬旧宅",35.8882069,140.4979311,,https://www.google.com/maps?ftid=0x6022f7ebf8c95555:0x8b5651faa16b2af7,0x6022f7ebf8c95555:0x8b5651faa16b2af7,/g/1222cly_,Zach J.,Want to go,1mSquE0pnDeBv3otPCuMkxC6wzss,📍,place,want_to_go,Want to go,1mSquE0pnDeBv3otPCuMkxC6wzss,vibe,
"JAL Agriport ""JALの農園""","245-1002 Kawakami, Narita, Chiba 287-0244, Japan",35.7921184,140.4049408,All you can eat berries for $10 and 30 minutes.,https://www.google.com/maps?ftid=0x6022f3e81d0ae379:0x8b8d6bdb3cb7dcc2,0x6022f3e81d0ae379:0x8b8d6bdb3cb7dcc2,/g/11j2vzgz6n,Zach J.,Want to go,1mSquE0pnDeBv3otPCuMkxC6wzss,📍,place,want_to_go,Want to go,1mSquE0pnDeBv3otPCuMkxC6wzss,vibe,
Jam in the Van,"3384 Motor Ave, Los Angeles, CA 90034, United States",34.0279964,-118.4095894,,https://www.google.com/maps?ftid=0x80c2bb096707d9ad:0x8e6248be1981620c,0x80c2bb096707d9ad:0x8e6248be1981620c,/g/11fxvpgfnm,Zach J.,Want to go,1mSquE0pnDeBv3otPCuMkxC6wzss,📍,place,want_to_go,Want to go,1mSquE0pnDeBv3otPCuMkxC6wzss,vibe,
Jeju Love Land,,33.4517198,126.4891033,,https://www.google.com/maps?ftid=0x350cfb0dc3ef2029:0x6e07f36623d7070d,0x350cfb0dc3ef2029:0x6e07f36623d7070d,/m/02rc9yb,Zach J.,Want to go,1mSquE0pnDeBv3otPCuMkxC6wzss,📍,place,want_to_go,Want to go,1mSquE0pnDeBv3otPCuMkxC6wzss,vibe,
Jim Thorpe,"Jim Thorpe, PA, USA",40.8759235,-75.7324127,,https://www.google.com/maps?ftid=0x89c5b29d3eaaaf53:0x229b0f3147157f91,0x89c5b29d3eaaaf53:0x229b0f3147157f91,/m/0zpzg,Zach J.,Want to go,1mSquE0pnDeBv3otPCuMkxC6wzss,📍,place,want_to_go,Want to go,1mSquE0pnDeBv3otPCuMkxC6wzss,vibe,
Jo's Italian Deli,"2505 Alma St, Vancouver, BC V6R 3R8",49.2641889,-123.1861132,,https://www.google.com/maps?ftid=0x5486733d79cb4499:0xfa9f0a3b0b99bb94,0x5486733d79cb4499:0xfa9f0a3b0b99bb94,/g/11qqvzr69t,Zach J.,Want to go,1mSquE0pnDeBv3otPCuMkxC6wzss,📍,place,want_to_go,Want to go,1mSquE0pnDeBv3otPCuMkxC6wzss,vibe,
Kandy,"Kandy, Sri Lanka",7.2905714999999995,80.6337262,,https://www.google.com/maps?ftid=0x3ae366266498acd3:0x411a3818a1e03c35,0x3ae366266498acd3:0x411a3818a1e03c35,/m/01sg4_,Zach J.,Want to go,1mSquE0pnDeBv3otPCuMkxC6wzss,📍,place,want_to_go,Want to go,1mSquE0pnDeBv3otPCuMkxC6wzss,vibe,
Kansas City,"Kansas City, MO, USA",39.099726499999996,-94.5785667,BBQ,https://www.google.com/maps?ftid=0x87c0f75eafe99997:0x558525e66aaa51a2,0x87c0f75eafe99997:0x558525e66aaa51a2,/m/04f_d,Zach J.,Want to go,1mSquE0pnDeBv3otPCuMkxC6wzss,📍,place,want_to_go,Want to go,1mSquE0pnDeBv3otPCuMkxC6wzss,vibe,
Karamatsu Train Shinjuku,,35.6886401,139.6966903,,https://www.google.com/maps?ftid=0x60188cd164fa50b1:0x32449f19c2defad0,0x60188cd164fa50b1:0x32449f19c2defad0,,Zach J.,Want to go,1mSquE0pnDeBv3otPCuMkxC6wzss,📍,place,want_to_go,Want to go,1mSquE0pnDeBv3otPCuMkxC6wzss,vibe,
Karaoke Kan Shibuya,"Japan, 〒150-0042 Tokyo, Shibuya City, Udagawacho, 30−8 K&Fビル",35.660897399999996,139.698173,,https://www.google.com/maps?ftid=0x60188ca9a8c6fbf5:0x696d9a9bd4235f32,0x60188ca9a8c6fbf5:0x696d9a9bd4235f32,/g/1vb9d141,Zach J.,Want to go,1mSquE0pnDeBv3otPCuMkxC6wzss,📍,place,want_to_go,Want to go,1mSquE0pnDeBv3otPCuMkxC6wzss,vibe,
Karpathos,"Karpathos 857 00, Greece",35.5067306,27.212941999999998,,https://www.google.com/maps?ftid=0x14940227bb828743:0xf7928ed0400b5963,0x14940227bb828743:0xf7928ed0400b5963,/g/119x76j1p,Zach J.,Want to go,1mSquE0pnDeBv3otPCuMkxC6wzss,📍,place,want_to_go,Want to go,1mSquE0pnDeBv3otPCuMkxC6wzss,vibe,
Kayaköy,"Kayaköy, 48300 Fethiye/Muğla, Turkey",36.574982999999996,29.091094,,https://www.google.com/maps?ftid=0x14c04058b61cd9fd:0xa6d7ebd140b0ad49,0x14c04058b61cd9fd:0xa6d7ebd140b0ad49,/m/0bvgdy,Zach J.,Want to go,1mSquE0pnDeBv3otPCuMkxC6wzss,📍,place,want_to_go,Want to go,1mSquE0pnDeBv3otPCuMkxC6wzss,vibe,
King David's Tomb,"Jerusalem, Israel",31.771786499999997,35.2294341,,https://www.google.com/maps?ftid=0x150329ccc3895f33:0x767d35d13ea5c747,0x150329ccc3895f33:0x767d35d13ea5c747,/m/0271c58,Zach J.,Want to go,1mSquE0pnDeBv3otPCuMkxC6wzss,📍,place,want_to_go,Want to go,1mSquE0pnDeBv3otPCuMkxC6wzss,vibe,
King's Treasure Box Vending Machine,,35.6984542,139.7705532,,https://www.google.com/maps?ftid=0x60188d8b89f1d0c3:0x4bffc69ab9bece4b,0x60188d8b89f1d0c3:0x4bffc69ab9bece4b,,Zach J.,Want to go,1mSquE0pnDeBv3otPCuMkxC6wzss,📍,place,want_to_go,Want to go,1mSquE0pnDeBv3otPCuMkxC6wzss,vibe,
Klättercentret Solna,,59.3568965,18.016266899999998,,https://www.google.com/maps?ftid=0x465f9d97fa90dbd1:0x2849d49039c3c5a2,0x465f9d97fa90dbd1:0x2849d49039c3c5a2,,Zach J.,Want to go,1mSquE0pnDeBv3otPCuMkxC6wzss,📍,place,want_to_go,Want to go,1mSquE0pnDeBv3otPCuMkxC6wzss,vibe,
Knossos,"Knossos 714 09, Greece",35.298480399999995,25.1595555,,https://www.google.com/maps?ftid=0x149a591702f72bc7:0xa00bd2f74c28630,0x149a591702f72bc7:0xa00bd2f74c28630,/m/0116s0v4,Zach J.,Want to go,1mSquE0pnDeBv3otPCuMkxC6wzss,📍,place,want_to_go,Want to go,1mSquE0pnDeBv3otPCuMkxC6wzss,vibe,
Kobe Beef Kaiseki 511,"Japan, 〒107-0052 Tokyo, Minato City, Akasaka, 4 Chome−3−28 ディアプラザ赤坂 B1F",35.674648999999995,139.735433,Steak resto,https://www.google.com/maps?ftid=0x60188c7f6c46c8cf:0xd5fb270e829e8605,0x60188c7f6c46c8cf:0xd5fb270e829e8605,/g/1wfcp3xk,Zach J.,Want to go,1mSquE0pnDeBv3otPCuMkxC6wzss,📍,place,want_to_go,Want to go,1mSquE0pnDeBv3otPCuMkxC6wzss,vibe,
Kochi,"Kochi, Kerala, India",9.9312328,76.26730409999999,,https://www.google.com/maps?ftid=0x3b080d514abec6bf:0xbd582caa5844192,0x3b080d514abec6bf:0xbd582caa5844192,/m/0fl2s,Zach J.,Want to go,1mSquE0pnDeBv3otPCuMkxC6wzss,📍,place,want_to_go,Want to go,1mSquE0pnDeBv3otPCuMkxC6wzss,vibe,
Koenjikita,"Koenjikita, Suginami City, Tokyo 166-0002, Japan",35.7078984,139.64648449999999,Hole in the wall bars,https://www.google.com/maps?ftid=0x6018f27e0120fb6f:0x110d35cf03e05ac5,0x6018f27e0120fb6f:0x110d35cf03e05ac5,/m/0glr9z,Zach J.,Want to go,1mSquE0pnDeBv3otPCuMkxC6wzss,📍,place,want_to_go,Want to go,1mSquE0pnDeBv3otPCuMkxC6wzss,vibe,
Kokudō Station,,35.500774799999995,139.6756958,,https://www.google.com/maps?ftid=0x60185de1871af0dd:0xf0d99f17756ff34d,0x60185de1871af0dd:0xf0d99f17756ff34d,,Zach J.,Want to go,1mSquE0pnDeBv3otPCuMkxC6wzss,📍,place,want_to_go,Want to go,1mSquE0pnDeBv3otPCuMkxC6wzss,vibe,
Komorebi Ōwada Library,"23-21 Sakuragaokacho, Shibuya, Tokyo 150-0031, Japan",35.655673199999995,139.7001029,,https://www.google.com/maps?ftid=0x60188b5737968771:0xcb3edf8b6a3d6bf9,0x60188b5737968771:0xcb3edf8b6a3d6bf9,/g/1vxvhvlc,Zach J.,Want to go,1mSquE0pnDeBv3otPCuMkxC6wzss,📍,place,want_to_go,Want to go,1mSquE0pnDeBv3otPCuMkxC6wzss,vibe,
Ksar Ait Ben Haddou‌,,31.047149299999997,-7.129080399999999,,https://www.google.com/maps?ftid=0xdbae066b97915d3:0xafa414dfda628e0a,0xdbae066b97915d3:0xafa414dfda628e0a,,Zach J.,Want to go,1mSquE0pnDeBv3otPCuMkxC6wzss,📍,place,want_to_go,Want to go,1mSquE0pnDeBv3otPCuMkxC6wzss,vibe,
Kufri,"Kufri, Himachal Pradesh, India",31.0978583,77.26781369999999,,https://www.google.com/maps?ftid=0x390583e9fa930c1d:0x557edf73688dd0d5,0x390583e9fa930c1d:0x557edf73688dd0d5,/m/0dbswz,Zach J.,Want to go,1mSquE0pnDeBv3otPCuMkxC6wzss,📍,place,want_to_go,Want to go,1mSquE0pnDeBv3otPCuMkxC6wzss,vibe,
Kyaik Htee Yoe Pagoda,,17.4815787,97.0981748,,https://www.google.com/maps?ftid=0x30c30a774afb2ae1:0xe3bbe018e15e96fa,0x30c30a774afb2ae1:0xe3bbe018e15e96fa,,Zach J.,Want to go,1mSquE0pnDeBv3otPCuMkxC6wzss,📍,place,want_to_go,Want to go,1mSquE0pnDeBv3otPCuMkxC6wzss,vibe,
Kyowa Classic Car and Life Station,,37.6342359,138.94096729999998,,https://www.google.com/maps?ftid=0x5ff4e39a31db9beb:0x6b62ade903272644,0x5ff4e39a31db9beb:0x6b62ade903272644,,Zach J.,Want to go,1mSquE0pnDeBv3otPCuMkxC6wzss,📍,place,want_to_go,Want to go,1mSquE0pnDeBv3otPCuMkxC6wzss,vibe,
La Banquise,"994 Rue Rachel E, Montréal, QC H2J 2J3",45.525317199999996,-73.57479239999999,,https://www.google.com/maps?ftid=0x4cc91bcf6fd7097f:0x8fb883c1e73fdf11,0x4cc91bcf6fd7097f:0x8fb883c1e73fdf11,/m/0j9kgw1,Zach J.,Want to go,1mSquE0pnDeBv3otPCuMkxC6wzss,📍,place,want_to_go,Want to go,1mSquE0pnDeBv3otPCuMkxC6wzss,vibe,
La Rascasse,"1 Quai Antoine 1er, 98000 Monaco",43.732519499999995,7.4232448,Best view of the race,https://www.google.com/maps?ftid=0x12cdc28fbb4292d3:0x52b689cc4172e125,0x12cdc28fbb4292d3:0x52b689cc4172e125,/g/1thzxgyr,Zach J.,Want to go,1mSquE0pnDeBv3otPCuMkxC6wzss,📍,place,want_to_go,Want to go,1mSquE0pnDeBv3otPCuMkxC6wzss,vibe,
Laayoune,,27.1500384,-13.1990758,,https://www.google.com/maps?ftid=0xc3772c616b079c9:0x9bea0d2b555fce5f,0xc3772c616b079c9:0x9bea0d2b555fce5f,,Zach J.,Want to go,1mSquE0pnDeBv3otPCuMkxC6wzss,📍,place,want_to_go,Want to go,1mSquE0pnDeBv3otPCuMkxC6wzss,vibe,
Land's End,"Land's End, Sennen, Penzance TR19 7AA, United Kingdom",50.0657041,-5.713174599999999,,https://www.google.com/maps?ftid=0x486ac6fe47c0784b:0xf059c1cab9067f1f,0x486ac6fe47c0784b:0xf059c1cab9067f1f,/m/04l4f,Zach J.,Want to go,1mSquE0pnDeBv3otPCuMkxC6wzss,📍,place,want_to_go,Want to go,1mSquE0pnDeBv3otPCuMkxC6wzss,vibe,
Lansdowne Av & Garrett Rd,"Drexel Hill, PA 19026, United States",39.951721,-75.282349,Neat Septa thing,https://www.google.com/maps?ftid=0x89c6c16d9018cba1:0xfa29d0d5426baf9a,0x89c6c16d9018cba1:0xfa29d0d5426baf9a,/g/1tmk9f_y,Zach J.,Want to go,1mSquE0pnDeBv3otPCuMkxC6wzss,📍,place,want_to_go,Want to go,1mSquE0pnDeBv3otPCuMkxC6wzss,vibe,
Lascaux,,45.053919,1.167651,,https://www.google.com/maps?ftid=0x47ff54661315ceeb:0x13c61174a74ed6a6,0x47ff54661315ceeb:0x13c61174a74ed6a6,,Zach J.,Want to go,1mSquE0pnDeBv3otPCuMkxC6wzss,📍,place,want_to_go,Want to go,1mSquE0pnDeBv3otPCuMkxC6wzss,vibe,
Lascaux II,,45.053823,1.168175,,https://www.google.com/maps?ftid=0x47ff546604dfe8ad:0x1a4f440a5b5bbc8e,0x47ff546604dfe8ad:0x1a4f440a5b5bbc8e,,Zach J.,Want to go,1mSquE0pnDeBv3otPCuMkxC6wzss,📍,place,want_to_go,Want to go,1mSquE0pnDeBv3otPCuMkxC6wzss,vibe,
Lazy Day Raft Rentals,"720 3 St NW, Calgary, AB T2N 1N9",51.0582881,-114.06952869999999,,https://www.google.com/maps?ftid=0x53716ff683db0b7b:0x67ad2b609a18ea96,0x53716ff683db0b7b:0x67ad2b609a18ea96,/g/1tlc_vw1,Zach J.,Want to go,1mSquE0pnDeBv3otPCuMkxC6wzss,📍,place,want_to_go,Want to go,1mSquE0pnDeBv3otPCuMkxC6wzss,vibe,
Le Blossom - Village,"1101 Boul. de Maisonneuve E, Montréal, QC H2L 1Z6",45.5183731,-73.5586106,,https://www.google.com/maps?ftid=0x4cc91bb224d23ae3:0x66e1c871a8d721fd,0x4cc91bb224d23ae3:0x66e1c871a8d721fd,/g/11f_z36_dw,Zach J.,Want to go,1mSquE0pnDeBv3otPCuMkxC6wzss,📍,place,want_to_go,Want to go,1mSquE0pnDeBv3otPCuMkxC6wzss,vibe,
Le Cercueil,"Rue des Harengs 10/12, 1000 Bruxelles, Belgium",50.846959,4.3532563,,https://www.google.com/maps?ftid=0x47c3c47f44221f55:0xd53651d292eb058a,0x47c3c47f44221f55:0xd53651d292eb058a,/g/1tnpdljd,Zach J.,Want to go,1mSquE0pnDeBv3otPCuMkxC6wzss,📍,place,want_to_go,Want to go,1mSquE0pnDeBv3otPCuMkxC6wzss,vibe,
Le Piano Vache,"8 Rue Laplace, 75005 Paris, France",48.8473092,2.3477429,,https://www.google.com/maps?ftid=0x47e671e63f6e557f:0x71ca9116cb3981d,0x47e671e63f6e557f:0x71ca9116cb3981d,/g/1tm0sgrq,Zach J.,Want to go,1mSquE0pnDeBv3otPCuMkxC6wzss,📍,place,want_to_go,Want to go,1mSquE0pnDeBv3otPCuMkxC6wzss,vibe,
Leeds,"Leeds, AL, USA",33.5481597,-86.54442879999999,Most American town.,https://www.google.com/maps?ftid=0x888912d4e2f0b403:0xbb3f10a8ae7ee906,0x888912d4e2f0b403:0xbb3f10a8ae7ee906,/m/0q858,Zach J.,Want to go,1mSquE0pnDeBv3otPCuMkxC6wzss,📍,place,want_to_go,Want to go,1mSquE0pnDeBv3otPCuMkxC6wzss,vibe,
Leonardo da Vinci's Vineyard,"Corso Magenta, 65, 20123 Milano MI, Italy",45.4654306,9.170995999999999,,https://www.google.com/maps?ftid=0x4786c15a41aebf5b:0x372cd21dc9d39c01,0x4786c15a41aebf5b:0x372cd21dc9d39c01,/g/11b5v779qx,Zach J.,Want to go,1mSquE0pnDeBv3otPCuMkxC6wzss,📍,place,want_to_go,Want to go,1mSquE0pnDeBv3otPCuMkxC6wzss,vibe,
Les Machines de l'Île,"Parc des Chantiers, Bd Léon Bureau, 44200 Nantes, France",47.206157999999995,-1.564443,,https://www.google.com/maps?ftid=0x4805eb8b82fb4c7f:0xb1bb929d858aecf9,0x4805eb8b82fb4c7f:0xb1bb929d858aecf9,/m/02vnfq9,Zach J.,Want to go,1mSquE0pnDeBv3otPCuMkxC6wzss,📍,place,want_to_go,Want to go,1mSquE0pnDeBv3otPCuMkxC6wzss,vibe,
Lion Rock,"Lion Rock, Hong Kong",22.3522705,114.1870366,,https://www.google.com/maps?ftid=0x3404071f4f1ad745:0xa3721db36911e22,0x3404071f4f1ad745:0xa3721db36911e22,/m/04z_n_,Zach J.,Want to go,1mSquE0pnDeBv3otPCuMkxC6wzss,📍,place,want_to_go,Want to go,1mSquE0pnDeBv3otPCuMkxC6wzss,vibe,
Little Edo Sawara boat tour,"I-1730-3 Sawara, Katori, Chiba 287-0003, Japan",35.8884489,140.49799769999998,,https://www.google.com/maps?ftid=0x6022f7ebffef65ed:0x373d29cef1c0cf20,0x6022f7ebffef65ed:0x373d29cef1c0cf20,/g/11c5wkmw3p,Zach J.,Want to go,1mSquE0pnDeBv3otPCuMkxC6wzss,📍,place,want_to_go,Want to go,1mSquE0pnDeBv3otPCuMkxC6wzss,vibe,
Little Red Door,"60 Rue Charlot, 75003 Paris, France",48.863650299999996,2.3635515,,https://www.google.com/maps?ftid=0x47e66e065c14f5df:0xc55c51b6f1cd947e,0x47e66e065c14f5df:0xc55c51b6f1cd947e,/g/1q62n4rjy,Zach J.,Want to go,1mSquE0pnDeBv3otPCuMkxC6wzss,📍,place,want_to_go,Want to go,1mSquE0pnDeBv3otPCuMkxC6wzss,vibe,
Luxembourg City Center,,49.612051699999995,6.128004499999999,,https://www.google.com/maps?ftid=0x47954f6547a4ae5f:0xd9275092c09b7ff4,0x47954f6547a4ae5f:0xd9275092c09b7ff4,,Zach J.,Want to go,1mSquE0pnDeBv3otPCuMkxC6wzss,📍,place,want_to_go,Want to go,1mSquE0pnDeBv3otPCuMkxC6wzss,vibe,
Mac the Moose,,50.4131377,-105.5101457,,https://www.google.com/maps?ftid=0x531bddb894604ceb:0xe34492fbe0ad7858,0x531bddb894604ceb:0xe34492fbe0ad7858,,Zach J.,Want to go,1mSquE0pnDeBv3otPCuMkxC6wzss,📍,place,want_to_go,Want to go,1mSquE0pnDeBv3otPCuMkxC6wzss,vibe,
Machida Shoten Ebisu East,"1 Chome-9-5 Ebisu, Shibuya, Tokyo 150-0013, Japan",35.6470035,139.7112271,,https://www.google.com/maps?ftid=0x60188b587c1a6989:0x81a8abf5eea4be20,0x60188b587c1a6989:0x81a8abf5eea4be20,/g/11t4yr0hln,Zach J.,Want to go,1mSquE0pnDeBv3otPCuMkxC6wzss,📍,place,want_to_go,Want to go,1mSquE0pnDeBv3otPCuMkxC6wzss,vibe,
Madeira,"Madeira, Portugal",32.7607074,-16.959472299999998,,https://www.google.com/maps?ftid=0xc5fe9a0f8f92eef:0xc77e56774ba5e6f,0xc5fe9a0f8f92eef:0xc77e56774ba5e6f,/m/04_z1,Zach J.,Want to go,1mSquE0pnDeBv3otPCuMkxC6wzss,📍,place,want_to_go,Want to go,1mSquE0pnDeBv3otPCuMkxC6wzss,vibe,
MakerLabs,,49.2819268,-123.08771109999999,,https://www.google.com/maps?ftid=0x548673e1f8cf9425:0x6300d454d8f2f60f,0x548673e1f8cf9425:0x6300d454d8f2f60f,,Zach J.,Want to go,1mSquE0pnDeBv3otPCuMkxC6wzss,📍,place,want_to_go,Want to go,1mSquE0pnDeBv3otPCuMkxC6wzss,vibe,
Mall of America®,,44.8548651,-93.2422148,,https://www.google.com/maps?ftid=0x87f62f6c393c612d:0xb3c6f1806e78286b,0x87f62f6c393c612d:0xb3c6f1806e78286b,,Zach J.,Want to go,1mSquE0pnDeBv3otPCuMkxC6wzss,📍,place,want_to_go,Want to go,1mSquE0pnDeBv3otPCuMkxC6wzss,vibe,
Manali,"Manali, Himachal Pradesh, India",32.2431872,77.1891761,,https://www.google.com/maps?ftid=0x39048708163fd03f:0x8129a80ebe5076cd,0x39048708163fd03f:0x8129a80ebe5076cd,/m/046x4x,Zach J.,Want to go,1mSquE0pnDeBv3otPCuMkxC6wzss,📍,place,want_to_go,Want to go,1mSquE0pnDeBv3otPCuMkxC6wzss,vibe,
Maokong Gondola,,24.995566399999998,121.57562399999999,,https://www.google.com/maps?ftid=0x3442aa646b860073:0xddc6eff67a4cc79d,0x3442aa646b860073:0xddc6eff67a4cc79d,,Zach J.,Want to go,1mSquE0pnDeBv3otPCuMkxC6wzss,📍,place,want_to_go,Want to go,1mSquE0pnDeBv3otPCuMkxC6wzss,vibe,
Marathon,"Marathon 190 07, Greece",38.1532814,23.9619908,,https://www.google.com/maps?ftid=0x14a179db8aa18687:0x42ee20abf5b48a62,0x14a179db8aa18687:0x42ee20abf5b48a62,/m/0d385,Zach J.,Want to go,1mSquE0pnDeBv3otPCuMkxC6wzss,📍,place,want_to_go,Want to go,1mSquE0pnDeBv3otPCuMkxC6wzss,vibe,
Margie's Candies,,41.9174219,-87.6876832,,https://www.google.com/maps?ftid=0x880fd2978a90e2bd:0xa5f9de5c65894821,0x880fd2978a90e2bd:0xa5f9de5c65894821,,Zach J.,Want to go,1mSquE0pnDeBv3otPCuMkxC6wzss,📍,place,want_to_go,Want to go,1mSquE0pnDeBv3otPCuMkxC6wzss,vibe,
Mariánské nám. 2/2,"Mariánské nám. 2/2, 110 00 Staré Město, Czechia",50.0871206,14.4178553,Rotating elevator!,https://www.google.com/maps?ftid=0x470b94e8cf256f95:0xd50669e1c5d113d3,0x470b94e8cf256f95:0xd50669e1c5d113d3,/g/11c2fh2g3q,Zach J.,Want to go,1mSquE0pnDeBv3otPCuMkxC6wzss,📍,place,want_to_go,Want to go,1mSquE0pnDeBv3otPCuMkxC6wzss,vibe,
Marktplatz Linz am Rhein,"Marktpl., 53545 Linz am Rhein, Germany",50.565737999999996,7.2810136,,https://www.google.com/maps?ftid=0x47bef1564b5398b9:0x13244cb002950367,0x47bef1564b5398b9:0x13244cb002950367,/g/11hzwbpyrp,Zach J.,Want to go,1mSquE0pnDeBv3otPCuMkxC6wzss,📍,place,want_to_go,Want to go,1mSquE0pnDeBv3otPCuMkxC6wzss,vibe,
Marrakesh,,31.622522399999998,-7.989825799999999,,https://www.google.com/maps?ftid=0xdafee8d96179e51:0x5950b6534f87adb8,0xdafee8d96179e51:0x5950b6534f87adb8,,Zach J.,Want to go,1mSquE0pnDeBv3otPCuMkxC6wzss,📍,place,want_to_go,Want to go,1mSquE0pnDeBv3otPCuMkxC6wzss,vibe,
Massif de l'Esterel,,43.510579299999996,6.820523799999999,,https://www.google.com/maps?ftid=0x12ce994cc9aac85d:0x1d521ae205e8ee7c,0x12ce994cc9aac85d:0x1d521ae205e8ee7c,,Zach J.,Want to go,1mSquE0pnDeBv3otPCuMkxC6wzss,📍,place,want_to_go,Want to go,1mSquE0pnDeBv3otPCuMkxC6wzss,vibe,
Maxon Shooter's Supplies & Indoor Range,"75 Bradrock Dr, Des Plaines, IL 60018, United States",42.0201768,-87.917833,,https://www.google.com/maps?ftid=0x880fb78279e3fadd:0xab3618b0b4e01810,0x880fb78279e3fadd:0xab3618b0b4e01810,/g/1hm5dx9d5,Zach J.,Want to go,1mSquE0pnDeBv3otPCuMkxC6wzss,📍,place,want_to_go,Want to go,1mSquE0pnDeBv3otPCuMkxC6wzss,vibe,
McGinn's PistachioLand-World's Largest Pistachio,"7320 Hwy 54 70, Alamogordo, NM 88310, United States",32.9961532,-105.98961109999999,,https://www.google.com/maps?ftid=0x86e0459420769bdf:0x2491cfc106656a30,0x86e0459420769bdf:0x2491cfc106656a30,/g/11b6szy8xx,Zach J.,Want to go,1mSquE0pnDeBv3otPCuMkxC6wzss,📍,place,want_to_go,Want to go,1mSquE0pnDeBv3otPCuMkxC6wzss,vibe,
Meknes,,33.8674514,-5.5382115999999995,,https://www.google.com/maps?ftid=0xda044d23bfc49d1:0xfbbf80a99e4cde18,0xda044d23bfc49d1:0xfbbf80a99e4cde18,,Zach J.,Want to go,1mSquE0pnDeBv3otPCuMkxC6wzss,📍,place,want_to_go,Want to go,1mSquE0pnDeBv3otPCuMkxC6wzss,vibe,
Memorium Nuremberg Trials,,49.454393599999996,11.0482094,,https://www.google.com/maps?ftid=0x479f565a26f3ddfd:0xfa96f5e1aedf77bc,0x479f565a26f3ddfd:0xfa96f5e1aedf77bc,,Zach J.,Want to go,1mSquE0pnDeBv3otPCuMkxC6wzss,📍,place,want_to_go,Want to go,1mSquE0pnDeBv3otPCuMkxC6wzss,vibe,
Meow Wolf Las Vegas | Omega Mart,"3215 S Rancho Dr #100, Las Vegas, NV 89102, United States",36.1324617,-115.18185229999999,,https://www.google.com/maps?ftid=0x80c8c5a83887ca35:0xec1f6aedb41f3ea,0x80c8c5a83887ca35:0xec1f6aedb41f3ea,/g/11mr21q7s7,Zach J.,Want to go,1mSquE0pnDeBv3otPCuMkxC6wzss,📍,place,want_to_go,Want to go,1mSquE0pnDeBv3otPCuMkxC6wzss,vibe,
Mers-les-Bains,"Mers-les-Bains, France",50.066072,1.389287,,https://www.google.com/maps?ftid=0x47de00dfe448adef:0x40af13e81620280,0x47de00dfe448adef:0x40af13e81620280,/m/03c0myb,Zach J.,Want to go,1mSquE0pnDeBv3otPCuMkxC6wzss,📍,place,want_to_go,Want to go,1mSquE0pnDeBv3otPCuMkxC6wzss,vibe,
Merzouga,,31.0801676,-4.013361,,https://www.google.com/maps?ftid=0xd973c279834dfe5:0x5639fab2b5de4a44,0xd973c279834dfe5:0x5639fab2b5de4a44,,Zach J.,Want to go,1mSquE0pnDeBv3otPCuMkxC6wzss,📍,place,want_to_go,Want to go,1mSquE0pnDeBv3otPCuMkxC6wzss,vibe,
Michael Jackson Family Home,"2300 Jackson St, Gary, IN 46407, United States",41.5767392,-87.3438192,,https://www.google.com/maps?ftid=0x8811c3680b9e4d21:0xe6fba22ef7967e85,0x8811c3680b9e4d21:0xe6fba22ef7967e85,/g/11v0rfr1_h,Zach J.,Want to go,1mSquE0pnDeBv3otPCuMkxC6wzss,📍,place,want_to_go,Want to go,1mSquE0pnDeBv3otPCuMkxC6wzss,vibe,
Mikonos,"Mikonos 846 00, Greece",37.444658,25.3262531,,https://www.google.com/maps?ftid=0x14a2bf06bf0fdd37:0xfaa85debe77b7a44,0x14a2bf06bf0fdd37:0xfaa85debe77b7a44,/g/11bzsbbcsf,Zach J.,Want to go,1mSquE0pnDeBv3otPCuMkxC6wzss,📍,place,want_to_go,Want to go,1mSquE0pnDeBv3otPCuMkxC6wzss,vibe,
Miracle Lanes,"2375 Bevan Ave, Sidney, BC V8L 4M9",48.647517699999995,-123.40138669999999,,https://www.google.com/maps?ftid=0x548f662abb9078e1:0xfb5a1c0a1a39e03b,0x548f662abb9078e1:0xfb5a1c0a1a39e03b,/g/1tmqr1bc,Zach J.,Want to go,1mSquE0pnDeBv3otPCuMkxC6wzss,📍,place,want_to_go,Want to go,1mSquE0pnDeBv3otPCuMkxC6wzss,vibe,
Momo's,"725 SW 10th Ave, Portland, OR 97205, United States",45.519710499999995,-122.6824439,,https://www.google.com/maps?ftid=0x54950a04b0af7579:0xdd974fb0a3048c58,0x54950a04b0af7579:0xdd974fb0a3048c58,/g/1tvdjhmp,Zach J.,Want to go,1mSquE0pnDeBv3otPCuMkxC6wzss,📍,place,want_to_go,Want to go,1mSquE0pnDeBv3otPCuMkxC6wzss,vibe,
Mont faron Toulon,"83000 Toulon, France",43.124204,5.928054599999999,,https://www.google.com/maps?ftid=0x12c91bbcdc6ddc83:0xb2f1650011273c26,0x12c91bbcdc6ddc83:0xb2f1650011273c26,/g/11vb60_zj8,Zach J.,Want to go,1mSquE0pnDeBv3otPCuMkxC6wzss,📍,place,want_to_go,Want to go,1mSquE0pnDeBv3otPCuMkxC6wzss,vibe,
Monte Carlo Casino,"Pl. du Casino, 98000 Monaco",43.739097199999996,7.4280681,,https://www.google.com/maps?ftid=0x12cdc287e46e0265:0xa66ee70c598cf4e3,0x12cdc287e46e0265:0xa66ee70c598cf4e3,/m/03cwzft,Zach J.,Want to go,1mSquE0pnDeBv3otPCuMkxC6wzss,📍,place,want_to_go,Want to go,1mSquE0pnDeBv3otPCuMkxC6wzss,vibe,
Monte Solaro Chair Lift,"Via Caposcuro, 10, 80071 Anacapri NA, Italy",40.5554983,14.221524599999999,,https://www.google.com/maps?ftid=0x133b79ded7352789:0x3456bc98f67cb5ac,0x133b79ded7352789:0x3456bc98f67cb5ac,/g/11cp8vmtpd,Zach J.,Want to go,1mSquE0pnDeBv3otPCuMkxC6wzss,📍,place,want_to_go,Want to go,1mSquE0pnDeBv3otPCuMkxC6wzss,vibe,
Monteriggioni,"53035 Monteriggioni, Province of Siena, Italy",43.390104699999995,11.2234083,"Old ass town, Dante referenced.",https://www.google.com/maps?ftid=0x132a2e2747c08bd1:0x844b3df20f3b64cd,0x132a2e2747c08bd1:0x844b3df20f3b64cd,/m/0ft6d0,Zach J.,Want to go,1mSquE0pnDeBv3otPCuMkxC6wzss,📍,place,want_to_go,Want to go,1mSquE0pnDeBv3otPCuMkxC6wzss,vibe,
Monumento a Carlo Cattaneo,"Via Santa Margherita, 3, 20121 Milano MI, Italy",45.4657748,9.1884179,,https://www.google.com/maps?ftid=0x4786c6adb78f86ff:0x9d91464863e21238,0x4786c6adb78f86ff:0x9d91464863e21238,/g/11d_76py2p,Zach J.,Want to go,1mSquE0pnDeBv3otPCuMkxC6wzss,📍,place,want_to_go,Want to go,1mSquE0pnDeBv3otPCuMkxC6wzss,vibe,
Monumento A Pablo Escobar,"Cra. 26cc #38A - 82, La Milagrosa, Medellín, Buenos Aires, Medellín, Antioquia, Colombia",6.2314212,-75.5541993,,https://www.google.com/maps?ftid=0x8e4428417376f517:0x50b9e99ea811da52,0x8e4428417376f517:0x50b9e99ea811da52,/g/11c30qyt9z,Zach J.,Want to go,1mSquE0pnDeBv3otPCuMkxC6wzss,📍,place,want_to_go,Want to go,1mSquE0pnDeBv3otPCuMkxC6wzss,vibe,
Moodna Viaduct,"180 Orrs Mills Rd, Salisbury Mills, NY 12577, United States",41.428559199999995,-74.0982861,,https://www.google.com/maps?ftid=0x89c2d338377ee6a7:0x70b9e4bd5f072dbe,0x89c2d338377ee6a7:0x70b9e4bd5f072dbe,/m/03p7v4,Zach J.,Want to go,1mSquE0pnDeBv3otPCuMkxC6wzss,📍,place,want_to_go,Want to go,1mSquE0pnDeBv3otPCuMkxC6wzss,vibe,
Mos Espa (Star Wars film set),,33.9941716,7.8428328,,https://www.google.com/maps?ftid=0x1257f69daf12dbe9:0xa1a55593e3a898cf,0x1257f69daf12dbe9:0xa1a55593e3a898cf,,Zach J.,Want to go,1mSquE0pnDeBv3otPCuMkxC6wzss,📍,place,want_to_go,Want to go,1mSquE0pnDeBv3otPCuMkxC6wzss,vibe,
MunChi German Foods,"Green Coast Commissary, 1820 Pandora St, Vancouver, BC V5L 1M5",49.2828084,-123.067596,,https://www.google.com/maps?ftid=0x548679ee0d7dc371:0xad4d79766201f7c3,0x548679ee0d7dc371:0xad4d79766201f7c3,/g/11vd3210x7,Zach J.,Want to go,1mSquE0pnDeBv3otPCuMkxC6wzss,📍,place,want_to_go,Want to go,1mSquE0pnDeBv3otPCuMkxC6wzss,vibe,
Mundaneum,"Rue de Nimy 76, 7000 Mons, Belgium",50.4576734,3.9554278999999997,,https://www.google.com/maps?ftid=0x47c24fe2d465a251:0x78216fa853aa6cad,0x47c24fe2d465a251:0x78216fa853aa6cad,/m/09n4tn,Zach J.,Want to go,1mSquE0pnDeBv3otPCuMkxC6wzss,📍,place,want_to_go,Want to go,1mSquE0pnDeBv3otPCuMkxC6wzss,vibe,
Nam Cheong St,Nam Cheong St,22.3328573,114.16653269999999,,https://www.google.com/maps?ftid=0x3404074ae255840d:0xd220aba86dd43a69,0x3404074ae255840d:0xd220aba86dd43a69,/g/1ydxq06pl,Zach J.,Want to go,1mSquE0pnDeBv3otPCuMkxC6wzss,📍,place,want_to_go,Want to go,1mSquE0pnDeBv3otPCuMkxC6wzss,vibe,
Nauvoo,"Nauvoo, IL 62354, USA",40.5498127,-91.3834517,OG Mormon settlement,https://www.google.com/maps?ftid=0x87e725e18ec151b7:0xe0d27f4f85c36049,0x87e725e18ec151b7:0xe0d27f4f85c36049,/m/0s7wq,Zach J.,Want to go,1mSquE0pnDeBv3otPCuMkxC6wzss,📍,place,want_to_go,Want to go,1mSquE0pnDeBv3otPCuMkxC6wzss,vibe,
Navajo Moenave Dinosaur Tracks,"US-160, Tuba City, AZ 86045, United States",36.1028966,-111.31759439999999,,https://www.google.com/maps?ftid=0x8733cdda4f8e0115:0x1ca10b37823af672,0x8733cdda4f8e0115:0x1ca10b37823af672,/g/11c1qw6gp2,Zach J.,Want to go,1mSquE0pnDeBv3otPCuMkxC6wzss,📍,place,want_to_go,Want to go,1mSquE0pnDeBv3otPCuMkxC6wzss,vibe,
Nietzsche-Gedenkstätte,"Teichstraße 8, 06686 Lützen, Germany",51.2415595,12.1168823,,https://www.google.com/maps?ftid=0x47a6f2be52122449:0x112653a4a5a2ec24,0x47a6f2be52122449:0x112653a4a5a2ec24,/g/1thw5rjw,Zach J.,Want to go,1mSquE0pnDeBv3otPCuMkxC6wzss,📍,place,want_to_go,Want to go,1mSquE0pnDeBv3otPCuMkxC6wzss,vibe,
Nietzsche-Haus,"Via da Marias 67, 7514 Sils im Engadin/Segl, Switzerland",46.4288084,9.7648187,,https://www.google.com/maps?ftid=0x4784804055cc9955:0x475ee361d0149f29,0x4784804055cc9955:0x475ee361d0149f29,/m/0h533dz,Zach J.,Want to go,1mSquE0pnDeBv3otPCuMkxC6wzss,📍,place,want_to_go,Want to go,1mSquE0pnDeBv3otPCuMkxC6wzss,vibe,
Nietzsches Nachdenkstein,,46.449707499999995,9.805719999999999,,https://www.google.com/maps?ftid=0x47837f8357c9d5dd:0x72859964ceeb1687,0x47837f8357c9d5dd:0x72859964ceeb1687,,Zach J.,Want to go,1mSquE0pnDeBv3otPCuMkxC6wzss,📍,place,want_to_go,Want to go,1mSquE0pnDeBv3otPCuMkxC6wzss,vibe,
North Rim,"North Rim, AZ 86052, USA",36.2134719,-112.05809649999999,"Go early, fewer people, nicer drive - ping @Trigonom3tric on X when you make it.",https://www.google.com/maps?ftid=0x873312b1b7729043:0xa8cb5d02c0c5c50a,0x873312b1b7729043:0xa8cb5d02c0c5c50a,/m/0488s92,Zach J.,Want to go,1mSquE0pnDeBv3otPCuMkxC6wzss,📍,place,want_to_go,Want to go,1mSquE0pnDeBv3otPCuMkxC6wzss,vibe,
North Star Machines À Piastres,"3908 St Laurent Blvd, Montreal, Quebec H2W 1Y2",45.516304999999996,-73.57824649999999,,https://www.google.com/maps?ftid=0x4cc91a335a438915:0xb874e9da90d8182e,0x4cc91a335a438915:0xb874e9da90d8182e,/g/11bxg1lgyk,Zach J.,Want to go,1mSquE0pnDeBv3otPCuMkxC6wzss,📍,place,want_to_go,Want to go,1mSquE0pnDeBv3otPCuMkxC6wzss,vibe,
Numerica SkyRide at Riverfront Spokane,,47.660759899999995,-117.4223928,,https://www.google.com/maps?ftid=0x549e185fc5e43cbf:0x2ad12bde2d393a66,0x549e185fc5e43cbf:0x2ad12bde2d393a66,,Zach J.,Want to go,1mSquE0pnDeBv3otPCuMkxC6wzss,📍,place,want_to_go,Want to go,1mSquE0pnDeBv3otPCuMkxC6wzss,vibe,
Nürburgring,"53520 Nürburg, Germany",50.3327834,6.945023399999999,,https://www.google.com/maps?ftid=0x47bfad369010c559:0x80dbc21b73ca589a,0x47bfad369010c559:0x80dbc21b73ca589a,/m/05k31,Zach J.,Want to go,1mSquE0pnDeBv3otPCuMkxC6wzss,📍,place,want_to_go,Want to go,1mSquE0pnDeBv3otPCuMkxC6wzss,vibe,
Nürburgring Nordschleife - Zufahrt Touristenfahrten,,50.3460323,6.9657706,,https://www.google.com/maps?ftid=0x47be52d7fc11ade5:0x1ba91471cce96abf,0x47be52d7fc11ade5:0x1ba91471cce96abf,,Zach J.,Want to go,1mSquE0pnDeBv3otPCuMkxC6wzss,📍,place,want_to_go,Want to go,1mSquE0pnDeBv3otPCuMkxC6wzss,vibe,
Oaxaca,"Oaxaca, Mexico",17.0731842,-96.7265889,Mushrooms,https://www.google.com/maps?ftid=0x85c72249df26d9b1:0xac88a77657dffc3b,0x85c72249df26d9b1:0xac88a77657dffc3b,/m/01bl0v,Zach J.,Want to go,1mSquE0pnDeBv3otPCuMkxC6wzss,📍,place,want_to_go,Want to go,1mSquE0pnDeBv3otPCuMkxC6wzss,vibe,
OEB Breakfast Co.,"1137 Marinaside Crescent, Vancouver, BC V6Z 2Y3",49.273456499999995,-123.119265,,https://www.google.com/maps?ftid=0x548673bc53b169ab:0xb81a2e44573a0c25,0x548673bc53b169ab:0xb81a2e44573a0c25,/g/11ffw5g_9p,Zach J.,Want to go,1mSquE0pnDeBv3otPCuMkxC6wzss,📍,place,want_to_go,Want to go,1mSquE0pnDeBv3otPCuMkxC6wzss,vibe,
Okiboru House of Tsukemen,,40.719398399999996,-73.9897388,,https://www.google.com/maps?ftid=0x89c259061eb1e82d:0x6e3dc53c1263fec2,0x89c259061eb1e82d:0x6e3dc53c1263fec2,,Zach J.,Want to go,1mSquE0pnDeBv3otPCuMkxC6wzss,📍,place,want_to_go,Want to go,1mSquE0pnDeBv3otPCuMkxC6wzss,vibe,
Old Cannon,"11 Rue du Caroubier, 06230 Saint-Jean-Cap-Ferrat, France",43.6902894,7.3332067,,https://www.google.com/maps?ftid=0x12cddb265d8cbd1f:0xc8ac078ae545e992,0x12cddb265d8cbd1f:0xc8ac078ae545e992,/g/11jz4dcmw0,Zach J.,Want to go,1mSquE0pnDeBv3otPCuMkxC6wzss,📍,place,want_to_go,Want to go,1mSquE0pnDeBv3otPCuMkxC6wzss,vibe,
Old Mission Santa Barbara,"2201 Laguna St, Santa Barbara, CA 93105, United States",34.4383262,-119.7140678,,https://www.google.com/maps?ftid=0x80e9148125336d03:0x220099955553f967,0x80e9148125336d03:0x220099955553f967,/m/0gbsp,Zach J.,Want to go,1mSquE0pnDeBv3otPCuMkxC6wzss,📍,place,want_to_go,Want to go,1mSquE0pnDeBv3otPCuMkxC6wzss,vibe,
Old South Meeting House,"310 Washington St, Boston, MA 02108, United States",42.3570309,-71.0584806,,https://www.google.com/maps?ftid=0x89e37083801eb6f9:0x97d9e42e08b0718e,0x89e37083801eb6f9:0x97d9e42e08b0718e,/m/047b9m,Zach J.,Want to go,1mSquE0pnDeBv3otPCuMkxC6wzss,📍,place,want_to_go,Want to go,1mSquE0pnDeBv3otPCuMkxC6wzss,vibe,
Old State House,"206 Washington St, Boston, MA 02109, United States",42.3587352,-71.05745399999999,,https://www.google.com/maps?ftid=0x89e370846859eb87:0xf8736bf385258dd7,0x89e370846859eb87:0xf8736bf385258dd7,/m/04_xnz,Zach J.,Want to go,1mSquE0pnDeBv3otPCuMkxC6wzss,📍,place,want_to_go,Want to go,1mSquE0pnDeBv3otPCuMkxC6wzss,vibe,
Onda Surf Morocco,"Taghazout center, Taghazout 80022, Morocco",30.5457821,-9.7077225,,https://www.google.com/maps?ftid=0xdb24d31d89f489b:0x909441440ca02bf1,0xdb24d31d89f489b:0x909441440ca02bf1,/g/11fmm1skd2,Zach J.,Want to go,1mSquE0pnDeBv3otPCuMkxC6wzss,📍,place,want_to_go,Want to go,1mSquE0pnDeBv3otPCuMkxC6wzss,vibe,
Ooty,"Ooty, Tamil Nadu, India",11.4102038,76.6950324,,https://www.google.com/maps?ftid=0x3ba8bd84b5f3d78d:0x179bdb14c93e3f42,0x3ba8bd84b5f3d78d:0x179bdb14c93e3f42,/m/012n8khs,Zach J.,Want to go,1mSquE0pnDeBv3otPCuMkxC6wzss,📍,place,want_to_go,Want to go,1mSquE0pnDeBv3otPCuMkxC6wzss,vibe,
Oradour sur Glane memory centre,"L'auze, 87520 Oradour-sur-Glane, France",45.9291346,1.0354192,,https://www.google.com/maps?ftid=0x47fec75c522fec3b:0x24dbb505433ee0a6,0x47fec75c522fec3b:0x24dbb505433ee0a6,/m/07731_,Zach J.,Want to go,1mSquE0pnDeBv3otPCuMkxC6wzss,📍,place,want_to_go,Want to go,1mSquE0pnDeBv3otPCuMkxC6wzss,vibe,
Oradour-sur-Glane,"87520 Oradour-sur-Glane, France",45.931078899999996,1.032746,WWII abandoned town,https://www.google.com/maps?ftid=0x47feb8d8d7b7ed27:0x90b3f3e36e4b3259,0x47feb8d8d7b7ed27:0x90b3f3e36e4b3259,/m/012g41p5,Zach J.,Want to go,1mSquE0pnDeBv3otPCuMkxC6wzss,📍,place,want_to_go,Want to go,1mSquE0pnDeBv3otPCuMkxC6wzss,vibe,
Original Site Of Corner Gas/The Ruby Set.,"Rouleau, SK S0G 4H0",50.1923081,-104.9140635,,https://www.google.com/maps?ftid=0x53194d8cff724ecf:0x470842031e4c15a0,0x53194d8cff724ecf:0x470842031e4c15a0,/g/11t7b_03_g,Zach J.,Want to go,1mSquE0pnDeBv3otPCuMkxC6wzss,📍,place,want_to_go,Want to go,1mSquE0pnDeBv3otPCuMkxC6wzss,vibe,
Osawa Camera,"1 Chome-1-12 Ebisuminami, 渋谷区 Shibuya, Tokyo 150-0022, Japan",35.6466789,139.7086113,,https://www.google.com/maps?ftid=0x60188b41029f0b31:0x15e308e10901fbe,0x60188b41029f0b31:0x15e308e10901fbe,/g/1td00grw,Zach J.,Want to go,1mSquE0pnDeBv3otPCuMkxC6wzss,📍,place,want_to_go,Want to go,1mSquE0pnDeBv3otPCuMkxC6wzss,vibe,
Oscar & Emma’s House,"109 Darcy St, Rouleau, SK S0G 4H0",50.1866851,-104.90110469999999,,https://www.google.com/maps?ftid=0x53194de8cb1f437f:0xfeecad563a00588f,0x53194de8cb1f437f:0xfeecad563a00588f,/g/11t5dqh9p8,Zach J.,Want to go,1mSquE0pnDeBv3otPCuMkxC6wzss,📍,place,want_to_go,Want to go,1mSquE0pnDeBv3otPCuMkxC6wzss,vibe,
Othello Tunnels,,49.3780195,-121.3697375,,https://www.google.com/maps?ftid=0x5483f462bb963cef:0xb473d4042e968dfc,0x5483f462bb963cef:0xb473d4042e968dfc,,Zach J.,Want to go,1mSquE0pnDeBv3otPCuMkxC6wzss,📍,place,want_to_go,Want to go,1mSquE0pnDeBv3otPCuMkxC6wzss,vibe,
Oukaimeden,,31.1947171,-7.8551161,,https://www.google.com/maps?ftid=0xdb008a65f29c227:0x116772fa9b73938a,0xdb008a65f29c227:0x116772fa9b73938a,,Zach J.,Want to go,1mSquE0pnDeBv3otPCuMkxC6wzss,📍,place,want_to_go,Want to go,1mSquE0pnDeBv3otPCuMkxC6wzss,vibe,
Owl Farm,,39.274341,-106.8691972,,https://www.google.com/maps?ftid=0x8740365200c23813:0x62b5110447f0d578,0x8740365200c23813:0x62b5110447f0d578,,Zach J.,Want to go,1mSquE0pnDeBv3otPCuMkxC6wzss,📍,place,want_to_go,Want to go,1mSquE0pnDeBv3otPCuMkxC6wzss,vibe,
Palmanova,"33057 Palmanova, Province of Udine, Italy",45.9067948,13.310070699999999,,https://www.google.com/maps?ftid=0x477bb089f331a869:0x5d2129dbb7a04c79,0x477bb089f331a869:0x5d2129dbb7a04c79,/m/0bsym1,Zach J.,Want to go,1mSquE0pnDeBv3otPCuMkxC6wzss,📍,place,want_to_go,Want to go,1mSquE0pnDeBv3otPCuMkxC6wzss,vibe,
Pannonhalma Archabbey,,47.5528755,17.7603787,,https://www.google.com/maps?ftid=0x476bc58be5c1f541:0xf3b9254193936839,0x476bc58be5c1f541:0xf3b9254193936839,,Zach J.,Want to go,1mSquE0pnDeBv3otPCuMkxC6wzss,📍,place,want_to_go,Want to go,1mSquE0pnDeBv3otPCuMkxC6wzss,vibe,
Panorama Gudauri,,42.4920609,44.452711,,https://www.google.com/maps?ftid=0x404529ba491d13ff:0x7a62c4474d2749da,0x404529ba491d13ff:0x7a62c4474d2749da,,Zach J.,Want to go,1mSquE0pnDeBv3otPCuMkxC6wzss,📍,place,want_to_go,Want to go,1mSquE0pnDeBv3otPCuMkxC6wzss,vibe,
Paradise,"5 Chome-23-16 Shiba, Minato City, Tokyo 108-0014, Japan",35.6480852,139.7457279,,https://www.google.com/maps?ftid=0x60188b41c113b8a5:0xe3a6d2db59480fcc,0x60188b41c113b8a5:0xe3a6d2db59480fcc,/g/11sgwr1t0h,Zach J.,Want to go,1mSquE0pnDeBv3otPCuMkxC6wzss,📍,place,want_to_go,Want to go,1mSquE0pnDeBv3otPCuMkxC6wzss,vibe,
Parc du Mugel,"Calanque du Mugel, 13600 La Ciotat, France",43.1653704,5.6060663,,https://www.google.com/maps?ftid=0x12c9af0811323467:0xdec7267ff3baef25,0x12c9af0811323467:0xdec7267ff3baef25,/m/04f5sqs,Zach J.,Want to go,1mSquE0pnDeBv3otPCuMkxC6wzss,📍,place,want_to_go,Want to go,1mSquE0pnDeBv3otPCuMkxC6wzss,vibe,
Passage du Pin Rolland,"83500 La Seyne-sur-Mer, France",43.073951,5.9005578,,https://www.google.com/maps?ftid=0x12c91dc7a753162b:0x945fd6514e90924,0x12c91dc7a753162b:0x945fd6514e90924,/g/11tcs14tx2,Zach J.,Want to go,1mSquE0pnDeBv3otPCuMkxC6wzss,📍,place,want_to_go,Want to go,1mSquE0pnDeBv3otPCuMkxC6wzss,vibe,
Peel St,"Peel St, Central, Hong Kong",22.282327,114.15240759999999,,https://www.google.com/maps?ftid=0x3404007ba6a7671f:0xfd638529f91f68d6,0x3404007ba6a7671f:0xfd638529f91f68d6,/m/0ch3dc_,Zach J.,Want to go,1mSquE0pnDeBv3otPCuMkxC6wzss,📍,place,want_to_go,Want to go,1mSquE0pnDeBv3otPCuMkxC6wzss,vibe,
Pepino's Spaghetti House,"631 Commercial Dr, Vancouver, BC V5L 3W3",49.278898999999996,-123.07066619999999,,https://www.google.com/maps?ftid=0x548671c5c83bae81:0xafe70746347a3114,0x548671c5c83bae81:0xafe70746347a3114,/g/11f657mmjr,Zach J.,Want to go,1mSquE0pnDeBv3otPCuMkxC6wzss,📍,place,want_to_go,Want to go,1mSquE0pnDeBv3otPCuMkxC6wzss,vibe,
Perhentian Islands,"Perhentian Islands, Terengganu, Malaysia",5.909231,102.7479949,,https://www.google.com/maps?ftid=0x31b6c101aced7741:0x82bc3dbe074ed77a,0x31b6c101aced7741:0x82bc3dbe074ed77a,/m/02wm3f,Zach J.,Want to go,1mSquE0pnDeBv3otPCuMkxC6wzss,📍,place,want_to_go,Want to go,1mSquE0pnDeBv3otPCuMkxC6wzss,vibe,
Petra,Jordan,30.3284544,35.4443622,,https://www.google.com/maps?ftid=0x15016ef1703b6071:0x199bf908679a2291,0x15016ef1703b6071:0x199bf908679a2291,/m/0c7zy,Zach J.,Want to go,1mSquE0pnDeBv3otPCuMkxC6wzss,📍,place,want_to_go,Want to go,1mSquE0pnDeBv3otPCuMkxC6wzss,vibe,
Phillips 66,"7680 Peña Blvd, Denver, CO 80249, United States",39.8362237,-104.7201442,,https://www.google.com/maps?ftid=0x876c663900257a59:0x796e3ce4d2d7a7c3,0x876c663900257a59:0x796e3ce4d2d7a7c3,/g/1261jqz1m,Zach J.,Want to go,1mSquE0pnDeBv3otPCuMkxC6wzss,📍,place,want_to_go,Want to go,1mSquE0pnDeBv3otPCuMkxC6wzss,vibe,
Philosophers' Way,"69120 Heidelberg, Germany",49.4171115,8.7071106,,https://www.google.com/maps?ftid=0x4797c10ed17c74e3:0xbd23e10f1b16177,0x4797c10ed17c74e3:0xbd23e10f1b16177,/g/1pp2x525k,Zach J.,Want to go,1mSquE0pnDeBv3otPCuMkxC6wzss,📍,place,want_to_go,Want to go,1mSquE0pnDeBv3otPCuMkxC6wzss,vibe,
Pinares de Rodeno,"Teruel, Spain",40.3719074,-1.3951694,,https://www.google.com/maps?ftid=0xd5dc37aaaaaaaa5:0x92fc39d0c627fb0b,0xd5dc37aaaaaaaa5:0x92fc39d0c627fb0b,/g/11cfjrwcn,Zach J.,Want to go,1mSquE0pnDeBv3otPCuMkxC6wzss,📍,place,want_to_go,Want to go,1mSquE0pnDeBv3otPCuMkxC6wzss,vibe,
Plage du Midi,,43.5487989,7.0033968,,https://www.google.com/maps?ftid=0x12ce82256e15e737:0xee0047636decdd97,0x12ce82256e15e737:0xee0047636decdd97,,Zach J.,Want to go,1mSquE0pnDeBv3otPCuMkxC6wzss,📍,place,want_to_go,Want to go,1mSquE0pnDeBv3otPCuMkxC6wzss,vibe,
Playa de Ambolo,,38.7303573,0.2178348,,https://www.google.com/maps?ftid=0x129e0951aace13ff:0x92eac7e2f2213190,0x129e0951aace13ff:0x92eac7e2f2213190,,Zach J.,Want to go,1mSquE0pnDeBv3otPCuMkxC6wzss,📍,place,want_to_go,Want to go,1mSquE0pnDeBv3otPCuMkxC6wzss,vibe,
Point Grey Battery,"University Endowment Lands, BC V6T 1Z2",49.2702452,-123.25924959999999,,https://www.google.com/maps?ftid=0x548672b1868d0de5:0xf1efcbebd3a5a2a4,0x548672b1868d0de5:0xf1efcbebd3a5a2a4,/g/11gf0qbn_v,Zach J.,Want to go,1mSquE0pnDeBv3otPCuMkxC6wzss,📍,place,want_to_go,Want to go,1mSquE0pnDeBv3otPCuMkxC6wzss,vibe,
"Pointe de vue, Calanque Maubois","FW4C+RQ, 83700 Saint-Raphaël, France",43.4570143,6.9219463,,https://www.google.com/maps?ftid=0x12ce8557a3f35677:0xf5570af495ecdadf,0x12ce8557a3f35677:0xf5570af495ecdadf,/g/11t4qm2n4f,Zach J.,Want to go,1mSquE0pnDeBv3otPCuMkxC6wzss,📍,place,want_to_go,Want to go,1mSquE0pnDeBv3otPCuMkxC6wzss,vibe,
Pont du Gard,"30210 Vers-Pont-du-Gard, France",43.947565999999995,4.53496,Take a swim.,https://www.google.com/maps?ftid=0x12b5c8c248e704d5:0x26b17319f386eae2,0x12b5c8c248e704d5:0x26b17319f386eae2,/m/01c42_,Zach J.,Want to go,1mSquE0pnDeBv3otPCuMkxC6wzss,📍,place,want_to_go,Want to go,1mSquE0pnDeBv3otPCuMkxC6wzss,vibe,
Pont-en-Royans,"38680 Pont-en-Royans, France",45.060916999999996,5.344158,,https://www.google.com/maps?ftid=0x478abb82046dcbe1:0xce9c6af3c67f8452,0x478abb82046dcbe1:0xce9c6af3c67f8452,/m/03g_60k,Zach J.,Want to go,1mSquE0pnDeBv3otPCuMkxC6wzss,📍,place,want_to_go,Want to go,1mSquE0pnDeBv3otPCuMkxC6wzss,vibe,
Ponta Delgada,,37.7394207,-25.6686725,,https://www.google.com/maps?ftid=0xb432acc76b00e97:0x765580f24e6fc416,0xb432acc76b00e97:0x765580f24e6fc416,,Zach J.,Want to go,1mSquE0pnDeBv3otPCuMkxC6wzss,📍,place,want_to_go,Want to go,1mSquE0pnDeBv3otPCuMkxC6wzss,vibe,
Port Rowan,"Port Rowan, ON",42.6235785,-80.4501487,,https://www.google.com/maps?ftid=0x882db7fde2c36de7:0xf3fa8f5cd706bd1d,0x882db7fde2c36de7:0xf3fa8f5cd706bd1d,/m/0bklns,Zach J.,Want to go,1mSquE0pnDeBv3otPCuMkxC6wzss,📍,place,want_to_go,Want to go,1mSquE0pnDeBv3otPCuMkxC6wzss,vibe,
Porte de Nice,"3 Courtine St Michel, 06570 Saint-Paul-de-Vence, France",43.6951367,7.1232424,,https://www.google.com/maps?ftid=0x12cdd2efa55a71cd:0x2ede28b8e49c0054,0x12cdd2efa55a71cd:0x2ede28b8e49c0054,/g/11cn7jtrj5,Zach J.,Want to go,1mSquE0pnDeBv3otPCuMkxC6wzss,📍,place,want_to_go,Want to go,1mSquE0pnDeBv3otPCuMkxC6wzss,vibe,
Positano,"84017 Positano, SA, Italy",40.6294824,14.482346199999999,,https://www.google.com/maps?ftid=0x133b9768a710d21b:0x8cde0b2863cede31,0x133b9768a710d21b:0x8cde0b2863cede31,/m/01ybj9,Zach J.,Want to go,1mSquE0pnDeBv3otPCuMkxC6wzss,📍,place,want_to_go,Want to go,1mSquE0pnDeBv3otPCuMkxC6wzss,vibe,
Poundbury,"Poundbury, Dorchester, UK",50.712246,-2.462926,King Charles designed it.,https://www.google.com/maps?ftid=0x487259a2c27d93e9:0xb9a066b9bc44059a,0x487259a2c27d93e9:0xb9a066b9bc44059a,/m/01y4kv,Zach J.,Want to go,1mSquE0pnDeBv3otPCuMkxC6wzss,📍,place,want_to_go,Want to go,1mSquE0pnDeBv3otPCuMkxC6wzss,vibe,
Procida,"80079 Procida Metropolitan City of Naples, Italy",40.764412199999995,14.0289804,,https://www.google.com/maps?ftid=0x133b135a256b5d65:0x409e11f9963d560,0x133b135a256b5d65:0x409e11f9963d560,/g/11g_97d4l,Zach J.,Want to go,1mSquE0pnDeBv3otPCuMkxC6wzss,📍,place,want_to_go,Want to go,1mSquE0pnDeBv3otPCuMkxC6wzss,vibe,
Pryp'yatʹ,,51.3884927,30.0769344,,https://www.google.com/maps?ftid=0x472a7d03c444be61:0x85b4807ecca0633a,0x472a7d03c444be61:0x85b4807ecca0633a,,Zach J.,Want to go,1mSquE0pnDeBv3otPCuMkxC6wzss,📍,place,want_to_go,Want to go,1mSquE0pnDeBv3otPCuMkxC6wzss,vibe,
Punxsutawney,"Punxsutawney, PA 15767, USA",40.943675299999995,-78.9708668,,https://www.google.com/maps?ftid=0x89cc965a774bf01f:0x9a872230de1dafaf,0x89cc965a774bf01f:0x9a872230de1dafaf,/m/020v134,Zach J.,Want to go,1mSquE0pnDeBv3otPCuMkxC6wzss,📍,place,want_to_go,Want to go,1mSquE0pnDeBv3otPCuMkxC6wzss,vibe,
Rabat,,34.0083637,-6.8538748,,https://www.google.com/maps?ftid=0xda76b871f50c5c1:0x7ac946ed7408076b,0xda76b871f50c5c1:0x7ac946ed7408076b,,Zach J.,Want to go,1mSquE0pnDeBv3otPCuMkxC6wzss,📍,place,want_to_go,Want to go,1mSquE0pnDeBv3otPCuMkxC6wzss,vibe,
Range USA Merrillville,,41.45962,-87.3214995,,https://www.google.com/maps?ftid=0x8811ee8d529b566d:0xb29081ebf1414d1,0x8811ee8d529b566d:0xb29081ebf1414d1,,Zach J.,Want to go,1mSquE0pnDeBv3otPCuMkxC6wzss,📍,place,want_to_go,Want to go,1mSquE0pnDeBv3otPCuMkxC6wzss,vibe,
Recoil Firearms,,42.255088199999996,-83.2558993,,https://www.google.com/maps?ftid=0x883b49e0aae8050b:0xf865e2e59b202d2f,0x883b49e0aae8050b:0xf865e2e59b202d2f,,Zach J.,Want to go,1mSquE0pnDeBv3otPCuMkxC6wzss,📍,place,want_to_go,Want to go,1mSquE0pnDeBv3otPCuMkxC6wzss,vibe,
REI,,40.700939999999996,-111.80122,,https://www.google.com/maps?ftid=0x8752610ef2021539:0xcd6cd51d3e6015d8,0x8752610ef2021539:0xcd6cd51d3e6015d8,,Zach J.,Want to go,1mSquE0pnDeBv3otPCuMkxC6wzss,📍,place,want_to_go,Want to go,1mSquE0pnDeBv3otPCuMkxC6wzss,vibe,
Rhodes,"Rhodes, Greece",36.4359325,28.2172676,,https://www.google.com/maps?ftid=0x14956193e10aff61:0x6913d088bdbf8893,0x14956193e10aff61:0x6913d088bdbf8893,/m/07yfd0,Zach J.,Want to go,1mSquE0pnDeBv3otPCuMkxC6wzss,📍,place,want_to_go,Want to go,1mSquE0pnDeBv3otPCuMkxC6wzss,vibe,
Ria Formosa Guest House,"R. Manuel Dias Lima 12, 8005-260 Faro, Portugal",37.0243361,-7.9601801,,https://www.google.com/maps?ftid=0xd054ddffc4afad7:0x53258895cab67916,0xd054ddffc4afad7:0x53258895cab67916,/g/11t_jfxhwb,Zach J.,Want to go,1mSquE0pnDeBv3otPCuMkxC6wzss,📍,place,want_to_go,Want to go,1mSquE0pnDeBv3otPCuMkxC6wzss,vibe,
Rick Astley Tunnel,"148 Freston Rd, London W10 6TR, United Kingdom",51.512456099999994,-0.2187158,,https://www.google.com/maps?ftid=0x48760f163742ab4b:0x5fb3651e60c76294,0x48760f163742ab4b:0x5fb3651e60c76294,/g/11sv3_pb9g,Zach J.,Want to go,1mSquE0pnDeBv3otPCuMkxC6wzss,📍,place,want_to_go,Want to go,1mSquE0pnDeBv3otPCuMkxC6wzss,vibe,
Rif,,34.9999912,-3.9999838999999997,,https://www.google.com/maps?ftid=0xd75c8c67aae19b7:0xc05a3f7edfedeb5d,0xd75c8c67aae19b7:0xc05a3f7edfedeb5d,,Zach J.,Want to go,1mSquE0pnDeBv3otPCuMkxC6wzss,📍,place,want_to_go,Want to go,1mSquE0pnDeBv3otPCuMkxC6wzss,vibe,
Rishikesh,"Rishikesh, Uttarakhand, India",30.1157619,78.28530169999999,,https://www.google.com/maps?ftid=0x39093e67cf93f111:0xcc78804a6f941bfe,0x39093e67cf93f111:0xcc78804a6f941bfe,/m/0cctvs,Zach J.,Want to go,1mSquE0pnDeBv3otPCuMkxC6wzss,📍,place,want_to_go,Want to go,1mSquE0pnDeBv3otPCuMkxC6wzss,vibe,
Riverwalk,,41.8884689,-87.6232295,,https://www.google.com/maps?ftid=0x880e2ca90653e45f:0xff7fdb29e3d01f46,0x880e2ca90653e45f:0xff7fdb29e3d01f46,,Zach J.,Want to go,1mSquE0pnDeBv3otPCuMkxC6wzss,📍,place,want_to_go,Want to go,1mSquE0pnDeBv3otPCuMkxC6wzss,vibe,
Robert Lee YMCA,"955 Burrard St, Vancouver, BC V6E 0B1",49.2819066,-123.1254422,,https://www.google.com/maps?ftid=0x548673d554a62281:0x4993abcb49a2e6d2,0x548673d554a62281:0x4993abcb49a2e6d2,/g/1tgx692b,Zach J.,Want to go,1mSquE0pnDeBv3otPCuMkxC6wzss,📍,place,want_to_go,Want to go,1mSquE0pnDeBv3otPCuMkxC6wzss,vibe,
Rojiura Curry SAMURAI. Shimokitazawa,"3 Chome-31-14 Kitazawa, Setagaya City, Tokyo 155-0031, Japan",35.6646919,139.6670244,,https://www.google.com/maps?ftid=0x6018f314ca62ae65:0x6b2248a198f8f7ed,0x6018f314ca62ae65:0x6b2248a198f8f7ed,/g/11b76c87bb,Zach J.,Want to go,1mSquE0pnDeBv3otPCuMkxC6wzss,📍,place,want_to_go,Want to go,1mSquE0pnDeBv3otPCuMkxC6wzss,vibe,
Ronda,"29400 Ronda, Málaga, Spain",36.746209,-5.161225099999999,,https://www.google.com/maps?ftid=0xd0d3143e258a279:0x94358021349a5ba2,0xd0d3143e258a279:0x94358021349a5ba2,/m/03ynj4,Zach J.,Want to go,1mSquE0pnDeBv3otPCuMkxC6wzss,📍,place,want_to_go,Want to go,1mSquE0pnDeBv3otPCuMkxC6wzss,vibe,
Route 66 Dog Haus,"1302 E Rte 66, Flagstaff, AZ 86001, United States",35.1939133,-111.6340972,,https://www.google.com/maps?ftid=0x872d8f165aaf5861:0x5c0b530374256a,0x872d8f165aaf5861:0x5c0b530374256a,,Zach J.,Want to go,1mSquE0pnDeBv3otPCuMkxC6wzss,📍,place,want_to_go,Want to go,1mSquE0pnDeBv3otPCuMkxC6wzss,vibe,
Rummage Community Thrift,"2560 Arbutus St, Vancouver, BC V6K 1N7",49.2678272,-123.1468381,,https://www.google.com/maps?ftid=0x548673682d2d6831:0x958359a8bf96e4db,0x548673682d2d6831:0x958359a8bf96e4db,/g/11sffcg67b,Zach J.,Want to go,1mSquE0pnDeBv3otPCuMkxC6wzss,📍,place,want_to_go,Want to go,1mSquE0pnDeBv3otPCuMkxC6wzss,vibe,
Ryde Esplanade,"Ryde PO33 2HE, United Kingdom",50.7330298,-1.1598084,Old underground trains,https://www.google.com/maps?ftid=0x4874611edbac8ef9:0xd8945c6e6f143166,0x4874611edbac8ef9:0xd8945c6e6f143166,/m/04ggbhp,Zach J.,Want to go,1mSquE0pnDeBv3otPCuMkxC6wzss,📍,place,want_to_go,Want to go,1mSquE0pnDeBv3otPCuMkxC6wzss,vibe,
Réunion,Réunion,-21.115140999999998,55.536384,,https://www.google.com/maps?ftid=0x2178778110b8e43b:0x4a7f8e89ecdbeaf9,0x2178778110b8e43b:0x4a7f8e89ecdbeaf9,/m/0lxhj,Zach J.,Want to go,1mSquE0pnDeBv3otPCuMkxC6wzss,📍,place,want_to_go,Want to go,1mSquE0pnDeBv3otPCuMkxC6wzss,vibe,
Saint-Paul Street West,,45.5005701,-73.5568325,,https://www.google.com/maps?ftid=0x4cc91a5917a76af5:0xa6f08c65f1057f0,0x4cc91a5917a76af5:0xa6f08c65f1057f0,/m/03qmx8r,Zach J.,Want to go,1mSquE0pnDeBv3otPCuMkxC6wzss,📍,place,want_to_go,Want to go,1mSquE0pnDeBv3otPCuMkxC6wzss,vibe,
Sakaechō Station,,35.6130005,140.11861779999998,,https://www.google.com/maps?ftid=0x602284b705f96ebf:0x59078e8edffad8c7,0x602284b705f96ebf:0x59078e8edffad8c7,,Zach J.,Want to go,1mSquE0pnDeBv3otPCuMkxC6wzss,📍,place,want_to_go,Want to go,1mSquE0pnDeBv3otPCuMkxC6wzss,vibe,
Salina Slănic Prahova (Mina Unirea),,45.2357909,25.941880299999998,,https://www.google.com/maps?ftid=0x40b3a6679a036e37:0x956ab487c3c80944,0x40b3a6679a036e37:0x956ab487c3c80944,,Zach J.,Want to go,1mSquE0pnDeBv3otPCuMkxC6wzss,📍,place,want_to_go,Want to go,1mSquE0pnDeBv3otPCuMkxC6wzss,vibe,
Sandy Hill,"Sandy Hill, Ottawa, ON",45.4253181,-75.6829022,,https://www.google.com/maps?ftid=0x4cce050ecc5c5661:0x89be4f8a4b99bc26,0x4cce050ecc5c5661:0x89be4f8a4b99bc26,/m/01_fx6,Zach J.,Want to go,1mSquE0pnDeBv3otPCuMkxC6wzss,📍,place,want_to_go,Want to go,1mSquE0pnDeBv3otPCuMkxC6wzss,vibe,
Santa Cruz de Tenerife,"Santa Cruz de Tenerife, Spain",28.463629599999997,-16.251846699999998,,https://www.google.com/maps?ftid=0xc41cceccc254171:0x43111473d277e52e,0xc41cceccc254171:0x43111473d277e52e,/m/01rsjs,Zach J.,Want to go,1mSquE0pnDeBv3otPCuMkxC6wzss,📍,place,want_to_go,Want to go,1mSquE0pnDeBv3otPCuMkxC6wzss,vibe,
Santanyí,,39.355298999999995,3.1729455,,https://www.google.com/maps?ftid=0x129656a2069f212f:0xe108cd07751c595b,0x129656a2069f212f:0xe108cd07751c595b,,Zach J.,Want to go,1mSquE0pnDeBv3otPCuMkxC6wzss,📍,place,want_to_go,Want to go,1mSquE0pnDeBv3otPCuMkxC6wzss,vibe,
Sarajevo Abandoned Bobsled Track,"RCQV+W78, Unnamed Road, Sarajevo 71000, Bosnia and Herzegovina",43.8391805,18.4433673,,https://www.google.com/maps?ftid=0x4758c906de57102d:0x3b5270eda746cf1d,0x4758c906de57102d:0x3b5270eda746cf1d,/g/11h1j9g2ks,Zach J.,Want to go,1mSquE0pnDeBv3otPCuMkxC6wzss,📍,place,want_to_go,Want to go,1mSquE0pnDeBv3otPCuMkxC6wzss,vibe,
Sazon Mexican Cuisine,"2698 W 4th Ave, Vancouver, BC V6K 1P7",49.268204,-123.166196,,https://www.google.com/maps?ftid=0x548673dad824f1f1:0x5e92cacc7e381b28,0x548673dad824f1f1:0x5e92cacc7e381b28,/g/11j8td12rv,Zach J.,Want to go,1mSquE0pnDeBv3otPCuMkxC6wzss,📍,place,want_to_go,Want to go,1mSquE0pnDeBv3otPCuMkxC6wzss,vibe,
Schaufelradbagger SRs 1500-1473,"01994 Schipkau, Germany",51.5352505,13.9499952,,https://www.google.com/maps?ftid=0x470817c11d7fd01f:0x1f9bd976456921a8,0x470817c11d7fd01f:0x1f9bd976456921a8,/g/11tj9pq60f,Zach J.,Want to go,1mSquE0pnDeBv3otPCuMkxC6wzss,📍,place,want_to_go,Want to go,1mSquE0pnDeBv3otPCuMkxC6wzss,vibe,
Schloss Drachenburg,"Drachenfelsstraße 118, 53639 Königswinter, Germany",50.668653,7.206373999999999,,https://www.google.com/maps?ftid=0x47bee5a6e2b62079:0xfe92ce32da44ea1c,0x47bee5a6e2b62079:0xfe92ce32da44ea1c,/m/0bmdbj5,Zach J.,Want to go,1mSquE0pnDeBv3otPCuMkxC6wzss,📍,place,want_to_go,Want to go,1mSquE0pnDeBv3otPCuMkxC6wzss,vibe,
Sedona,"Sedona, AZ 86336, USA",34.8617598,-111.8139436,Hiking in the area,https://www.google.com/maps?ftid=0x872da132f942b00d:0x5548c523fa6c8efd,0x872da132f942b00d:0x5548c523fa6c8efd,/m/0ny57,Zach J.,Want to go,1mSquE0pnDeBv3otPCuMkxC6wzss,📍,place,want_to_go,Want to go,1mSquE0pnDeBv3otPCuMkxC6wzss,vibe,
Setenil de las Bodegas,"11692 Setenil de las Bodegas, Cádiz, Spain",36.863912899999995,-5.181303799999999,,https://www.google.com/maps?ftid=0xd0d49c8297cdd15:0x44842378df0ac406,0xd0d49c8297cdd15:0x44842378df0ac406,/m/0djw4z,Zach J.,Want to go,1mSquE0pnDeBv3otPCuMkxC6wzss,📍,place,want_to_go,Want to go,1mSquE0pnDeBv3otPCuMkxC6wzss,vibe,
Shakti Rock Gym,,45.5275046,-73.59762979999999,,https://www.google.com/maps?ftid=0x4cc9197c849f5fcb:0x71932629cb9a048,0x4cc9197c849f5fcb:0x71932629cb9a048,,Zach J.,Want to go,1mSquE0pnDeBv3otPCuMkxC6wzss,📍,place,want_to_go,Want to go,1mSquE0pnDeBv3otPCuMkxC6wzss,vibe,
Sham Shui Po,"Sham Shui Po, Hong Kong",22.328589899999997,114.1602846,,https://www.google.com/maps?ftid=0x340400b4a15faa0b:0xe38611e1b9e97f4e,0x340400b4a15faa0b:0xe38611e1b9e97f4e,/m/01npgb,Zach J.,Want to go,1mSquE0pnDeBv3otPCuMkxC6wzss,📍,place,want_to_go,Want to go,1mSquE0pnDeBv3otPCuMkxC6wzss,vibe,
Shibu Dinam,"2298 Lakeshore Dr, Mandeville, LA 70448, United States",30.3602985,-90.08105359999999,Lake stairs meme,https://www.google.com/maps?ftid=0x86275b005026572b:0x46dd90563a4f2d3f,0x86275b005026572b:0x46dd90563a4f2d3f,/g/11vxtwt9bf,Zach J.,Want to go,1mSquE0pnDeBv3otPCuMkxC6wzss,📍,place,want_to_go,Want to go,1mSquE0pnDeBv3otPCuMkxC6wzss,vibe,
SHIBUYA QWS,"Japan, 〒150-0002 Tokyo, Shibuya, 2 Chome−24−12 スクランブルスクエア 15F",35.6584638,139.70226209999998,,https://www.google.com/maps?ftid=0x60188bf0e52915ab:0x1ba65e8db4ca1d0e,0x60188bf0e52915ab:0x1ba65e8db4ca1d0e,/g/11j0whcpc7,Zach J.,Want to go,1mSquE0pnDeBv3otPCuMkxC6wzss,📍,place,want_to_go,Want to go,1mSquE0pnDeBv3otPCuMkxC6wzss,vibe,
Shiki Menya,"824 1 Ave NE, Calgary, AB T2E 0C3",51.053362799999995,-114.04407909999999,Go at 11,https://www.google.com/maps?ftid=0x53716552183be7f1:0x478e4525b4a5265c,0x53716552183be7f1:0x478e4525b4a5265c,/g/11bbrm9b_h,Zach J.,Want to go,1mSquE0pnDeBv3otPCuMkxC6wzss,📍,place,want_to_go,Want to go,1mSquE0pnDeBv3otPCuMkxC6wzss,vibe,
Sixt,,39.539108,2.7418251,,https://www.google.com/maps?ftid=0x129795d5b1143ad5:0x50970547bb0f429b,0x129795d5b1143ad5:0x50970547bb0f429b,,Zach J.,Want to go,1mSquE0pnDeBv3otPCuMkxC6wzss,📍,place,want_to_go,Want to go,1mSquE0pnDeBv3otPCuMkxC6wzss,vibe,
Sonoma Valley,"Sonoma Valley, California 95476, USA",38.208250199999995,-122.41775539999999,Wine Tours?,https://www.google.com/maps?ftid=0x8085a647376850ab:0x58435be757aeeb47,0x8085a647376850ab:0x58435be757aeeb47,/g/1yp1b9lwm,Zach J.,Want to go,1mSquE0pnDeBv3otPCuMkxC6wzss,📍,place,want_to_go,Want to go,1mSquE0pnDeBv3otPCuMkxC6wzss,vibe,
Sorrento,"80067 Sorrento, Metropolitan City of Naples, Italy",40.626396899999996,14.3764167,,https://www.google.com/maps?ftid=0x133b99536dbf5b61:0x2644eb57abc0ce40,0x133b99536dbf5b61:0x2644eb57abc0ce40,/m/0177dl,Zach J.,Want to go,1mSquE0pnDeBv3otPCuMkxC6wzss,📍,place,want_to_go,Want to go,1mSquE0pnDeBv3otPCuMkxC6wzss,vibe,
South Delhi,"South Delhi, New Delhi, Delhi, India",28.4929198,77.1847921,,https://www.google.com/maps?ftid=0x390ce1bd6be37ea9:0x9800d4b5d8530f44,0x390ce1bd6be37ea9:0x9800d4b5d8530f44,/m/027drpk,Zach J.,Want to go,1mSquE0pnDeBv3otPCuMkxC6wzss,📍,place,want_to_go,Want to go,1mSquE0pnDeBv3otPCuMkxC6wzss,vibe,
Southeast Wyoming Welcome Center,"5611 High Plains Road, Cheyenne, WY 82007, United States",41.0584272,-104.8796397,,https://www.google.com/maps?ftid=0x876f2f1017884485:0x143860bf1b1fceb5,0x876f2f1017884485:0x143860bf1b1fceb5,/g/11c6v9k4q3,Zach J.,Want to go,1mSquE0pnDeBv3otPCuMkxC6wzss,📍,place,want_to_go,Want to go,1mSquE0pnDeBv3otPCuMkxC6wzss,vibe,
Southernmost Point of the Continental U.S.A.,"1400 Whitehead St, Key West, FL 33040, United States",24.5465114,-81.7975065,,https://www.google.com/maps?ftid=0x88d1b6dc4e08c339:0xf94b45644a592e51,0x88d1b6dc4e08c339:0xf94b45644a592e51,/m/03wbvlg,Zach J.,Want to go,1mSquE0pnDeBv3otPCuMkxC6wzss,📍,place,want_to_go,Want to go,1mSquE0pnDeBv3otPCuMkxC6wzss,vibe,
Squille,"81010 Squille, Province of Caserta, Italy",41.155057899999996,14.4333938,Family roots,https://www.google.com/maps?ftid=0x133a5064b991778b:0x3873dec5a15cdfe,0x133a5064b991778b:0x3873dec5a15cdfe,/g/11b6g91d8r,Zach J.,Want to go,1mSquE0pnDeBv3otPCuMkxC6wzss,📍,place,want_to_go,Want to go,1mSquE0pnDeBv3otPCuMkxC6wzss,vibe,
St Kilda World Heritage Site,"Western Isles St Kilda G76 9ER, United Kingdom",57.8131841,-8.5686575,Puffins!,https://www.google.com/maps?ftid=0x48f2bdd6e57c070b:0xaf97d0b2f2a231,0x48f2bdd6e57c070b:0xaf97d0b2f2a231,/g/1q5bmyhs0,Zach J.,Want to go,1mSquE0pnDeBv3otPCuMkxC6wzss,📍,place,want_to_go,Want to go,1mSquE0pnDeBv3otPCuMkxC6wzss,vibe,
St-Viateur Bagel,"263 Rue Saint-Viateur O, Montréal, QC H2V 1Y1",45.522687,-73.60194609999999,,https://www.google.com/maps?ftid=0x4cc91978dbc66543:0x837b6d6c0b5323a0,0x4cc91978dbc66543:0x837b6d6c0b5323a0,/m/09gq6m9,Zach J.,Want to go,1mSquE0pnDeBv3otPCuMkxC6wzss,📍,place,want_to_go,Want to go,1mSquE0pnDeBv3otPCuMkxC6wzss,vibe,
Stage Door Delicatessen,,40.712115,-74.0097029,,https://www.google.com/maps?ftid=0x89c25a19074a384d:0xe3e365f50791929d,0x89c25a19074a384d:0xe3e365f50791929d,,Zach J.,Want to go,1mSquE0pnDeBv3otPCuMkxC6wzss,📍,place,want_to_go,Want to go,1mSquE0pnDeBv3otPCuMkxC6wzss,vibe,
Star Hill Provisions at Maker’s Mark Distillery,"3350 Burks Spring Rd, Loretto, KY 40037, United States",37.6474012,-85.3500079,,https://www.google.com/maps?ftid=0x886847e58dc1f63f:0x377b6a6a280ebfef,0x886847e58dc1f63f:0x377b6a6a280ebfef,/g/11fcszs921,Zach J.,Want to go,1mSquE0pnDeBv3otPCuMkxC6wzss,📍,place,want_to_go,Want to go,1mSquE0pnDeBv3otPCuMkxC6wzss,vibe,
Steve Jobs’s Garage,"2066 Crist Dr, Los Altos, CA 94024, United States",37.340299699999996,-122.0688984,,https://www.google.com/maps?ftid=0x808fb51f986e8617:0x25be0ce3754dcc46,0x808fb51f986e8617:0x25be0ce3754dcc46,/g/11ng17pzrm,Zach J.,Want to go,1mSquE0pnDeBv3otPCuMkxC6wzss,📍,place,want_to_go,Want to go,1mSquE0pnDeBv3otPCuMkxC6wzss,vibe,
Stonehenge,"Salisbury SP4 7DE, United Kingdom",51.178881999999994,-1.826215,,https://www.google.com/maps?ftid=0x4873e63b850af611:0x979170e2bcd3d2dd,0x4873e63b850af611:0x979170e2bcd3d2dd,/m/06wfg,Zach J.,Want to go,1mSquE0pnDeBv3otPCuMkxC6wzss,📍,place,want_to_go,Want to go,1mSquE0pnDeBv3otPCuMkxC6wzss,vibe,
Stoos,"6433 Stoos, Switzerland",46.979757299999996,8.666949299999999,Steepest funicular railway.,https://www.google.com/maps?ftid=0x47854f75c3a3a779:0xe3a15d4f8070c905,0x47854f75c3a3a779:0xe3a15d4f8070c905,/m/065_c3n,Zach J.,Want to go,1mSquE0pnDeBv3otPCuMkxC6wzss,📍,place,want_to_go,Want to go,1mSquE0pnDeBv3otPCuMkxC6wzss,vibe,
Stornoway,"Stornoway, UK",58.209435,-6.3848692,Explore the islands,https://www.google.com/maps?ftid=0x488df62b2db34463:0x6e882fc0d2562e71,0x488df62b2db34463:0x6e882fc0d2562e71,/m/02l6bt,Zach J.,Want to go,1mSquE0pnDeBv3otPCuMkxC6wzss,📍,place,want_to_go,Want to go,1mSquE0pnDeBv3otPCuMkxC6wzss,vibe,
Streetcar #23,"Hall St, Nelson, BC V1L 5R4",49.4967283,-117.2939682,,https://www.google.com/maps?ftid=0x537cb6afdc9ed09d:0xe9d16cbdb296c97e,0x537cb6afdc9ed09d:0xe9d16cbdb296c97e,/g/1q5blr2m1,Zach J.,Want to go,1mSquE0pnDeBv3otPCuMkxC6wzss,📍,place,want_to_go,Want to go,1mSquE0pnDeBv3otPCuMkxC6wzss,vibe,
Streif-Wanderweg,"Hahnenkamm 1, 6370 Kitzbühel, Austria",47.426806,12.372546499999999,,https://www.google.com/maps?ftid=0x47764d3ee3ed0827:0x417642208817908b,0x47764d3ee3ed0827:0x417642208817908b,/g/11fsmv36xm,Zach J.,Want to go,1mSquE0pnDeBv3otPCuMkxC6wzss,📍,place,want_to_go,Want to go,1mSquE0pnDeBv3otPCuMkxC6wzss,vibe,
Sukiyabashi Jiro,"Japan, 〒104-0061 Tokyo, Chuo City, Ginza, 4 Chome−2−15 塚本総業ビルB1階",35.672740399999995,139.7639378,,https://www.google.com/maps?ftid=0x60188be5bfbdbc55:0xea447f83d867065,0x60188be5bfbdbc55:0xea447f83d867065,/m/0gfnvj2,Zach J.,Want to go,1mSquE0pnDeBv3otPCuMkxC6wzss,📍,place,want_to_go,Want to go,1mSquE0pnDeBv3otPCuMkxC6wzss,vibe,
Sumibi Yakitori,"3 Chome-36-14 Shinjuku, Shinjuku City, Tokyo 160-0022, Japan",35.690387199999996,139.7020423,,https://www.google.com/maps?ftid=0x60188d9c109ed2b9:0xa7c6eea6bf18dca6,0x60188d9c109ed2b9:0xa7c6eea6bf18dca6,/g/11tkbgnzhg,Zach J.,Want to go,1mSquE0pnDeBv3otPCuMkxC6wzss,📍,place,want_to_go,Want to go,1mSquE0pnDeBv3otPCuMkxC6wzss,vibe,
Superdawg Drive-In,,41.9967817,-87.78703469999999,,https://www.google.com/maps?ftid=0x880fc947ee7d6871:0xa057d30a846d34f7,0x880fc947ee7d6871:0xa057d30a846d34f7,,Zach J.,Want to go,1mSquE0pnDeBv3otPCuMkxC6wzss,📍,place,want_to_go,Want to go,1mSquE0pnDeBv3otPCuMkxC6wzss,vibe,
Surf Santa Barbara,"801 Shoreline Dr, Santa Barbara, CA 93109, United States",34.4026017,-119.697943,,https://www.google.com/maps?ftid=0x80e915234115d23f:0x8be05d42aed753f3,0x80e915234115d23f:0x8be05d42aed753f3,/g/11lfqndtf8,Zach J.,Want to go,1mSquE0pnDeBv3otPCuMkxC6wzss,📍,place,want_to_go,Want to go,1mSquE0pnDeBv3otPCuMkxC6wzss,vibe,
Tachikawa-Minami Station,"3-chōme-6 Shibasakichō, Tachikawa, Tokyo 190-0023, Japan",35.6961418,139.4126105,,https://www.google.com/maps?ftid=0x6018e17bbbd4dcd9:0x5792c7a33b5001bb,0x6018e17bbbd4dcd9:0x5792c7a33b5001bb,/m/080pn_k,Zach J.,Want to go,1mSquE0pnDeBv3otPCuMkxC6wzss,📍,place,want_to_go,Want to go,1mSquE0pnDeBv3otPCuMkxC6wzss,vibe,
Tai Nan St,Tai Nan St,22.327372399999998,114.1630476,,https://www.google.com/maps?ftid=0x340400b42171a61b:0x213e48b09bdb6a00,0x340400b42171a61b:0x213e48b09bdb6a00,/g/155ptg7g,Zach J.,Want to go,1mSquE0pnDeBv3otPCuMkxC6wzss,📍,place,want_to_go,Want to go,1mSquE0pnDeBv3otPCuMkxC6wzss,vibe,
Taichung City,"Taichung City, Taiwan",24.1477358,120.67364819999999,,https://www.google.com/maps?ftid=0x346917dff97922ef:0x87523ee47ea6447f,0x346917dff97922ef:0x87523ee47ea6447f,/m/01r8pt,Zach J.,Want to go,1mSquE0pnDeBv3otPCuMkxC6wzss,📍,place,want_to_go,Want to go,1mSquE0pnDeBv3otPCuMkxC6wzss,vibe,
Tamarindo,"Guanacaste Province, Tamarindo, Costa Rica",10.2975721,-85.84115249999999,,https://www.google.com/maps?ftid=0x8f9e39409203c30f:0xbb189f5e2cc1f893,0x8f9e39409203c30f:0xbb189f5e2cc1f893,/m/0dp1nt,Zach J.,Want to go,1mSquE0pnDeBv3otPCuMkxC6wzss,📍,place,want_to_go,Want to go,1mSquE0pnDeBv3otPCuMkxC6wzss,vibe,
TASUICHI,"33-14 Udagawacho, Shibuya City, Tokyo 150-0042, Japan",35.6610051,139.6970442,,https://www.google.com/maps?ftid=0x60188ca970e68463:0xab135d50f5dfe39,0x60188ca970e68463:0xab135d50f5dfe39,/g/11bwyxf913,Zach J.,Want to go,1mSquE0pnDeBv3otPCuMkxC6wzss,📍,place,want_to_go,Want to go,1mSquE0pnDeBv3otPCuMkxC6wzss,vibe,
Taverne Cobra,"6584 St Laurent Blvd, Montreal, Quebec H2S 3C6",45.5311813,-73.61083099999999,,https://www.google.com/maps?ftid=0x4cc91972735ff3cb:0xa117549a97ee411a,0x4cc91972735ff3cb:0xa117549a97ee411a,/g/11bwp1zk50,Zach J.,Want to go,1mSquE0pnDeBv3otPCuMkxC6wzss,📍,place,want_to_go,Want to go,1mSquE0pnDeBv3otPCuMkxC6wzss,vibe,
Temma-ya Curry Shimokitazawa,"Japan, 〒155-0031 Tokyo, Setagaya City, Kitazawa, 2 Chome−12−12 桑田ビル",35.6610049,139.6682162,,https://www.google.com/maps?ftid=0x6018f36a2d4f0001:0xde0c0dc61e656df0,0x6018f36a2d4f0001:0xde0c0dc61e656df0,/g/11b6zqx9yv,Zach J.,Want to go,1mSquE0pnDeBv3otPCuMkxC6wzss,📍,place,want_to_go,Want to go,1mSquE0pnDeBv3otPCuMkxC6wzss,vibe,
Tequila,"Tequila, Jalisco, Mexico",20.8819452,-103.83250009999999,,https://www.google.com/maps?ftid=0x842614da2b81b26f:0x38c2cd8e73684f12,0x842614da2b81b26f:0x38c2cd8e73684f12,/m/04qhcp,Zach J.,Want to go,1mSquE0pnDeBv3otPCuMkxC6wzss,📍,place,want_to_go,Want to go,1mSquE0pnDeBv3otPCuMkxC6wzss,vibe,
The 'Hills Have Eyes' Gas Station,,30.922714,-7.2329928,,https://www.google.com/maps?ftid=0xdbae5f018925993:0xc15d5c4b475af156,0xdbae5f018925993:0xc15d5c4b475af156,,Zach J.,Want to go,1mSquE0pnDeBv3otPCuMkxC6wzss,📍,place,want_to_go,Want to go,1mSquE0pnDeBv3otPCuMkxC6wzss,vibe,
The 606,,41.913922799999995,-87.7202507,,https://www.google.com/maps?ftid=0x880fcd3ee453de43:0xcb76e9a45d827975,0x880fcd3ee453de43:0xcb76e9a45d827975,,Zach J.,Want to go,1mSquE0pnDeBv3otPCuMkxC6wzss,📍,place,want_to_go,Want to go,1mSquE0pnDeBv3otPCuMkxC6wzss,vibe,
The Beirut,"4082 Monroe St, Toledo, OH 43606, United States",41.679715699999996,-83.60134819999999,,https://www.google.com/maps?ftid=0x883c7becb5c99ffd:0x1db2572db3da23a1,0x883c7becb5c99ffd:0x1db2572db3da23a1,/g/11b6zxrfl4,Zach J.,Want to go,1mSquE0pnDeBv3otPCuMkxC6wzss,📍,place,want_to_go,Want to go,1mSquE0pnDeBv3otPCuMkxC6wzss,vibe,
The Black Mailbox,"51 Rd, Alamo, NV 89001, United States",37.4570745,-115.48260739999999,,https://www.google.com/maps?ftid=0x80b78d5afc30089b:0xb4886bfe6895b491,0x80b78d5afc30089b:0xb4886bfe6895b491,/g/1hc1kccwj,Zach J.,Want to go,1mSquE0pnDeBv3otPCuMkxC6wzss,📍,place,want_to_go,Want to go,1mSquE0pnDeBv3otPCuMkxC6wzss,vibe,
The Boston Stone,"Marshall St, Boston, MA 02108, United States",42.3617145,-71.0568536,,https://www.google.com/maps?ftid=0x89e3708f5f60fced:0x4da1c4fff739c53d,0x89e3708f5f60fced:0x4da1c4fff739c53d,/m/0_1j14l,Zach J.,Want to go,1mSquE0pnDeBv3otPCuMkxC6wzss,📍,place,want_to_go,Want to go,1mSquE0pnDeBv3otPCuMkxC6wzss,vibe,
The Franklin Room,,41.8944251,-87.6354612,,https://www.google.com/maps?ftid=0x880e2cb4dc105c63:0x28d41b66346f49f6,0x880e2cb4dc105c63:0x28d41b66346f49f6,,Zach J.,Want to go,1mSquE0pnDeBv3otPCuMkxC6wzss,📍,place,want_to_go,Want to go,1mSquE0pnDeBv3otPCuMkxC6wzss,vibe,
The Geographic Center of the United States,"Lebanon, KS 66952, United States",39.828345899999995,-98.5794797,Center of the US.,https://www.google.com/maps?ftid=0x87988f5625fc1527:0xde5763fad96b22b3,0x87988f5625fc1527:0xde5763fad96b22b3,/m/0djgsd,Zach J.,Want to go,1mSquE0pnDeBv3otPCuMkxC6wzss,📍,place,want_to_go,Want to go,1mSquE0pnDeBv3otPCuMkxC6wzss,vibe,
The Giant Forest,"Generals Hwy, Three Rivers, CA 93271, United States",36.5642053,-118.7728896,,https://www.google.com/maps?ftid=0x80955d83dadf1fd1:0x49ca5bb0d40fb711,0x80955d83dadf1fd1:0x49ca5bb0d40fb711,/g/11b_3ghbtn,Zach J.,Want to go,1mSquE0pnDeBv3otPCuMkxC6wzss,📍,place,want_to_go,Want to go,1mSquE0pnDeBv3otPCuMkxC6wzss,vibe,
The Glebe,"The Glebe, Ottawa, ON",45.404401,-75.6891414,,https://www.google.com/maps?ftid=0x4cce05c812504f01:0x24cf4b374d75b3e8,0x4cce05c812504f01:0x24cf4b374d75b3e8,/m/01_fx_,Zach J.,Want to go,1mSquE0pnDeBv3otPCuMkxC6wzss,📍,place,want_to_go,Want to go,1mSquE0pnDeBv3otPCuMkxC6wzss,vibe,
The Legendary Silver Dollar Saloon,"315 Harrison Ave, Leadville, CO 80461, United States",39.2467044,-106.2913851,,https://www.google.com/maps?ftid=0x876a91259a77eb93:0xec2519a8de336d9d,0x876a91259a77eb93:0xec2519a8de336d9d,/g/1v_s6cc9,Zach J.,Want to go,1mSquE0pnDeBv3otPCuMkxC6wzss,📍,place,want_to_go,Want to go,1mSquE0pnDeBv3otPCuMkxC6wzss,vibe,
The Lost Coast,,40.285595099999995,-124.3594468,,https://www.google.com/maps?ftid=0x54d438c0bee3fb81:0x56b0a22e17878e3b,0x54d438c0bee3fb81:0x56b0a22e17878e3b,,Zach J.,Want to go,1mSquE0pnDeBv3otPCuMkxC6wzss,📍,place,want_to_go,Want to go,1mSquE0pnDeBv3otPCuMkxC6wzss,vibe,
The Lunch Lady,"1046 Commercial Dr, Vancouver, BC V5L 3W9",49.2749731,-123.0693852,,https://www.google.com/maps?ftid=0x548671a010fed02f:0x457d97169897b9b2,0x548671a010fed02f:0x457d97169897b9b2,/g/11j76w63v8,Zach J.,Want to go,1mSquE0pnDeBv3otPCuMkxC6wzss,📍,place,want_to_go,Want to go,1mSquE0pnDeBv3otPCuMkxC6wzss,vibe,
The Model Railway Club,"Keen House, 4 Calshot St, London N1 9DA, United Kingdom",51.5315527,-0.11689229999999999,,https://www.google.com/maps?ftid=0x48761b40a4df0bdd:0xad1072e6829dec9b,0x48761b40a4df0bdd:0xad1072e6829dec9b,/g/1tfk3xyk,Zach J.,Want to go,1mSquE0pnDeBv3otPCuMkxC6wzss,📍,place,want_to_go,Want to go,1mSquE0pnDeBv3otPCuMkxC6wzss,vibe,
The Rookery Building,"209 S LaSalle St, Chicago, IL 60604, United States",41.8792243,-87.63178719999999,,https://www.google.com/maps?ftid=0x880e2cbc40368d73:0x5e38048e5004f656,0x880e2cbc40368d73:0x5e38048e5004f656,/m/0b2x5s,Zach J.,Want to go,1mSquE0pnDeBv3otPCuMkxC6wzss,📍,place,want_to_go,Want to go,1mSquE0pnDeBv3otPCuMkxC6wzss,vibe,
The Templeton,"1087 Granville St, Vancouver, BC V6Z 1L4",49.2784391,-123.1245158,,https://www.google.com/maps?ftid=0x548673d5b3260df3:0x2be221618c353bb2,0x548673d5b3260df3:0x2be221618c353bb2,/g/1tfkqg16,Zach J.,Want to go,1mSquE0pnDeBv3otPCuMkxC6wzss,📍,place,want_to_go,Want to go,1mSquE0pnDeBv3otPCuMkxC6wzss,vibe,
The Three Country Point NL / BE / DE,"Rte des Trois Bornes, 4851 Vaals, Belgium",50.754394,6.020993,,https://www.google.com/maps?ftid=0x47c09a0b6cc83bef:0xca601f8cd66c6826,0x47c09a0b6cc83bef:0xca601f8cd66c6826,/g/1q5bt3dty,Zach J.,Want to go,1mSquE0pnDeBv3otPCuMkxC6wzss,📍,place,want_to_go,Want to go,1mSquE0pnDeBv3otPCuMkxC6wzss,vibe,
The Vancouver Tool Library,"3448 Commercial St, Vancouver, BC V5N 4E9",49.25385,-123.06781079999999,,https://www.google.com/maps?ftid=0x548676ad5da6d1c9:0x480617c550bd6cf0,0x548676ad5da6d1c9:0x480617c550bd6cf0,/g/1tdcg1hz,Zach J.,Want to go,1mSquE0pnDeBv3otPCuMkxC6wzss,📍,place,want_to_go,Want to go,1mSquE0pnDeBv3otPCuMkxC6wzss,vibe,
Thingstätte Heidelberg,"Thingstätte Heidelberg, 69121 Heidelberg, Germany",49.423845299999996,8.706536999999999,,https://www.google.com/maps?ftid=0x4797c10d24c50097:0x866fe90ac9cc4153,0x4797c10d24c50097:0x866fe90ac9cc4153,/g/1227jrmd,Zach J.,Want to go,1mSquE0pnDeBv3otPCuMkxC6wzss,📍,place,want_to_go,Want to go,1mSquE0pnDeBv3otPCuMkxC6wzss,vibe,
Tignes,"73320 Tignes, France",45.470698,6.9081303,"Skiing.  Val d ser, and Val Thoren",https://www.google.com/maps?ftid=0x47890c63287d7ebb:0x408ab2ae4baa8b0,0x47890c63287d7ebb:0x408ab2ae4baa8b0,/m/05g8rz,Zach J.,Want to go,1mSquE0pnDeBv3otPCuMkxC6wzss,📍,place,want_to_go,Want to go,1mSquE0pnDeBv3otPCuMkxC6wzss,vibe,
Tokyo Dome City,,35.704369299999996,139.75425099999998,,https://www.google.com/maps?ftid=0x60188c38bbfa1709:0x44298a802542c472,0x60188c38bbfa1709:0x44298a802542c472,,Zach J.,Want to go,1mSquE0pnDeBv3otPCuMkxC6wzss,📍,place,want_to_go,Want to go,1mSquE0pnDeBv3otPCuMkxC6wzss,vibe,
Toubkal,,31.060071899999997,-7.9147482,,https://www.google.com/maps?ftid=0xdb00cfde4f96ed1:0x7934f4c42445d7f9,0xdb00cfde4f96ed1:0x7934f4c42445d7f9,,Zach J.,Want to go,1mSquE0pnDeBv3otPCuMkxC6wzss,📍,place,want_to_go,Want to go,1mSquE0pnDeBv3otPCuMkxC6wzss,vibe,
Toyokan Bowl,,49.2705445,-123.1477321,,https://www.google.com/maps?ftid=0x548673003542bc15:0x75ab1abc7c2280f9,0x548673003542bc15:0x75ab1abc7c2280f9,,Zach J.,Want to go,1mSquE0pnDeBv3otPCuMkxC6wzss,📍,place,want_to_go,Want to go,1mSquE0pnDeBv3otPCuMkxC6wzss,vibe,
Trinity Site,"New Mexico 87102, United States",33.677333,-106.4754025,,https://www.google.com/maps?ftid=0x871ff438236092fb:0x1ae8f5bfe12a526d,0x871ff438236092fb:0x1ae8f5bfe12a526d,/m/06_2q0q,Zach J.,Want to go,1mSquE0pnDeBv3otPCuMkxC6wzss,📍,place,want_to_go,Want to go,1mSquE0pnDeBv3otPCuMkxC6wzss,vibe,
Tropical Islands,"Tropical-Islands-Allee 1, 15910 Krausnick, Germany",52.038993,13.748653,Massive Water park,https://www.google.com/maps?ftid=0x47a804edb23f5915:0x20148692752fbd91,0x47a804edb23f5915:0x20148692752fbd91,/m/066tl8,Zach J.,Want to go,1mSquE0pnDeBv3otPCuMkxC6wzss,📍,place,want_to_go,Want to go,1mSquE0pnDeBv3otPCuMkxC6wzss,vibe,
Truth or Consequences,"Truth or Consequences, NM, USA",33.1284047,-107.2528069,,https://www.google.com/maps?ftid=0x86df822e517366db:0xa0256938d20946,0x86df822e517366db:0xa0256938d20946,/m/0xwm0,Zach J.,Want to go,1mSquE0pnDeBv3otPCuMkxC6wzss,📍,place,want_to_go,Want to go,1mSquE0pnDeBv3otPCuMkxC6wzss,vibe,
Tulum,"Zona Hotelera Tulum, 77765 Tulum, Quintana Roo, Mexico",20.2149504,-87.4294212,,https://www.google.com/maps?ftid=0x8f4fd17d16293265:0xff68d6fca492c963,0x8f4fd17d16293265:0xff68d6fca492c963,/m/01zsw8,Zach J.,Want to go,1mSquE0pnDeBv3otPCuMkxC6wzss,📍,place,want_to_go,Want to go,1mSquE0pnDeBv3otPCuMkxC6wzss,vibe,
Tung Choi St,Mong Kok,22.3210731,114.1701978,,https://www.google.com/maps?ftid=0x340400c8643dd6bd:0x6a2c0621daaea280,0x340400c8643dd6bd:0x6a2c0621daaea280,/m/0b6724,Zach J.,Want to go,1mSquE0pnDeBv3otPCuMkxC6wzss,📍,place,want_to_go,Want to go,1mSquE0pnDeBv3otPCuMkxC6wzss,vibe,
Twemco Industries Limited,,22.3225977,114.16376509999999,Buy a flip clock.,https://www.google.com/maps?ftid=0x340400b71479eb79:0xd074f3c6965f3fef,0x340400b71479eb79:0xd074f3c6965f3fef,,Zach J.,Want to go,1mSquE0pnDeBv3otPCuMkxC6wzss,📍,place,want_to_go,Want to go,1mSquE0pnDeBv3otPCuMkxC6wzss,vibe,
U-Haul Moving & Storage of Calgary,"6315 36 St SE, Calgary, AB T2C 2C4",50.997174,-113.9811299,,https://www.google.com/maps?ftid=0x53717b93350d5853:0xfcd4c08361d88234,0x53717b93350d5853:0xfcd4c08361d88234,/g/11h0b7dc_4,Zach J.,Want to go,1mSquE0pnDeBv3otPCuMkxC6wzss,📍,place,want_to_go,Want to go,1mSquE0pnDeBv3otPCuMkxC6wzss,vibe,
Ulleungdo,,37.5063677,130.8571536,,https://www.google.com/maps?ftid=0x5fe0450f9bc93579:0x5fb137bda35e5cb1,0x5fe0450f9bc93579:0x5fb137bda35e5cb1,/m/0431p5,Zach J.,Want to go,1mSquE0pnDeBv3otPCuMkxC6wzss,📍,place,want_to_go,Want to go,1mSquE0pnDeBv3otPCuMkxC6wzss,vibe,
"Unnamed place (50.50210, 4.10991)",,50.5021007,4.1099093,,https://www.google.com/maps?ftid=0x47c249bc0185c597:0x9f1ad65b2df3e6eb,0x47c249bc0185c597:0x9f1ad65b2df3e6eb,,Zach J.,Want to go,1mSquE0pnDeBv3otPCuMkxC6wzss,📍,place,want_to_go,Want to go,1mSquE0pnDeBv3otPCuMkxC6wzss,vibe,
Unnamed Road,"Unnamed Road, Oshawa, ON L1J 1N6, Canada",43.868669399999995,-78.859657,,https://www.google.com/maps?ftid=0x89d51d421fc235e7:0xb874a2db6a97c3cf,0x89d51d421fc235e7:0xb874a2db6a97c3cf,/g/11ghznwbbn,Zach J.,Want to go,1mSquE0pnDeBv3otPCuMkxC6wzss,📍,place,want_to_go,Want to go,1mSquE0pnDeBv3otPCuMkxC6wzss,vibe,
USS Constitution,"93 Chelsea St, Charlestown, MA 02129, United States",42.3724718,-71.0566113,,https://www.google.com/maps?ftid=0x89e371c1d3418353:0x569bc2c0a80c542c,0x89e371c1d3418353:0x569bc2c0a80c542c,/m/07y14,Zach J.,Want to go,1mSquE0pnDeBv3otPCuMkxC6wzss,📍,place,want_to_go,Want to go,1mSquE0pnDeBv3otPCuMkxC6wzss,vibe,
Uyuni Salt Flat,"Uyuni Salt Flat, Bolivia",-20.1337772,-67.48913449999999,,https://www.google.com/maps?ftid=0x915584b325e18bd7:0xce4183a158278b6,0x915584b325e18bd7:0xce4183a158278b6,/m/01cbcv,Zach J.,Want to go,1mSquE0pnDeBv3otPCuMkxC6wzss,📍,place,want_to_go,Want to go,1mSquE0pnDeBv3otPCuMkxC6wzss,vibe,
Val-d'Isère,"73150 Val-d'Isère, France",45.449069099999996,6.9797272999999995,,https://www.google.com/maps?ftid=0x47890909fd5ffb93:0x408ab2ae4baa830,0x47890909fd5ffb93:0x408ab2ae4baa830,/m/01z38z,Zach J.,Want to go,1mSquE0pnDeBv3otPCuMkxC6wzss,📍,place,want_to_go,Want to go,1mSquE0pnDeBv3otPCuMkxC6wzss,vibe,
Venediger Lodge,"Marktstraße 64, 5740 Neukirchen am Großvenediger, Austria",47.253723699999995,12.2785491,,https://www.google.com/maps?ftid=0x4777ba865b9e25a3:0x65d58e33b6b7219f,0x4777ba865b9e25a3:0x65d58e33b6b7219f,/g/11hzsvplsn,Zach J.,Want to go,1mSquE0pnDeBv3otPCuMkxC6wzss,📍,place,want_to_go,Want to go,1mSquE0pnDeBv3otPCuMkxC6wzss,vibe,
Vieil La Turbie,"15-19 Rue Droite, 06320 La Turbie, France",43.7457753,7.4004696,,https://www.google.com/maps?ftid=0x12cdc3f4c9f9bd69:0x36ec4a4120129f2e,0x12cdc3f4c9f9bd69:0x36ec4a4120129f2e,/g/11jpwsrgkr,Zach J.,Want to go,1mSquE0pnDeBv3otPCuMkxC6wzss,📍,place,want_to_go,Want to go,1mSquE0pnDeBv3otPCuMkxC6wzss,vibe,
Visites guidées au village médiéval,"Pl. des 2 Frères, 06190 Roquebrune-Cap-Martin, France",43.7651919,7.4588608,,https://www.google.com/maps?ftid=0x12cde959e2a2640d:0xba5a5e1328794557,0x12cde959e2a2640d:0xba5a5e1328794557,/g/11stgqx484,Zach J.,Want to go,1mSquE0pnDeBv3otPCuMkxC6wzss,📍,place,want_to_go,Want to go,1mSquE0pnDeBv3otPCuMkxC6wzss,vibe,
Volk's Electric Railway,,50.8189618,-0.13293159999999998,,https://www.google.com/maps?ftid=0x4875858c039b31d7:0xd9f871ade82cfc60,0x4875858c039b31d7:0xd9f871ade82cfc60,,Zach J.,Want to go,1mSquE0pnDeBv3otPCuMkxC6wzss,📍,place,want_to_go,Want to go,1mSquE0pnDeBv3otPCuMkxC6wzss,vibe,
Vorderer Gosausee,"Austria, Gosauseen, 4825",47.5282948,13.5070648,,https://www.google.com/maps?ftid=0x4776cb604e6fb2b7:0x27a88c5e97f70f10,0x4776cb604e6fb2b7:0x27a88c5e97f70f10,/g/11gv12f047,Zach J.,Want to go,1mSquE0pnDeBv3otPCuMkxC6wzss,📍,place,want_to_go,Want to go,1mSquE0pnDeBv3otPCuMkxC6wzss,vibe,
Wan Chai,Wan Chai,22.276021999999998,114.17514709999999,,https://www.google.com/maps?ftid=0x3404005b7e61fe79:0x242571e635c3d8ee,0x3404005b7e61fe79:0x242571e635c3d8ee,/m/015_m0,Zach J.,Want to go,1mSquE0pnDeBv3otPCuMkxC6wzss,📍,place,want_to_go,Want to go,1mSquE0pnDeBv3otPCuMkxC6wzss,vibe,
War,"War, WV 24892, USA",37.3012246,-81.69094249999999,,https://www.google.com/maps?ftid=0x884fc88807d80a95:0x41b845346c77d531,0x884fc88807d80a95:0x41b845346c77d531,/m/010xt5,Zach J.,Want to go,1mSquE0pnDeBv3otPCuMkxC6wzss,📍,place,want_to_go,Want to go,1mSquE0pnDeBv3otPCuMkxC6wzss,vibe,
Wascana Trails,"Lumsden, SK S0G 3C0",50.5563065,-104.8463488,,https://www.google.com/maps?ftid=0x531c055a53538c11:0x59888fe94bd9851c,0x531c055a53538c11:0x59888fe94bd9851c,/m/03czdyb,Zach J.,Want to go,1mSquE0pnDeBv3otPCuMkxC6wzss,📍,place,want_to_go,Want to go,1mSquE0pnDeBv3otPCuMkxC6wzss,vibe,
Waterfalls Akchourاقشور,,35.2393737,-5.1773489999999995,,https://www.google.com/maps?ftid=0xd0b2c22260509bf:0xcdd5aa44f4ec081c,0xd0b2c22260509bf:0xcdd5aa44f4ec081c,,Zach J.,Want to go,1mSquE0pnDeBv3otPCuMkxC6wzss,📍,place,want_to_go,Want to go,1mSquE0pnDeBv3otPCuMkxC6wzss,vibe,
Wattana Panich,,13.7341798,100.5876535,,https://www.google.com/maps?ftid=0x30e29e49982ce2f9:0x38858b25983d26,0x30e29e49982ce2f9:0x38858b25983d26,,Zach J.,Want to go,1mSquE0pnDeBv3otPCuMkxC6wzss,📍,place,want_to_go,Want to go,1mSquE0pnDeBv3otPCuMkxC6wzss,vibe,
West Edmonton Mall,,53.5230471,-113.62274149999999,,https://www.google.com/maps?ftid=0x53a020573a8614db:0x8546a29e09b26fcb,0x53a020573a8614db:0x8546a29e09b26fcb,,Zach J.,Want to go,1mSquE0pnDeBv3otPCuMkxC6wzss,📍,place,want_to_go,Want to go,1mSquE0pnDeBv3otPCuMkxC6wzss,vibe,
Western Wall,Jerusalem,31.7767189,35.2345085,,https://www.google.com/maps?ftid=0x150329c939ceab8f:0x83ad5efed1777179,0x150329c939ceab8f:0x83ad5efed1777179,/m/0j_pp,Zach J.,Want to go,1mSquE0pnDeBv3otPCuMkxC6wzss,📍,place,want_to_go,Want to go,1mSquE0pnDeBv3otPCuMkxC6wzss,vibe,
Whittier,"Whittier, AK 99693, USA",60.7745903,-148.6858408,,https://www.google.com/maps?ftid=0x56b81ad99e929553:0xf6d71b0f8e5d2ee2,0x56b81ad99e929553:0xf6d71b0f8e5d2ee2,/m/01z23nx,Zach J.,Want to go,1mSquE0pnDeBv3otPCuMkxC6wzss,📍,place,want_to_go,Want to go,1mSquE0pnDeBv3otPCuMkxC6wzss,vibe,
Wild Wadi Waterpark Jumeirah,Jumeirah St - opp. Burj Al Arab - Umm Suqeim - Umm Suqeim 3 - Dubai - United Arab Emirates,25.139409,55.188843999999996,,https://www.google.com/maps?ftid=0x3e5f6a511ed4b287:0xe1a35f0efa60846c,0x3e5f6a511ed4b287:0xe1a35f0efa60846c,/m/03nyg2,Zach J.,Want to go,1mSquE0pnDeBv3otPCuMkxC6wzss,📍,place,want_to_go,Want to go,1mSquE0pnDeBv3otPCuMkxC6wzss,vibe,
William Rockefeller Mausoleum,"Sleepy Hollow, NY 10591, United States",41.0975919,-73.85967389999999,,https://www.google.com/maps?ftid=0x89c2c01959d57d99:0x8fcae19ce541a32a,0x89c2c01959d57d99:0x8fcae19ce541a32a,/g/11g01_3dlw,Zach J.,Want to go,1mSquE0pnDeBv3otPCuMkxC6wzss,📍,place,want_to_go,Want to go,1mSquE0pnDeBv3otPCuMkxC6wzss,vibe,
Wonderspaces Arizona,"7014 E Camelback Rd #584, Scottsdale, AZ 85251, United States",33.5039503,-111.9300178,,https://www.google.com/maps?ftid=0x872b0bc84620022b:0x314d224399749a79,0x872b0bc84620022b:0x314d224399749a79,/g/11h0ymryn9,Zach J.,Want to go,1mSquE0pnDeBv3otPCuMkxC6wzss,📍,place,want_to_go,Want to go,1mSquE0pnDeBv3otPCuMkxC6wzss,vibe,
Wong Tai St,"Wong Tai St, Tai Kok Tsui",22.3223228,114.1598961,,https://www.google.com/maps?ftid=0x340400b099eb717d:0xabc6cca07d2873ab,0x340400b099eb717d:0xabc6cca07d2873ab,/g/1jky5dlcf,Zach J.,Want to go,1mSquE0pnDeBv3otPCuMkxC6wzss,📍,place,want_to_go,Want to go,1mSquE0pnDeBv3otPCuMkxC6wzss,vibe,
Woody House,"19 Hing Wan Street, 19 Hing Wan St, Wan Chai",22.2736387,114.1743877,,https://www.google.com/maps?ftid=0x340401005729f757:0xfe5bec123685440e,0x340401005729f757:0xfe5bec123685440e,/g/11y7dh3j7s,Zach J.,Want to go,1mSquE0pnDeBv3otPCuMkxC6wzss,📍,place,want_to_go,Want to go,1mSquE0pnDeBv3otPCuMkxC6wzss,vibe,
Woolly Mammoth,,41.9760667,-87.66889719999999,,https://www.google.com/maps?ftid=0x880fd18816fe892b:0xda968b5d89a25d0f,0x880fd18816fe892b:0xda968b5d89a25d0f,,Zach J.,Want to go,1mSquE0pnDeBv3otPCuMkxC6wzss,📍,place,want_to_go,Want to go,1mSquE0pnDeBv3otPCuMkxC6wzss,vibe,
World of Coca-Cola,"121 Baker St NW, Atlanta, GA 30313, United States",33.7625564,-84.39243599999999,,https://www.google.com/maps?ftid=0x88f5047eecc828f3:0x4401b29a011fa7c9,0x88f5047eecc828f3:0x4401b29a011fa7c9,/m/04_mbv,Zach J.,Want to go,1mSquE0pnDeBv3otPCuMkxC6wzss,📍,place,want_to_go,Want to go,1mSquE0pnDeBv3otPCuMkxC6wzss,vibe,
World's Largest Dinosaur,,51.467269699999996,-112.70885849999999,,https://www.google.com/maps?ftid=0x537312889e227adf:0xcc98d7bb01c92e9b,0x537312889e227adf:0xcc98d7bb01c92e9b,,Zach J.,Want to go,1mSquE0pnDeBv3otPCuMkxC6wzss,📍,place,want_to_go,Want to go,1mSquE0pnDeBv3otPCuMkxC6wzss,vibe,
WWII Coast Artillery Search Light Post (East),"NW Marine Dr, Vancouver, BC V6T 1V7",49.2738424,-123.25657009999999,,https://www.google.com/maps?ftid=0x548672afe6d1f62d:0x6f5a4a8b0432e168,0x548672afe6d1f62d:0x6f5a4a8b0432e168,/g/11gd4gvr0_,Zach J.,Want to go,1mSquE0pnDeBv3otPCuMkxC6wzss,📍,place,want_to_go,Want to go,1mSquE0pnDeBv3otPCuMkxC6wzss,vibe,
Yamagami Genji-gū,"Makino, Katori, Chiba 287-0033, Japan",35.880972799999995,140.4981449,,https://www.google.com/maps?ftid=0x6022f7efeee3d46d:0x60ed429a1415c3ca,0x6022f7efeee3d46d:0x60ed429a1415c3ca,/g/11glw94x12,Zach J.,Want to go,1mSquE0pnDeBv3otPCuMkxC6wzss,📍,place,want_to_go,Want to go,1mSquE0pnDeBv3otPCuMkxC6wzss,vibe,
Yellowknife,,62.4539717,-114.37178859999999,,https://www.google.com/maps?ftid=0x53d1f12ca34682c9:0xb4c137244371ef81,0x53d1f12ca34682c9:0xb4c137244371ef81,,Zach J.,Want to go,1mSquE0pnDeBv3otPCuMkxC6wzss,📍,place,want_to_go,Want to go,1mSquE0pnDeBv3otPCuMkxC6wzss,vibe,
Yokohama Manyo Club,"2 Chome-7-1 Shinko, Naka Ward, Yokohama, Kanagawa 231-0001, Japan",35.4559439,139.6382009,,https://www.google.com/maps?ftid=0x60185c5a250b178d:0x33cc04e3399ff8cd,0x60185c5a250b178d:0x33cc04e3399ff8cd,/g/1pp2vdt4g,Zach J.,Want to go,1mSquE0pnDeBv3otPCuMkxC6wzss,📍,place,want_to_go,Want to go,1mSquE0pnDeBv3otPCuMkxC6wzss,vibe,
Zamalek,"Zamalek, Cairo Governorate, Egypt",30.0609422,31.219708999999998,Area to visit,https://www.google.com/maps?ftid=0x145840e059d98225:0x91cb6f582e8b215c,0x145840e059d98225:0x91cb6f582e8b215c,/m/03qpf39,Zach J.,Want to go,1mSquE0pnDeBv3otPCuMkxC6wzss,📍,place,want_to_go,Want to go,1mSquE0pnDeBv3otPCuMkxC6wzss,vibe,
Zwolle,"Zwolle, Netherlands",52.5167747,6.083021899999999,https://youtu.be/eFf1UfVa8Lc,https://www.google.com/maps?ftid=0x47c7df209d12ecb1:0xcd0b5b2492dd3e8c,0x47c7df209d12ecb1:0xcd0b5b2492dd3e8c,/m/0f_qq,Zach J.,Want to go,1mSquE0pnDeBv3otPCuMkxC6wzss,📍,place,want_to_go,Want to go,1mSquE0pnDeBv3otPCuMkxC6wzss,vibe,
Çavuşin Lavanta Bahçesi,,38.6824759,34.8379373,,https://www.google.com/maps?ftid=0x152a67f6172b3e29:0xa89d77a17476b2fb,0x152a67f6172b3e29:0xa89d77a17476b2fb,,Zach J.,Want to go,1mSquE0pnDeBv3otPCuMkxC6wzss,📍,place,want_to_go,Want to go,1mSquE0pnDeBv3otPCuMkxC6wzss,vibe,
やきとん座豚,,35.7133506,139.7062526,,https://www.google.com/maps?ftid=0x60188d394e6d2407:0x9ee3274dbc501d4d,0x60188d394e6d2407:0x9ee3274dbc501d4d,,Zach J.,Want to go,1mSquE0pnDeBv3otPCuMkxC6wzss,📍,place,want_to_go,Want to go,1mSquE0pnDeBv3otPCuMkxC6wzss,vibe,
快活CLUB 成田ニュータウン店,"Japan, 〒286-0041 Chiba, Narita, Iidacho, 161-60 ※シダックス 成田ニュータウンクラブ店さん 跡地",35.7695028,140.2991327,,https://www.google.com/maps?ftid=0x60228b989b40cf6f:0xa43f7ee4a4e80e83,0x60228b989b40cf6f:0xa43f7ee4a4e80e83,/g/1vcjmcfy,Zach J.,Want to go,1mSquE0pnDeBv3otPCuMkxC6wzss,📍,place,want_to_go,Want to go,1mSquE0pnDeBv3otPCuMkxC6wzss,vibe,
Asouya Unagi (Main store),"I-4149, Katori, Chiba 287-0003, Japan",35.8985257,140.5050498,,https://www.google.com/maps?ftid=0x6022f7e4d32e5119:0x5886ccbf7f59561a,0x6022f7e4d32e5119:0x5886ccbf7f59561a,/g/1td69_b2,Zach J.,Want to go,1mSquE0pnDeBv3otPCuMkxC6wzss,🛍️,shop,want_to_go,Want to go,1mSquE0pnDeBv3otPCuMkxC6wzss,vibe,
Crown Surplus,"Canada, 1005 11 St SE, Calgary, AB T2G 3E9",51.0410383,-114.0369523,,https://www.google.com/maps?ftid=0x53717aaf19e0f851:0x3a92d83b74b160aa,0x53717aaf19e0f851:0x3a92d83b74b160aa,/g/1thx3ql4,Zach J.,Want to go,1mSquE0pnDeBv3otPCuMkxC6wzss,🛍️,shop,want_to_go,Want to go,1mSquE0pnDeBv3otPCuMkxC6wzss,vibe,
Cycle City Bike Shop & Repairs,,49.2843053,-123.11906839999999,,https://www.google.com/maps?ftid=0x5486716e39a608f1:0x92c933be86798190,0x5486716e39a608f1:0x92c933be86798190,,Zach J.,Want to go,1mSquE0pnDeBv3otPCuMkxC6wzss,🛍️,shop,want_to_go,Want to go,1mSquE0pnDeBv3otPCuMkxC6wzss,vibe,
Diddly Squat Farm Shop,"5-12 Chipping Norton Rd, Chadlington, Chipping Norton OX7 3PE, United Kingdom",51.9162713,-1.5416728,,https://www.google.com/maps?ftid=0x4876d34126446883:0x2d6edf1f5dec20cf,0x4876d34126446883:0x2d6edf1f5dec20cf,/g/11ddxp7zy2,Zach J.,Want to go,1mSquE0pnDeBv3otPCuMkxC6wzss,🛍️,shop,want_to_go,Want to go,1mSquE0pnDeBv3otPCuMkxC6wzss,vibe,
GENERAL STORE RAILYARD 秋葉原,"1 Chome-17-6 Sotokanda, Chiyoda City, Tokyo 101-0021, Japan",35.698132799999996,139.7747761,Train shit,https://www.google.com/maps?ftid=0x60188d48d882c475:0xe2f9ff7adff3f6c7,0x60188d48d882c475:0xe2f9ff7adff3f6c7,/g/11q9j0sp_d,Zach J.,Want to go,1mSquE0pnDeBv3otPCuMkxC6wzss,🛍️,shop,want_to_go,Want to go,1mSquE0pnDeBv3otPCuMkxC6wzss,vibe,
Housing Works Bookstore,,40.7246035,-73.99657549999999,,https://www.google.com/maps?ftid=0x89c2598f0b63a449:0xd48bfa18a7914de3,0x89c2598f0b63a449:0xd48bfa18a7914de3,,Zach J.,Want to go,1mSquE0pnDeBv3otPCuMkxC6wzss,🛍️,shop,want_to_go,Want to go,1mSquE0pnDeBv3otPCuMkxC6wzss,vibe,
Lincoln's Waffle Shop,"504 10th St NW, Washington, DC 20004, United States",38.8965348,-77.0262047,,https://www.google.com/maps?ftid=0x89b7b790c1f654af:0xcf7a92cab429d586,0x89b7b790c1f654af:0xcf7a92cab429d586,/g/1tx_77j6,Zach J.,Want to go,1mSquE0pnDeBv3otPCuMkxC6wzss,🛍️,shop,want_to_go,Want to go,1mSquE0pnDeBv3otPCuMkxC6wzss,vibe,
Towers Armory LLC,,41.6239942,-83.49673949999999,,https://www.google.com/maps?ftid=0x883b842e322b1523:0x1af860b64b72b90d,0x883b842e322b1523:0x1af860b64b72b90d,,Zach J.,Want to go,1mSquE0pnDeBv3otPCuMkxC6wzss,🛍️,shop,want_to_go,Want to go,1mSquE0pnDeBv3otPCuMkxC6wzss,vibe,
Vennie's Sub Shop,"1692 Venables St, Vancouver, BC V5L 2H2",49.276455399999996,-123.0699751,,https://www.google.com/maps?ftid=0x5486712069461663:0x4793ad5b433d66c0,0x5486712069461663:0x4793ad5b433d66c0,/g/11q1nvmwr0,Zach J.,Want to go,1mSquE0pnDeBv3otPCuMkxC6wzss,🛍️,shop,want_to_go,Want to go,1mSquE0pnDeBv3otPCuMkxC6wzss,vibe,
Yusha Kobo Keyboard Specialty Shop,,35.704004399999995,139.7734149,,https://www.google.com/maps?ftid=0x60188ff181810271:0x3d38cba7abf6a095,0x60188ff181810271:0x3d38cba7abf6a095,,Zach J.,Want to go,1mSquE0pnDeBv3otPCuMkxC6wzss,🛍️,shop,want_to_go,Want to go,1mSquE0pnDeBv3otPCuMkxC6wzss,vibe,
Abbey Court Hostel,"29 Bachelors Walk, North City, Dublin, D01 AX90, Ireland",53.347436599999995,-6.2603459,,https://www.google.com/maps?ftid=0x48670e84931db7fb:0x911e8306b4ead6c6,0x48670e84931db7fb:0x911e8306b4ead6c6,/g/1trsxdsv,Zach J.,Want to go,1mSquE0pnDeBv3otPCuMkxC6wzss,🏨,stay,want_to_go,Want to go,1mSquE0pnDeBv3otPCuMkxC6wzss,vibe,
Back Forty Glamping,"145166, Side Rd 16, Meaford, ON N4L 1W5",44.5809784,-80.7010549,,https://www.google.com/maps?ftid=0x882a071d7b48eb4f:0x93edd8aa4f68d3bc,0x882a071d7b48eb4f:0x93edd8aa4f68d3bc,/g/11q2s1sc1v,Zach J.,Want to go,1mSquE0pnDeBv3otPCuMkxC6wzss,🏨,stay,want_to_go,Want to go,1mSquE0pnDeBv3otPCuMkxC6wzss,vibe,
Big White Ski Resort,,49.7313098,-118.9439326,,https://www.google.com/maps?ftid=0x537d9effb7815735:0x1655b72a683900cc,0x537d9effb7815735:0x1655b72a683900cc,,Zach J.,Want to go,1mSquE0pnDeBv3otPCuMkxC6wzss,🏨,stay,want_to_go,Want to go,1mSquE0pnDeBv3otPCuMkxC6wzss,vibe,
Boutech Jiantan Hotel,"No. 250號, Section 4, Chengde Rd, Shilin District, Taipei City, Taiwan 111",25.089168299999997,121.52043669999999,,https://www.google.com/maps?ftid=0x3442af3188e50269:0x31ed3d831557a973,0x3442af3188e50269:0x31ed3d831557a973,/g/11tnkbvpjs,Zach J.,Want to go,1mSquE0pnDeBv3otPCuMkxC6wzss,🏨,stay,want_to_go,Want to go,1mSquE0pnDeBv3otPCuMkxC6wzss,vibe,
Capsule Hotel The Inn,,35.6062535,140.1171756,,https://www.google.com/maps?ftid=0x602284b49719ff81:0x32bbe296fe7d0f15,0x602284b49719ff81:0x32bbe296fe7d0f15,,Zach J.,Want to go,1mSquE0pnDeBv3otPCuMkxC6wzss,🏨,stay,want_to_go,Want to go,1mSquE0pnDeBv3otPCuMkxC6wzss,vibe,
Check Inn HK,"Hong Kong, Wan Chai, Hennessy Rd, 269號, Kwong Wah Mansion, 2/F",22.2782412,114.17698809999999,,https://www.google.com/maps?ftid=0x3404005a4be120b3:0x7475f88d77fa21bc,0x3404005a4be120b3:0x7475f88d77fa21bc,,Zach J.,Want to go,1mSquE0pnDeBv3otPCuMkxC6wzss,🏨,stay,want_to_go,Want to go,1mSquE0pnDeBv3otPCuMkxC6wzss,vibe,
Del Coronado Hotel,"1500 Orange Ave, Coronado, CA 92118, United States",32.6805447,-117.178224,Some Like it Hot Location,https://www.google.com/maps?ftid=0x80deaccdc39a7f7d:0x76255550bd6bac47,0x80deaccdc39a7f7d:0x76255550bd6bac47,/m/04rfpv,Zach J.,Want to go,1mSquE0pnDeBv3otPCuMkxC6wzss,🏨,stay,want_to_go,Want to go,1mSquE0pnDeBv3otPCuMkxC6wzss,vibe,
Dolamanco Hotel,"No. 73號, Section 3, Xinyi Road, Da’an District, Taipei City, Taiwan 106",25.0337197,121.5369702,,https://www.google.com/maps?ftid=0x3442a97fe2719bd7:0x77a0f4f7149d914f,0x3442a97fe2719bd7:0x77a0f4f7149d914f,/g/1tcx4q65,Zach J.,Want to go,1mSquE0pnDeBv3otPCuMkxC6wzss,🏨,stay,want_to_go,Want to go,1mSquE0pnDeBv3otPCuMkxC6wzss,vibe,
Faro Sun Life Hostel,"R. Fernando Pessoa 120, 8005-227 Faro, Portugal",37.027327299999996,-7.9742435,,https://www.google.com/maps?ftid=0xd054d4ced055555:0x9f1a795c62b24d07,0xd054d4ced055555:0x9f1a795c62b24d07,/g/11hq5x6kgx,Zach J.,Want to go,1mSquE0pnDeBv3otPCuMkxC6wzss,🏨,stay,want_to_go,Want to go,1mSquE0pnDeBv3otPCuMkxC6wzss,vibe,
Grids Tokyo Ueno Hotel & Hostel,"7 Chome-10-4 Ueno, Taito City, Tokyo 110-0005, Japan",35.715280899999996,139.7792598,,https://www.google.com/maps?ftid=0x60188e9bc023dc91:0x8808472a616a4ac9,0x60188e9bc023dc91:0x8808472a616a4ac9,/g/11h11kytml,Zach J.,Want to go,1mSquE0pnDeBv3otPCuMkxC6wzss,🏨,stay,want_to_go,Want to go,1mSquE0pnDeBv3otPCuMkxC6wzss,vibe,
Harbour View Hotel,"No. 108號, Xiao'er Rd, Ren’ai District, Keelung City, Taiwan 200",25.130598799999998,121.7408992,,https://www.google.com/maps?ftid=0x345d4e150b384c6d:0xaf73f8e0d0278ad5,0x345d4e150b384c6d:0xaf73f8e0d0278ad5,/g/1w8w7rd0,Zach J.,Want to go,1mSquE0pnDeBv3otPCuMkxC6wzss,🏨,stay,want_to_go,Want to go,1mSquE0pnDeBv3otPCuMkxC6wzss,vibe,
Hop Inn 撲撲旅社,"5/F, Lyton Building, 36-38 Mody Rd, Tsim Sha Tsui, Hong Kong",22.297038999999998,114.17484999999999,,https://www.google.com/maps?ftid=0x340400ee1e0ae3e5:0xb2f779fc4b015e2d,0x340400ee1e0ae3e5:0xb2f779fc4b015e2d,/g/11bc965xnl,Zach J.,Want to go,1mSquE0pnDeBv3otPCuMkxC6wzss,🏨,stay,want_to_go,Want to go,1mSquE0pnDeBv3otPCuMkxC6wzss,vibe,
Hostel DEN,"Japan, 〒103-0023 Tokyo, Chuo City, Nihonbashihoncho, 4 Chome−13−8 Hostel DEN",35.6910817,139.7766406,,https://www.google.com/maps?ftid=0x60188eab38a1b89f:0x623b657045e91c3d,0x60188eab38a1b89f:0x623b657045e91c3d,/g/11f3wmg14m,Zach J.,Want to go,1mSquE0pnDeBv3otPCuMkxC6wzss,🏨,stay,want_to_go,Want to go,1mSquE0pnDeBv3otPCuMkxC6wzss,vibe,
Hostel Fish,"1217 20th St, Denver, CO 80202, United States",39.752700399999995,-104.99189539999999,,https://www.google.com/maps?ftid=0x876c78dbf8886b6b:0x5870f8103be7cbe5,0x876c78dbf8886b6b:0x5870f8103be7cbe5,/g/11b807sp1_,Zach J.,Want to go,1mSquE0pnDeBv3otPCuMkxC6wzss,🏨,stay,want_to_go,Want to go,1mSquE0pnDeBv3otPCuMkxC6wzss,vibe,
Hostel LOTTE Heidelberg (Altstadt),"Burgweg 3, 69117 Heidelberg, Germany",49.4113414,8.7122172,,https://www.google.com/maps?ftid=0x4797c1077860f381:0xca9e27859c3757b8,0x4797c1077860f381:0xca9e27859c3757b8,/g/1td5w2_s,Zach J.,Want to go,1mSquE0pnDeBv3otPCuMkxC6wzss,🏨,stay,want_to_go,Want to go,1mSquE0pnDeBv3otPCuMkxC6wzss,vibe,
Hotel 3k Faro Aeroporto,"Estrada Do Aeroporto EN125 10, 8005-146 Faro, Portugal",37.0263865,-7.9688637,,https://www.google.com/maps?ftid=0xd054d5263f1fa39:0x7f6f08e007a4379c,0xd054d5263f1fa39:0x7f6f08e007a4379c,/g/11bbrn5xsg,Zach J.,Want to go,1mSquE0pnDeBv3otPCuMkxC6wzss,🏨,stay,want_to_go,Want to go,1mSquE0pnDeBv3otPCuMkxC6wzss,vibe,
Hotel Metropole,,43.740932099999995,7.4279326,,https://www.google.com/maps?ftid=0x12cdc27d550de85d:0x2588b6c451e81dad,0x12cdc27d550de85d:0x2588b6c451e81dad,,Zach J.,Want to go,1mSquE0pnDeBv3otPCuMkxC6wzss,🏨,stay,want_to_go,Want to go,1mSquE0pnDeBv3otPCuMkxC6wzss,vibe,
Manitou Springs Resort and Mineral Spa,"302 MacLachlan Ave, Manitou Beach, SK S0K 4T1",51.720719599999995,-105.4448271,,https://www.google.com/maps?ftid=0x53034d74868d50cf:0x1fcb85ff5e4e89df,0x53034d74868d50cf:0x1fcb85ff5e4e89df,/g/1xgzbfm3,Zach J.,Want to go,1mSquE0pnDeBv3otPCuMkxC6wzss,🏨,stay,want_to_go,Want to go,1mSquE0pnDeBv3otPCuMkxC6wzss,vibe,
Meander Taipei Hostel 台北漫步旅店|休息480元起| 近西門電影街| 西門徒步區| 西門錢櫃好樂迪| 超大交誼空間,"No. 163號, Chengdu Rd, Wanhua District, Taipei City, Taiwan 108",25.0438561,121.50249579999999,,https://www.google.com/maps?ftid=0x3442a906290fc6ef:0xfb8634fc5ba0857e,0x3442a906290fc6ef:0xfb8634fc5ba0857e,/g/1q5bmx71p,Zach J.,Want to go,1mSquE0pnDeBv3otPCuMkxC6wzss,🏨,stay,want_to_go,Want to go,1mSquE0pnDeBv3otPCuMkxC6wzss,vibe,
Microtel Inn and Suites by Wyndham Portage La Prairie,"5100 Crescent Rd W, Portage la Prairie, MB R1N 4C3",49.959459599999995,-98.3222215,,https://www.google.com/maps?ftid=0x52e9c600372cbcf1:0x749cccc8443f50dd,0x52e9c600372cbcf1:0x749cccc8443f50dd,/g/11flgw6w3b,Zach J.,Want to go,1mSquE0pnDeBv3otPCuMkxC6wzss,🏨,stay,want_to_go,Want to go,1mSquE0pnDeBv3otPCuMkxC6wzss,vibe,
Novotel Monte Carlo Hotel,,43.738962699999995,7.4217979,,https://www.google.com/maps?ftid=0x12cdc28a28e267c3:0x48f0fdf017608f6e,0x12cdc28a28e267c3:0x48f0fdf017608f6e,,Zach J.,Want to go,1mSquE0pnDeBv3otPCuMkxC6wzss,🏨,stay,want_to_go,Want to go,1mSquE0pnDeBv3otPCuMkxC6wzss,vibe,
PILOT Design Hostel & Bar,"R. do Gen. Silveira 11, 4050-448 Porto, Portugal",41.1501479,-8.614830399999999,,https://www.google.com/maps?ftid=0xd2464fd402ddf51:0xf14574f1143a9eb5,0xd2464fd402ddf51:0xf14574f1143a9eb5,/g/11xf8kltf,Zach J.,Want to go,1mSquE0pnDeBv3otPCuMkxC6wzss,🏨,stay,want_to_go,Want to go,1mSquE0pnDeBv3otPCuMkxC6wzss,vibe,
Ryokan Hakone Ginyu,"100-1 Miyanoshita, Hakone, Ashigarashimo District, Kanagawa 250-0404, Japan",35.2431088,139.0627308,,https://www.google.com/maps?ftid=0x6019a23d752bff27:0xf8b1f3fde6b12a64,0x6019a23d752bff27:0xf8b1f3fde6b12a64,/g/1v6wpctg,Zach J.,Want to go,1mSquE0pnDeBv3otPCuMkxC6wzss,🏨,stay,want_to_go,Want to go,1mSquE0pnDeBv3otPCuMkxC6wzss,vibe,
Shinjuku Kuyakusho-mae Capsule Hotel,"Japan, 〒160-0021 Tokyo, Shinjuku City, Kabukicho, 1 Chome−2−5 東陽ビル 3F",35.6937411,139.7040213,,https://www.google.com/maps?ftid=0x60188cd9783c5787:0xe11f5b8cee9062f6,0x60188cd9783c5787:0xe11f5b8cee9062f6,/g/1tgz5gxh,Zach J.,Want to go,1mSquE0pnDeBv3otPCuMkxC6wzss,🏨,stay,want_to_go,Want to go,1mSquE0pnDeBv3otPCuMkxC6wzss,vibe,
The Dog River Hotel,"120 Main St, Rouleau, SK S0G 4H0",50.1894999,-104.9058932,,https://www.google.com/maps?ftid=0x53194d0ec946283d:0x89614cfacae5b3ac,0x53194d0ec946283d:0x89614cfacae5b3ac,/g/11t6y9mkzf,Zach J.,Want to go,1mSquE0pnDeBv3otPCuMkxC6wzss,🏨,stay,want_to_go,Want to go,1mSquE0pnDeBv3otPCuMkxC6wzss,vibe,
Walk in Hostel Faro Airport,"R. António Ascensão 1, 8005-227 Faro, Portugal",37.023511899999995,-7.972032899999999,,https://www.google.com/maps?ftid=0xd054d6d0b7d859f:0x509fc6895af06837,0xd054d6d0b7d859f:0x509fc6895af06837,/g/11w2fzzjfm,Zach J.,Want to go,1mSquE0pnDeBv3otPCuMkxC6wzss,🏨,stay,want_to_go,Want to go,1mSquE0pnDeBv3otPCuMkxC6wzss,vibe,
Avila Hot Springs,,35.1808605,-120.7031074,,https://www.google.com/maps?ftid=0x80ecf78e9b003edd:0xe037d3e7ad27a0b3,0x80ecf78e9b003edd:0xe037d3e7ad27a0b3,,Zach J.,Want to go,1mSquE0pnDeBv3otPCuMkxC6wzss,🌊,water,want_to_go,Want to go,1mSquE0pnDeBv3otPCuMkxC6wzss,vibe,
Blue Lagoon,"Blue Lagoon, 241, Iceland",63.879078,-22.445296,,https://www.google.com/maps?ftid=0x48d61d766b978a7f:0xc4e555ca1ef80f94,0x48d61d766b978a7f:0xc4e555ca1ef80f94,/g/12hr29dqg,Zach J.,Want to go,1mSquE0pnDeBv3otPCuMkxC6wzss,🌊,water,want_to_go,Want to go,1mSquE0pnDeBv3otPCuMkxC6wzss,vibe,
Clear Water Bay,"Clear Water Bay, Hong Kong",22.3207164,114.2713158,,https://www.google.com/maps?ftid=0x340403f324a97f77:0x4d488ecc4b81b6dc,0x340403f324a97f77:0x4d488ecc4b81b6dc,/g/12xq7v8ny,Zach J.,Want to go,1mSquE0pnDeBv3otPCuMkxC6wzss,🌊,water,want_to_go,Want to go,1mSquE0pnDeBv3otPCuMkxC6wzss,vibe,
Funaoka Onsen,"82-1 Murasakino Minamifunaokacho, Kita Ward, Kyoto, 603-8225, Japan",35.037039899999996,135.7446501,,https://www.google.com/maps?ftid=0x600107fae0a8b7e5:0x53b7bd08d922a3e8,0x600107fae0a8b7e5:0x53b7bd08d922a3e8,/g/1236sst2,Zach J.,Want to go,1mSquE0pnDeBv3otPCuMkxC6wzss,🌊,water,want_to_go,Want to go,1mSquE0pnDeBv3otPCuMkxC6wzss,vibe,
Glenwood Springs Hot Springs Pool,"407 24th Street, Glenwood Springs, CO 81601, United States",39.5495753,-107.3235297,,https://www.google.com/maps?ftid=0x8741090064d004af:0x92c491e8dd2e6056,0x8741090064d004af:0x92c491e8dd2e6056,/g/11vqs7skyv,Zach J.,Want to go,1mSquE0pnDeBv3otPCuMkxC6wzss,🌊,water,want_to_go,Want to go,1mSquE0pnDeBv3otPCuMkxC6wzss,vibe,
Grandma's Scones,"B2/F, Sogo, 555 Hennessy Rd, Causeway Bay",22.2804272,114.18430319999999,,https://www.google.com/maps?ftid=0x340401bebbe1eb91:0x3a647645189f5a71,0x340401bebbe1eb91:0x3a647645189f5a71,/g/11ldwj03jr,Zach J.,Want to go,1mSquE0pnDeBv3otPCuMkxC6wzss,🌊,water,want_to_go,Want to go,1mSquE0pnDeBv3otPCuMkxC6wzss,vibe,
Lake Pontchartrain Railroad Trestle,,30.173348599999997,-89.8601429,,https://www.google.com/maps?ftid=0x889dfd04c13751db:0x8ddf4ed1718c9760,0x889dfd04c13751db:0x8ddf4ed1718c9760,,Zach J.,Want to go,1mSquE0pnDeBv3otPCuMkxC6wzss,🌊,water,want_to_go,Want to go,1mSquE0pnDeBv3otPCuMkxC6wzss,vibe,
Lower Joffre Lake,"Squamish-Lillooet C, BC V0N 2K0",50.367770199999995,-122.4982369,,https://www.google.com/maps?ftid=0x5480c8c4bf215ce9:0xe7f6d402364ef491,0x5480c8c4bf215ce9:0xe7f6d402364ef491,/g/11c1nycl4p,Zach J.,Want to go,1mSquE0pnDeBv3otPCuMkxC6wzss,🌊,water,want_to_go,Want to go,1mSquE0pnDeBv3otPCuMkxC6wzss,vibe,
Mývatn Nature Baths,,65.63089459999999,-16.847611699999998,,https://www.google.com/maps?ftid=0x48cd9f011f590387:0x1023994a32c08ded,0x48cd9f011f590387:0x1023994a32c08ded,,Zach J.,Want to go,1mSquE0pnDeBv3otPCuMkxC6wzss,🌊,water,want_to_go,Want to go,1mSquE0pnDeBv3otPCuMkxC6wzss,vibe,
Nishiyama Onsen Keiunkan,,35.554361899999996,138.3061003,,https://www.google.com/maps?ftid=0x601b897118e2d891:0xcb4665c3e919f93c,0x601b897118e2d891:0xcb4665c3e919f93c,,Zach J.,Want to go,1mSquE0pnDeBv3otPCuMkxC6wzss,🌊,water,want_to_go,Want to go,1mSquE0pnDeBv3otPCuMkxC6wzss,vibe,
Northernmost Point of the Contiguous US,"7600 Young's Bay Dr NW, Angle Inlet, MN 56711, United States",49.3450967,-94.96977559999999,,https://www.google.com/maps?ftid=0x52be51c805c89cd3:0x5aba1238c84b6dcd,0x52be51c805c89cd3:0x5aba1238c84b6dcd,/g/11ghqb35g0,Zach J.,Want to go,1mSquE0pnDeBv3otPCuMkxC6wzss,🌊,water,want_to_go,Want to go,1mSquE0pnDeBv3otPCuMkxC6wzss,vibe,
Ono River,"Sawara, Katori, Chiba 287-0003, Japan",35.8891821,140.498164,,https://www.google.com/maps?ftid=0x6022f7eeb28290a1:0xe642e8638b5a581e,0x6022f7eeb28290a1:0xe642e8638b5a581e,/g/1221scyz,Zach J.,Want to go,1mSquE0pnDeBv3otPCuMkxC6wzss,🌊,water,want_to_go,Want to go,1mSquE0pnDeBv3otPCuMkxC6wzss,vibe,
Original site of Dog River Grain Elevator,"53RP+CC, Rouleau, SK S0G 4H0",50.1910463,-104.9138838,,https://www.google.com/maps?ftid=0x53194d1bec150591:0x351426126ef7e7da,0x53194d1bec150591:0x351426126ef7e7da,/g/11s7mjbm9n,Zach J.,Want to go,1mSquE0pnDeBv3otPCuMkxC6wzss,🌊,water,want_to_go,Want to go,1mSquE0pnDeBv3otPCuMkxC6wzss,vibe,
Rainy River,"Rainy River, ON",48.722201899999995,-94.56843169999999,Caleb is here.,https://www.google.com/maps?ftid=0x52beb6b751e30f4d:0xbb013ed095fba8a6,0x52beb6b751e30f4d:0xbb013ed095fba8a6,/m/0498jl,Zach J.,Want to go,1mSquE0pnDeBv3otPCuMkxC6wzss,🌊,water,want_to_go,Want to go,1mSquE0pnDeBv3otPCuMkxC6wzss,vibe,
Rudas Thermal Bath,"Budapest, Döbrentei tér 9, 1013 Hungary",47.489298399999996,19.0478229,,https://www.google.com/maps?ftid=0x4741dc48793a07bf:0xe30c631dc2a0f87a,0x4741dc48793a07bf:0xe30c631dc2a0f87a,/m/0bb1sm,Zach J.,Want to go,1mSquE0pnDeBv3otPCuMkxC6wzss,🌊,water,want_to_go,Want to go,1mSquE0pnDeBv3otPCuMkxC6wzss,vibe,
Sky Lagoon,"Vesturvör 44-48 200, 200 Kópavogur, Iceland",64.1164891,-21.9462908,,https://www.google.com/maps?ftid=0x48d60b86ce2825a7:0x2abad76345ba6910,0x48d60b86ce2825a7:0x2abad76345ba6910,/g/11lt31jbvq,Zach J.,Want to go,1mSquE0pnDeBv3otPCuMkxC6wzss,🌊,water,want_to_go,Want to go,1mSquE0pnDeBv3otPCuMkxC6wzss,vibe,
Vök Baths,,65.3030639,-14.446987199999999,,https://www.google.com/maps?ftid=0x48cc0569a1a05311:0xf8cea54d5e6c23ca,0x48cc0569a1a05311:0xf8cea54d5e6c23ca,,Zach J.,Want to go,1mSquE0pnDeBv3otPCuMkxC6wzss,🌊,water,want_to_go,Want to go,1mSquE0pnDeBv3otPCuMkxC6wzss,vibe,
Wascana Lake,"Lakeshore Dr, Regina, SK S4S",50.4323766,-104.6099385,,https://www.google.com/maps?ftid=0x531c1f3424cd39f9:0xd96eded41f5fa897,0x531c1f3424cd39f9:0xd96eded41f5fa897,/g/11qg0mldvy,Zach J.,Want to go,1mSquE0pnDeBv3otPCuMkxC6wzss,🌊,water,want_to_go,Want to go,1mSquE0pnDeBv3otPCuMkxC6wzss,vibe,
Watersprite Lake,"Squamish-Lillooet D, BC V8B 0S6",49.7306211,-122.8946563,,https://www.google.com/maps?ftid=0x5486efd0edc2105d:0xae26c08a4ffebf4c,0x5486efd0edc2105d:0xae26c08a4ffebf4c,/g/11bw5xs3qv,Zach J.,Want to go,1mSquE0pnDeBv3otPCuMkxC6wzss,🌊,water,want_to_go,Want to go,1mSquE0pnDeBv3otPCuMkxC6wzss,vibe,
Watersprite Lake Trailhead,"Unnamed Rd, Squamish-Lillooet D, BC V8B 0S6",49.7521388,-122.93454249999999,,https://www.google.com/maps?ftid=0x5486f06fafbdcfad:0xae208271c31f5e66,0x5486f06fafbdcfad:0xae208271c31f5e66,/g/11bwqmhhsr,Zach J.,Want to go,1mSquE0pnDeBv3otPCuMkxC6wzss,🌊,water,want_to_go,Want to go,1mSquE0pnDeBv3otPCuMkxC6wzss,vibe,
Yick Cheong Building,"Yick Cheong Building, King's Rd, Quarry Bay",22.2842028,114.21230279999999,,https://www.google.com/maps?ftid=0x3404010b755d7fe5:0xa384513fc2c99ddd,0x3404010b755d7fe5:0xa384513fc2c99ddd,/g/155pwm1w,Zach J.,Want to go,1mSquE0pnDeBv3otPCuMkxC6wzss,🌊,water,want_to_go,Want to go,1mSquE0pnDeBv3otPCuMkxC6wzss,vibe,
McDonald's,"1035 W Randolph St, Chicago, IL 60607, United States",41.883820799999995,-87.6535796,,https://www.google.com/maps?ftid=0x880e2cd98178b831:0x663df746f8a99620,0x880e2cd98178b831:0x663df746f8a99620,/g/11f4_630rk,Zach J.,Illinois Places,jvmK2Q-VUEhCXxu8GrJbdro33fvGTw,📍,place,visited,Illinois Places,jvmK2Q-VUEhCXxu8GrJbdro33fvGTw,low,
McDonald's,"8540 West Fwy, White Settlement, TX 76108, United States",32.7388871,-97.4665019,,https://www.google.com/maps?ftid=0x864e0cec187eb09f:0x3af5c032f5fd10f0,0x864e0cec187eb09f:0x3af5c032f5fd10f0,/g/1tlvpyhh,Zach J.,Texas,1S_gekS-v4RZuZLaRNwLRkv_EUSNYw,📍,place,visited,Texas,1S_gekS-v4RZuZLaRNwLRkv_EUSNYw,low,
Starbucks,"3 Bd des Capucines, 75002 Paris",48.8709,2.33378,Bougie Bucks,https://www.google.com/maps?ftid=0x47e66e30bb0f68e5:0xd25d7e0c5257562d,0x47e66e30bb0f68e5:0xd25d7e0c5257562d,/g/1thxkcmh,Zach J.,France,1a9PFoaE6QmGPm2JEsIX4DjQqMe7dQ,📍,place,visited,France,1a9PFoaE6QmGPm2JEsIX4DjQqMe7dQ,low,
Moxy Frankfurt Airport,"Amelia-Mary-Earhart-Straße 5, 60549 Frankfurt am Main, Germany",50.0548985,8.5945518,,https://www.google.com/maps?ftid=0x47bd0ae170f2ae35:0xfddee952c1a60264,0x47bd0ae170f2ae35:0xfddee952c1a60264,/g/11c6lvwwzf,Zach J.,Deutschland Places,_xr3THKc69o0Q1Jj4xw49b6So0Yt2Q,✈️,transit,visited,Deutschland Places,_xr3THKc69o0Q1Jj4xw49b6So0Yt2Q,low,
The Walmart Museum,"105 N Main St, Bentonville, AR 72712, United States",36.3724383,-94.2090042,,https://www.google.com/maps?ftid=0x87c91a99c2cf5c35:0x4b08fab19cd5cb96,0x87c91a99c2cf5c35:0x4b08fab19cd5cb96,/g/1trsyjt6,Zach J.,Want to go,1mSquE0pnDeBv3otPCuMkxC6wzss,🏛️,museum,want_to_go,Want to go,1mSquE0pnDeBv3otPCuMkxC6wzss,low,
McDonald's,"R. Conselheiro Bivar 23 a 27, 8000-255 Faro, Portugal",37.016763499999996,-7.9356389,,https://www.google.com/maps?ftid=0xd0552c73c84af55:0xefdd829a99e8d22f,0xd0552c73c84af55:0xefdd829a99e8d22f,/g/11b6xhd0bb,Zach J.,Want to go,1mSquE0pnDeBv3otPCuMkxC6wzss,📍,place,want_to_go,Want to go,1mSquE0pnDeBv3otPCuMkxC6wzss,low,
Starbucks,"901 New York Ave NW, Washington, DC 20001, United States",38.90181,-77.02559,,https://www.google.com/maps?ftid=0x89b7b793ab8bc8bf:0x880ddbcd24f6ce23,0x89b7b793ab8bc8bf:0x880ddbcd24f6ce23,/g/1tfcd1sn,Zach J.,Want to go,1mSquE0pnDeBv3otPCuMkxC6wzss,📍,place,want_to_go,Want to go,1mSquE0pnDeBv3otPCuMkxC6wzss,low,
Tim Hortons,"93-40 Sutphin Blvd, Queens, NY 11435, United States",40.6991894,-73.8073556,,https://www.google.com/maps?ftid=0x89c260cff610701f:0xa901665e4f36c192,0x89c260cff610701f:0xa901665e4f36c192,/g/119wqfx9b,Zach J.,Want to go,1mSquE0pnDeBv3otPCuMkxC6wzss,📍,place,want_to_go,Want to go,1mSquE0pnDeBv3otPCuMkxC6wzss,low,
Walmart Supercenter,"406 S Walton Blvd, Bentonville, AR 72712, United States",36.3681884,-94.2242442,,https://www.google.com/maps?ftid=0x87c91aaf38e67703:0x83b2400ee84e7654,0x87c91aaf38e67703:0x83b2400ee84e7654,/m/03nzp8d,Zach J.,Want to go,1mSquE0pnDeBv3otPCuMkxC6wzss,📍,place,want_to_go,Want to go,1mSquE0pnDeBv3otPCuMkxC6wzss,low,
Airport Mesa,"483 Airport Rd, Sedona, AZ 86336, United States",34.855775,-111.7800623,,https://www.google.com/maps?ftid=0x872da14b79c7a2b5:0xf42cf16ec607e7da,0x872da14b79c7a2b5:0xf42cf16ec607e7da,/g/11bxftbrty,Zach J.,Want to go,1mSquE0pnDeBv3otPCuMkxC6wzss,✈️,transit,want_to_go,Want to go,1mSquE0pnDeBv3otPCuMkxC6wzss,low,
Greyhound: Bus Station,"4211 Broadway, New York, NY 10033, États-Unis",40.8487102,-73.9377064,Nice building,https://www.google.com/maps?ftid=0x89c2f6a040e8d101:0x8a6dd843ec9af3a0,0x89c2f6a040e8d101:0x8a6dd843ec9af3a0,/g/11fz9jykxw,Zach J.,Want to go,1mSquE0pnDeBv3otPCuMkxC6wzss,✈️,transit,want_to_go,Want to go,1mSquE0pnDeBv3otPCuMkxC6wzss,low,
Shanghai Pudong International Airport International Arrivals Terminal 2,"4RX3+QGJ, Pudong, Shanghai, China, 201207",31.149473999999998,121.803767,Take the mag-lev rain.,https://www.google.com/maps?ftid=0x35ad8fd836b09c99:0x5ff043712ada618e,0x35ad8fd836b09c99:0x5ff043712ada618e,/g/1tcvrv5j,Zach J.,Want to go,1mSquE0pnDeBv3otPCuMkxC6wzss,✈️,transit,want_to_go,Want to go,1mSquE0pnDeBv3otPCuMkxC6wzss,low,
SIXT Rent a Car - Denver International Airport (DEN),"23790 E 78th Ave, Denver, CO 80249, United States",39.837098999999995,-104.714328,,https://www.google.com/maps?ftid=0x876c674e0a4dca87:0xfa66c80620a24580,0x876c674e0a4dca87:0xfa66c80620a24580,/g/11ghpg7375,Zach J.,Want to go,1mSquE0pnDeBv3otPCuMkxC6wzss,✈️,transit,want_to_go,Want to go,1mSquE0pnDeBv3otPCuMkxC6wzss,low,
